Order ID,Order Date,Customer ID,Segment,Region,Category,Product Name,Quantity,Discount,Sales,Profit,Ship Mode,Profit Margin %,Order Month,Order Year
ORD-01098,2025-05-30,CUST-0047,Consumer,South,Clothing,Cotton T-Shirt,2,0.05,2308.08,175.96,Express,7.62,2025-05,2025
ORD-02434,2025-11-14,CUST-0661,Corporate,East,Electronics,Bluetooth Speaker,1,0.0,5868.36,1183.09,Standard,20.16,2025-11,2025
ORD-01751,2025-10-22,CUST-0992,Consumer,South,Furniture,Bed Side Table,1,0.0,5251.59,1531.64,Express,29.17,2025-10,2025
ORD-01294,2025-06-08,CUST-0377,Consumer,West,Electronics,Wireless Mouse,1,0.0,4779.36,503.88,Standard,10.54,2025-06,2025
ORD-02545,2025-10-23,CUST-0478,Consumer,East,Electronics,Bluetooth Speaker,1,0.0,5868.36,1183.09,Standard,20.16,2025-10,2025
ORD-02689,2025-12-18,CUST-1030,Consumer,West,Office Supplies,Whiteboard Marker Set,1,0.0,162.3,47.11,Express,29.03,2025-12,2025
ORD-01907,2024-04-18,CUST-1339,Corporate,East,Office Supplies,Sticky Notes Pack,1,0.1,220.71,29.0,Standard,13.14,2024-04,2024
ORD-02910,2024-10-07,CUST-0303,Consumer,East,Electronics,Bluetooth Speaker,2,0.0,11736.72,2366.17,Standard,20.16,2024-10,2024
ORD-02973,2024-01-11,CUST-1180,Consumer,South,Furniture,Filing Cabinet,1,0.15,6545.96,1350.92,Express,20.64,2024-01,2024
ORD-01459,2025-11-19,CUST-0057,Home Office,East,Furniture,Bed Side Table,1,0.0,5251.59,1531.64,Same Day,29.17,2025-11,2025
ORD-01466,2025-11-13,CUST-0129,Corporate,South,Furniture,Recliner Sofa,1,0.0,6837.7,654.65,Standard,9.57,2025-11,2025
ORD-02077,2025-04-20,CUST-0842,Corporate,East,Office Supplies,A4 Paper Ream,1,0.0,414.45,35.7,Standard,8.61,2025-04,2025
ORD-01341,2024-05-11,CUST-0999,Consumer,East,Office Supplies,Sticky Notes Pack,1,0.0,245.23,39.58,Standard,16.14,2024-05,2024
ORD-02098,2025-10-22,CUST-0844,Consumer,North,Electronics,Smartwatch,2,0.0,3302.1,873.15,Standard,26.44,2025-10,2025
ORD-01620,2025-12-27,CUST-1206,Corporate,West,Clothing,Cotton T-Shirt,1,0.0,1214.78,110.83,Standard,9.12,2025-12,2025
ORD-01356,2024-05-30,CUST-0247,Home Office,West,Office Supplies,Sticky Notes Pack,1,0.1,220.71,29.0,Express,13.14,2024-05,2024
ORD-01603,2024-06-25,CUST-0257,Consumer,West,Furniture,Recliner Sofa,1,0.0,6837.7,654.65,Same Day,9.57,2024-06,2024
ORD-02244,2025-05-21,CUST-0766,Consumer,South,Office Supplies,Ballpoint Pen Box,2,0.0,160.64,54.57,Standard,33.97,2025-05,2025
ORD-03017,2025-03-03,CUST-0733,Corporate,East,Clothing,Woolen Sweater,1,0.0,1899.39,546.14,Express,28.75,2025-03,2025
ORD-01834,2025-04-29,CUST-0463,Home Office,North,Office Supplies,Desk Organizer,4,0.05,686.81,77.42,Express,11.27,2025-04,2025
ORD-01140,2025-01-21,CUST-0369,Consumer,South,Clothing,Denim Jeans,1,0.05,501.12,112.08,Standard,22.37,2025-01,2025
ORD-01084,2025-11-01,CUST-1191,Consumer,North,Electronics,Power Bank 10000mAh,1,0.05,1541.99,379.1,Standard,24.59,2025-11,2025
ORD-01576,2025-04-26,CUST-1327,Corporate,North,Furniture,Bed Side Table,1,0.0,5251.59,1531.64,Standard,29.17,2025-04,2025
ORD-01608,2024-01-07,CUST-0996,Consumer,West,Furniture,Bookshelf,2,0.0,2603.2,703.89,Express,27.04,2024-01,2024
ORD-01100,2024-02-14,CUST-0460,Corporate,North,Electronics,Wireless Mouse,2,0.0,9558.72,1007.76,Standard,10.54,2024-02,2024
ORD-01684,2024-11-23,CUST-0229,Corporate,South,Clothing,Denim Jeans,1,0.0,527.49,125.89,Standard,23.87,2024-11,2024
ORD-02818,2024-05-26,CUST-0744,Corporate,West,Clothing,Cotton T-Shirt,1,0.0,1214.78,110.83,Express,9.12,2024-05,2024
ORD-01458,2025-07-12,CUST-1151,Home Office,South,Electronics,Bluetooth Speaker,1,0.0,5868.36,1183.09,Standard,20.16,2025-07,2025
ORD-02379,2024-11-18,CUST-1124,Consumer,West,Furniture,Bean Bag,2,0.0,15066.08,1671.18,Standard,11.09,2024-11,2024
ORD-01970,2025-11-04,CUST-0172,Corporate,East,Furniture,Bean Bag,1,0.0,7533.04,835.59,Standard,11.09,2025-11,2025
ORD-02037,2025-11-16,CUST-1090,Corporate,East,Electronics,Power Bank 10000mAh,1,0.15,1379.68,297.8,Standard,21.58,2025-11,2025
ORD-02619,2025-05-19,CUST-0373,Home Office,North,Furniture,Bed Side Table,2,0.0,10503.18,3063.28,Standard,29.17,2025-05,2025
ORD-02230,2024-05-23,CUST-0305,Consumer,South,Office Supplies,Sticky Notes Pack,1,0.0,245.23,39.58,Standard,16.14,2024-05,2024
ORD-01968,2025-12-13,CUST-1046,Corporate,East,Furniture,Bean Bag,2,0.0,15066.08,1671.18,Standard,11.09,2025-12,2025
ORD-02699,2024-11-09,CUST-0551,Corporate,South,Office Supplies,Whiteboard Marker Set,2,0.0,324.6,94.22,Standard,29.03,2024-11,2024
ORD-02726,2024-02-16,CUST-0745,Corporate,West,Office Supplies,File Folder Pack,2,0.0,330.46,106.97,Standard,32.37,2024-02,2024
ORD-01948,2024-01-20,CUST-0693,Corporate,North,Office Supplies,Desk Organizer,1,0.05,171.7,19.36,Standard,11.28,2024-01,2024
ORD-01233,2024-04-16,CUST-0436,Consumer,South,Clothing,Woolen Sweater,2,0.0,3798.78,1092.28,Standard,28.75,2024-04,2024
ORD-01590,2025-12-10,CUST-0070,Consumer,South,Electronics,Laptop Stand,1,0.0,1827.09,457.78,Same Day,25.06,2025-12,2025
ORD-02774,2024-06-23,CUST-1067,Corporate,North,Clothing,Sports Cap,2,0.0,3037.76,332.07,Standard,10.93,2024-06,2024
ORD-02780,2024-10-18,CUST-0893,Consumer,North,Clothing,Cotton T-Shirt,1,0.0,1214.78,110.83,Express,9.12,2024-10,2024
ORD-01960,2025-03-23,CUST-0609,Consumer,East,Electronics,Noise Cancelling Headphones,1,0.05,4458.99,1226.95,Standard,27.52,2025-03,2025
ORD-02246,2025-03-30,CUST-1373,Corporate,North,Electronics,Smartwatch,1,0.1,1485.94,348.34,Standard,23.44,2025-03,2025
ORD-02717,2025-02-25,CUST-0434,Corporate,East,Office Supplies,A4 Paper Ream,1,0.0,414.45,35.7,Standard,8.61,2025-02,2025
ORD-02047,2024-05-27,CUST-0483,Consumer,North,Furniture,Bed Side Table,1,0.15,4463.85,1101.02,Standard,24.67,2024-05,2024
ORD-02129,2025-05-09,CUST-1288,Consumer,North,Electronics,Smartwatch,2,0.0,3302.1,873.15,Express,26.44,2025-05,2025
ORD-02814,2024-04-26,CUST-1363,Consumer,North,Office Supplies,Desk Organizer,2,0.05,343.41,38.71,Standard,11.27,2024-04,2024
ORD-02399,2024-05-18,CUST-0590,Consumer,West,Electronics,Noise Cancelling Headphones,2,0.05,8917.97,2453.9,Standard,27.52,2024-05,2024
ORD-01724,2024-12-01,CUST-1196,Corporate,North,Electronics,Noise Cancelling Headphones,1,0.0,4693.67,1361.93,Standard,29.02,2024-12,2024
ORD-02739,2025-10-15,CUST-0779,Consumer,East,Furniture,Filing Cabinet,2,0.1,13862.03,3068.69,Standard,22.14,2025-10,2025
ORD-01951,2025-11-13,CUST-0622,Consumer,South,Furniture,Filing Cabinet,1,0.0,7701.13,1935.86,Standard,25.14,2025-11,2025
ORD-02142,2024-12-26,CUST-0822,Consumer,West,Office Supplies,Sticky Notes Pack,1,0.0,245.23,39.58,Standard,16.14,2024-12,2024
ORD-01306,2025-03-31,CUST-0284,Consumer,South,Electronics,Smartwatch,1,0.0,1651.05,436.58,Same Day,26.44,2025-03,2025
ORD-01902,2025-05-04,CUST-0663,Corporate,West,Electronics,Noise Cancelling Headphones,1,0.0,9387.34,2723.86,Standard,29.02,2025-05,2025
ORD-01004,2024-07-01,CUST-1054,Corporate,East,Furniture,Filing Cabinet,1,0.0,7701.13,1935.86,Express,25.14,2024-07,2024
ORD-02143,2025-04-23,CUST-0972,Consumer,East,Clothing,Formal Shirt,1,0.0,2022.02,206.93,Standard,10.23,2025-04,2025
ORD-02985,2025-03-30,CUST-0030,Consumer,South,Clothing,Hoodie,1,0.0,1557.8,323.78,Standard,20.78,2025-03,2025
ORD-01786,2024-01-13,CUST-1192,Consumer,South,Clothing,Sports Cap,2,0.0,3037.76,332.07,Standard,10.93,2024-01,2024
ORD-02531,2025-11-29,CUST-0410,Consumer,South,Clothing,Sports Cap,1,0.0,1518.88,166.04,Standard,10.93,2025-11,2025
ORD-02200,2024-04-17,CUST-0047,Corporate,South,Office Supplies,Whiteboard Marker Set,2,0.0,324.6,94.22,Standard,29.03,2024-04,2024
ORD-01831,2025-09-04,CUST-0453,Consumer,West,Clothing,Cotton T-Shirt,4,0.0,4859.12,443.33,Standard,9.12,2025-09,2025
ORD-02041,2024-12-20,CUST-0655,Consumer,East,Electronics,Wireless Mouse,1,0.0,4779.36,503.88,Standard,10.54,2024-12,2024
ORD-02760,2024-04-06,CUST-0795,Consumer,East,Furniture,Study Table,1,0.0,6547.2,770.82,Express,11.77,2024-04,2024
ORD-01929,2025-01-14,CUST-0863,Consumer,West,Clothing,Running Shoes,2,0.05,2019.91,453.57,Standard,22.45,2025-01,2025
ORD-02757,2024-02-08,CUST-1003,Consumer,South,Electronics,Bluetooth Speaker,1,0.0,5868.36,1183.09,Standard,20.16,2024-02,2024
ORD-01318,2024-02-06,CUST-1233,Corporate,North,Clothing,Hoodie,1,0.15,1324.13,215.62,Standard,16.28,2024-02,2024
ORD-02345,2024-10-17,CUST-0016,Corporate,West,Clothing,Sports Cap,1,0.1,1366.99,108.42,Standard,7.93,2024-10,2024
ORD-01411,2025-06-07,CUST-0781,Home Office,North,Furniture,Study Table,2,0.05,12439.68,1277.97,Express,10.27,2025-06,2025
ORD-01481,2024-11-16,CUST-1034,Consumer,East,Clothing,Woolen Sweater,1,0.0,1899.39,546.14,Standard,28.75,2024-11,2024
ORD-02466,2025-02-23,CUST-0488,Consumer,West,Electronics,Wireless Mouse,1,0.1,4301.42,324.45,Standard,7.54,2025-02,2025
ORD-02156,2024-03-15,CUST-0886,Consumer,North,Clothing,Denim Jeans,2,0.05,1002.23,224.16,Standard,22.37,2024-03,2024
ORD-01202,2025-04-28,CUST-0613,Home Office,South,Clothing,Formal Shirt,1,0.0,2022.02,206.93,Standard,10.23,2025-04,2025
ORD-01306,2025-03-31,CUST-0284,Consumer,South,Office Supplies,Whiteboard Marker Set,1,0.0,162.3,34.66,Same Day,21.36,2025-03,2025
ORD-01597,2024-07-24,CUST-1305,Corporate,West,Office Supplies,Stapler,1,0.0,252.46,54.35,Standard,21.53,2024-07,2024
ORD-01529,2025-07-21,CUST-0780,Consumer,East,Office Supplies,File Folder Pack,1,0.0,165.23,53.49,Standard,32.37,2025-07,2025
ORD-02643,2024-12-14,CUST-0284,Consumer,North,Clothing,Running Shoes,1,0.05,1009.95,226.78,Standard,22.45,2024-12,2024
ORD-02603,2025-06-22,CUST-1351,Consumer,West,Electronics,Wireless Mouse,1,0.1,4301.42,324.45,Standard,7.54,2025-06,2025
ORD-01513,2025-12-21,CUST-0801,Consumer,South,Electronics,Noise Cancelling Headphones,1,0.0,4693.67,1361.93,Standard,29.02,2025-12,2025
ORD-01647,2025-11-08,CUST-1272,Consumer,North,Clothing,Denim Jeans,1,0.0,527.49,125.89,Express,23.87,2025-11,2025
ORD-02414,2025-09-12,CUST-0486,Corporate,South,Electronics,USB-C Charger,1,0.0,2602.31,519.74,Standard,19.97,2025-09,2025
ORD-01445,2024-09-20,CUST-0982,Home Office,South,Furniture,Bean Bag,1,0.0,7533.04,835.59,Standard,11.09,2024-09,2024
ORD-03033,2025-06-06,CUST-0648,Consumer,West,Electronics,Power Bank 10000mAh,1,0.0,1623.15,423.4,Standard,26.09,2025-06,2025
ORD-02896,2025-02-26,CUST-1095,Home Office,East,Electronics,USB-C Charger,1,0.0,2602.31,519.74,Express,19.97,2025-02,2025
ORD-01143,2024-11-10,CUST-0744,Corporate,West,Electronics,Noise Cancelling Headphones,1,0.0,4693.67,1361.93,Standard,29.02,2024-11,2024
ORD-01869,2025-08-30,CUST-0102,Consumer,North,Clothing,Formal Shirt,1,0.05,1920.92,167.77,Express,8.73,2025-08,2025
ORD-02816,2024-12-14,CUST-1097,Corporate,West,Office Supplies,Sticky Notes Pack,1,0.0,245.23,39.58,Standard,16.14,2024-12,2024
ORD-01164,2024-10-07,CUST-0215,Consumer,South,Clothing,Woolen Sweater,1,0.0,1899.39,546.14,Standard,28.75,2024-10,2024
ORD-02140,2025-06-21,CUST-1137,Home Office,South,Clothing,Rain Jacket,1,0.0,1265.61,108.63,Standard,8.58,2025-06,2025
ORD-01211,2025-11-24,CUST-0859,Consumer,South,Office Supplies,Whiteboard Marker Set,1,0.0,162.3,47.11,Express,29.03,2025-11,2025
ORD-01771,2024-01-29,CUST-1099,Consumer,South,Office Supplies,Ballpoint Pen Box,1,0.0,80.32,27.29,Standard,33.98,2024-01,2024
ORD-02600,2025-02-01,CUST-0750,Consumer,South,Electronics,Webcam HD,1,0.0,4621.72,955.68,Standard,20.68,2025-02,2025
ORD-01441,2025-05-25,CUST-0452,Corporate,East,Office Supplies,Printer Ink Cartridge,1,0.0,370.95,92.51,Standard,24.94,2025-05,2025
ORD-02359,2025-10-14,CUST-1024,Consumer,East,Furniture,Bean Bag,3,0.0,22599.12,2506.76,Express,11.09,2025-10,2025
ORD-02306,2025-03-21,CUST-0064,Consumer,West,Electronics,Power Bank 10000mAh,2,0.0,3246.3,846.8,Standard,26.09,2025-03,2025
ORD-01647,2025-11-08,CUST-1272,Consumer,North,Clothing,Denim Jeans,1,0.0,527.49,125.89,Express,23.87,2025-11,2025
ORD-02464,2025-09-01,CUST-0822,Home Office,West,Office Supplies,Whiteboard Marker Set,1,0.05,154.18,42.44,Express,27.53,2025-09,2025
ORD-02665,2024-06-23,CUST-0710,Consumer,West,Office Supplies,Desk Organizer,1,0.0,180.74,23.09,Standard,12.78,2024-06,2024
ORD-02274,2025-01-14,CUST-0837,Corporate,South,Office Supplies,A4 Paper Ream,1,0.05,393.73,28.01,Standard,7.11,2025-01,2025
ORD-03045,2025-07-25,CUST-0122,Home Office,South,Office Supplies,File Folder Pack,1,0.1,148.71,43.68,Standard,29.37,2025-07,2025
ORD-01547,2024-04-15,CUST-1250,Corporate,West,Furniture,Bean Bag,2,0.0,15066.08,1671.18,Standard,11.09,2024-04,2024
ORD-01966,2025-01-29,CUST-1215,Home Office,North,Office Supplies,Whiteboard Marker Set,4,0.0,649.2,188.44,Express,29.03,2025-01,2025
ORD-01602,2024-08-24,CUST-0796,Consumer,North,Electronics,Noise Cancelling Headphones,2,0.0,9387.34,2723.86,Standard,29.02,2024-08,2024
ORD-01362,2024-02-26,CUST-0504,Consumer,West,Electronics,Webcam HD,2,0.0,9243.44,1911.36,Standard,20.68,2024-02,2024
ORD-01775,2025-06-11,CUST-0164,Consumer,North,Electronics,Smartwatch,1,0.15,1403.39,307.94,Standard,21.94,2025-06,2025
ORD-02630,2024-12-26,CUST-1374,Consumer,South,Clothing,Woolen Sweater,1,0.0,1899.39,546.14,Standard,28.75,2024-12,2024
ORD-02045,2025-07-11,CUST-0061,Consumer,East,Clothing,Sports Cap,1,0.0,1518.88,166.04,Express,10.93,2025-07,2025
ORD-01567,2025-12-14,CUST-0310,Consumer,West,Furniture,Bookshelf,1,0.05,1236.52,315.8,Standard,25.54,2025-12,2025
ORD-02635,2024-03-07,CUST-1370,Consumer,North,Clothing,Running Shoes,1,0.0,1063.11,254.67,Express,23.96,2024-03,2024
ORD-01949,2025-08-03,CUST-0238,Home Office,West,Clothing,Hoodie,1,0.05,1479.91,285.39,Standard,19.28,2025-08,2025
ORD-01225,2025-08-20,CUST-0219,Consumer,East,Electronics,Webcam HD,2,0.05,8781.27,1684.07,Standard,19.18,2025-08,2025
ORD-01548,2024-03-14,CUST-0434,Consumer,East,Office Supplies,A4 Paper Ream,2,0.0,828.9,71.4,Same Day,8.61,2024-03,2024
ORD-03050,2024-05-24,CUST-1232,Consumer,West,Office Supplies,Printer Ink Cartridge,3,0.0,1112.85,277.52,Standard,24.94,2024-05,2024
ORD-01010,2025-10-16,CUST-0848,Corporate,North,Office Supplies,A4 Paper Ream,2,0.0,828.9,71.4,Standard,8.61,2025-10,2025
ORD-02895,2024-05-27,CUST-0424,Home Office,North,Clothing,Formal Shirt,1,0.0,2022.02,206.93,Express,10.23,2024-05,2024
ORD-01761,2024-02-08,CUST-1051,Consumer,North,Furniture,Recliner Sofa,2,0.05,12991.63,1048.97,Standard,8.07,2024-02,2024
ORD-01532,2025-08-22,CUST-0657,Consumer,West,Clothing,Formal Shirt,1,0.0,2022.02,206.93,Standard,10.23,2025-08,2025
ORD-02763,2025-07-22,CUST-0017,Consumer,East,Office Supplies,Desk Organizer,4,0.0,722.96,92.34,Standard,12.77,2025-07,2025
ORD-02276,2025-12-07,CUST-0799,Consumer,South,Office Supplies,Ballpoint Pen Box,2,0.0,160.64,54.57,Express,33.97,2025-12,2025
ORD-01317,2025-08-14,CUST-0639,Consumer,South,Electronics,Laptop Stand,2,0.0,3654.18,915.55,Express,25.05,2025-08,2025
ORD-01508,2024-05-07,CUST-1325,Corporate,East,Furniture,Bed Side Table,2,0.0,10503.18,3063.28,Standard,29.17,2024-05,2024
ORD-01944,2025-08-17,CUST-0273,Consumer,West,Clothing,Sports Cap,1,0.05,1442.94,136.09,Standard,9.43,2025-08,2025
ORD-01719,2025-12-10,CUST-0998,Corporate,South,Electronics,Webcam HD,1,0.1,4159.55,735.33,Standard,17.68,2025-12,2025
ORD-02645,2025-02-15,CUST-0849,Consumer,West,Furniture,Filing Cabinet,1,0.0,7701.13,1935.86,Standard,25.14,2025-02,2025
ORD-02301,2024-05-12,CUST-0706,Consumer,North,Electronics,Noise Cancelling Headphones,1,0.0,4693.67,1361.93,Standard,29.02,2024-05,2024
ORD-02854,2025-11-19,CUST-0378,Consumer,West,Electronics,Power Bank 10000mAh,2,0.0,3246.3,846.8,Standard,26.09,2025-11,2025
ORD-01484,2025-02-16,CUST-0374,Corporate,West,Electronics,Noise Cancelling Headphones,1,0.15,3989.62,978.11,Express,24.52,2025-02,2025
ORD-01269,2025-08-04,CUST-0987,Corporate,West,Furniture,Bed Side Table,4,0.0,21006.36,6126.56,Standard,29.17,2025-08,2025
ORD-01101,2024-02-11,CUST-1204,Corporate,West,Furniture,Filing Cabinet,1,0.0,7701.13,1935.86,Standard,25.14,2024-02,2024
ORD-02536,2025-02-05,CUST-0209,Home Office,North,Electronics,Power Bank 10000mAh,2,0.0,3246.3,846.8,Standard,26.09,2025-02,2025
ORD-02867,2024-03-09,CUST-0272,Consumer,West,Furniture,Filing Cabinet,2,0.0,15402.26,3871.73,Express,25.14,2024-03,2024
ORD-02709,2025-07-23,CUST-1248,Home Office,West,Office Supplies,Desk Organizer,2,0.0,361.48,46.17,Standard,12.77,2025-07,2025
ORD-02573,2024-03-23,CUST-1263,Consumer,South,Clothing,Running Shoes,1,0.0,1063.11,254.67,Standard,23.96,2024-03,2024
ORD-01100,2024-02-14,CUST-0460,Corporate,North,Furniture,Office Chair,2,0.0,25381.92,7734.13,Standard,30.47,2024-02,2024
ORD-02124,2025-02-02,CUST-0644,Corporate,East,Office Supplies,Desk Organizer,2,0.15,307.26,25.42,Standard,8.27,2025-02,2025
ORD-01256,2025-09-15,CUST-1018,Consumer,South,Office Supplies,Sticky Notes Pack,1,0.1,220.71,29.0,Standard,13.14,2025-09,2025
ORD-01414,2024-05-13,CUST-0471,Home Office,West,Clothing,Cotton T-Shirt,1,0.0,1214.78,110.83,Express,9.12,2024-05,2024
ORD-02676,2024-10-24,CUST-0135,Corporate,East,Electronics,Laptop Stand,1,0.0,1827.09,457.78,Express,25.06,2024-10,2024
ORD-02569,2024-10-12,CUST-1356,Consumer,East,Office Supplies,File Folder Pack,1,0.0,165.23,53.49,Standard,32.37,2024-10,2024
ORD-01551,2025-10-01,CUST-0468,Consumer,North,Clothing,Sports Cap,1,0.05,1442.94,136.09,Express,9.43,2025-10,2025
ORD-03032,2024-12-02,CUST-0123,Home Office,North,Electronics,Power Bank 10000mAh,2,0.05,3083.98,758.2,Standard,24.59,2024-12,2024
ORD-02603,2025-06-22,CUST-1351,Consumer,West,Electronics,Webcam HD,2,0.0,9243.44,1911.36,Standard,20.68,2025-06,2025
ORD-02498,2025-03-20,CUST-1315,Consumer,North,Clothing,Denim Jeans,1,0.0,527.49,125.89,Standard,23.87,2025-03,2025
ORD-02074,2024-11-27,CUST-0174,Consumer,South,Electronics,Noise Cancelling Headphones,1,0.0,4693.67,1361.93,Standard,29.02,2024-11,2024
ORD-01234,2025-12-05,CUST-0707,Corporate,North,Clothing,Woolen Sweater,1,0.0,1899.39,546.14,Standard,28.75,2025-12,2025
ORD-01370,2024-11-28,CUST-1351,Corporate,West,Electronics,Power Bank 10000mAh,1,0.0,1623.15,423.4,Standard,26.09,2024-11,2024
ORD-02601,2024-03-12,CUST-0347,Corporate,South,Office Supplies,Stapler,2,0.0,504.92,108.7,Express,21.53,2024-03,2024
ORD-01392,2025-12-08,CUST-0614,Consumer,South,Electronics,Laptop Stand,2,0.0,3654.18,915.55,Standard,25.05,2025-12,2025
ORD-02652,2025-07-13,CUST-0641,Consumer,North,Office Supplies,Whiteboard Marker Set,1,0.0,162.3,47.11,Same Day,29.03,2025-07,2025
ORD-01397,2024-06-05,CUST-1287,Consumer,East,Furniture,Recliner Sofa,3,0.0,20513.1,1963.96,Standard,9.57,2024-06,2024
ORD-02355,2025-12-30,CUST-0054,Consumer,West,Electronics,Wireless Mouse,1,0.0,4779.36,503.88,Standard,10.54,2025-12,2025
ORD-02450,2024-03-22,CUST-0250,Home Office,West,Furniture,Bed Side Table,2,0.15,8927.7,2202.04,Express,24.67,2024-03,2024
ORD-02681,2024-07-18,CUST-1258,Consumer,South,Furniture,Recliner Sofa,1,0.0,6837.7,654.65,Standard,9.57,2024-07,2024
ORD-02542,2025-10-13,CUST-0085,Corporate,East,Office Supplies,Ballpoint Pen Box,2,0.15,136.54,40.24,Standard,29.47,2025-10,2025
ORD-02399,2024-05-18,CUST-0590,Consumer,West,Clothing,Sports Cap,2,0.0,3037.76,332.07,Standard,10.93,2024-05,2024
ORD-01598,2024-08-31,CUST-1303,Consumer,East,Electronics,Power Bank 10000mAh,1,0.15,1379.68,297.8,Standard,21.58,2024-08,2024
ORD-02409,2025-07-06,CUST-0419,Consumer,North,Furniture,Filing Cabinet,2,0.1,13862.03,3068.69,Standard,22.14,2025-07,2025
ORD-02926,2024-01-14,CUST-1211,Consumer,South,Furniture,Wall Shelf,1,0.0,8917.06,1764.81,Standard,19.79,2024-01,2024
ORD-01605,2024-02-25,CUST-0209,Home Office,North,Electronics,Laptop Stand,2,0.0,3654.18,915.55,Express,25.05,2024-02,2024
ORD-02178,2024-03-11,CUST-1144,Consumer,East,Office Supplies,Stapler,1,0.15,214.59,36.54,Same Day,17.03,2024-03,2024
ORD-01160,2025-11-17,CUST-0362,Corporate,West,Office Supplies,Ballpoint Pen Box,2,0.1,144.58,44.78,Standard,30.97,2025-11,2025
ORD-01980,2025-10-20,CUST-1385,Consumer,East,Office Supplies,Stapler,4,0.0,1009.84,217.4,Standard,21.53,2025-10,2025
ORD-02241,2025-01-30,CUST-0495,Consumer,East,Clothing,Formal Shirt,1,0.0,2022.02,206.93,Express,10.23,2025-01,2025
ORD-02988,2025-03-30,CUST-1155,Corporate,South,Electronics,Bluetooth Speaker,1,0.0,5868.36,1183.09,Standard,20.16,2025-03,2025
ORD-01273,2024-02-22,CUST-1359,Consumer,West,Electronics,Smartwatch,1,0.15,1403.39,307.94,Standard,21.94,2024-02,2024
ORD-01167,2024-05-17,CUST-0722,Home Office,East,Office Supplies,Sticky Notes Pack,1,0.05,232.97,34.11,Standard,14.64,2024-05,2024
ORD-02982,2025-05-09,CUST-1250,Consumer,East,Furniture,Wall Shelf,2,0.0,17834.12,3529.62,Express,19.79,2025-05,2025
ORD-02586,2024-12-29,CUST-1244,Consumer,North,Furniture,Bed Side Table,3,0.1,14179.29,3710.05,Standard,26.17,2024-12,2024
ORD-02232,2025-10-20,CUST-1015,Corporate,South,Electronics,Bluetooth Speaker,1,0.0,5868.36,1183.09,Standard,20.16,2025-10,2025
ORD-01030,2024-10-20,CUST-0525,Consumer,North,Office Supplies,Whiteboard Marker Set,1,0.0,162.3,47.11,Express,29.03,2024-10,2024
ORD-01349,2025-12-02,CUST-0119,Home Office,South,Office Supplies,Ballpoint Pen Box,1,0.1,72.29,22.39,Express,30.97,2025-12,2025
ORD-02377,2025-04-26,CUST-1164,Corporate,North,Office Supplies,Whiteboard Marker Set,3,0.0,486.9,141.33,Standard,29.03,2025-04,2025
ORD-01085,2024-10-04,CUST-1173,Consumer,North,Electronics,Noise Cancelling Headphones,1,0.0,4693.67,1361.93,Standard,29.02,2024-10,2024
ORD-02807,2025-12-30,CUST-0293,Consumer,North,Clothing,Running Shoes,2,0.1,1913.6,400.99,Same Day,20.95,2025-12,2025
ORD-01698,2024-05-16,CUST-0556,Consumer,East,Electronics,USB-C Charger,2,0.0,5204.62,1039.48,Standard,19.97,2024-05,2024
ORD-01868,2024-03-30,CUST-0355,Consumer,North,Office Supplies,Stapler,1,0.0,252.46,54.35,Standard,21.53,2024-03,2024
ORD-01232,2024-02-04,CUST-0150,Consumer,North,Office Supplies,Ballpoint Pen Box,1,0.0,80.32,27.29,Standard,33.98,2024-02,2024
ORD-02277,2024-12-25,CUST-0095,Corporate,West,Office Supplies,Desk Organizer,1,0.15,153.63,12.71,Standard,8.27,2024-12,2024
ORD-01723,2024-03-26,CUST-0450,Consumer,North,Electronics,Noise Cancelling Headphones,1,0.0,4693.67,1361.93,Same Day,29.02,2024-03,2024
ORD-01229,2024-05-24,CUST-0366,Home Office,South,Office Supplies,Ballpoint Pen Box,1,0.1,72.29,22.39,Standard,30.97,2024-05,2024
ORD-02734,2025-12-10,CUST-1191,Corporate,North,Clothing,Rain Jacket,1,0.0,1265.61,108.63,Same Day,8.58,2025-12,2025
ORD-02488,2025-07-11,CUST-1388,Consumer,West,Clothing,Hoodie,1,0.05,1479.91,285.39,Standard,19.28,2025-07,2025
ORD-02571,2025-01-26,CUST-0152,Consumer,North,Electronics,Wireless Mouse,4,0.0,19117.44,2015.51,Express,10.54,2025-01,2025
ORD-02593,2024-03-29,CUST-0293,Consumer,East,Furniture,Wall Shelf,2,0.0,17834.12,3529.62,Standard,19.79,2024-03,2024
ORD-02973,2024-01-11,CUST-1180,Consumer,South,Furniture,Study Table,2,0.1,11784.96,1033.93,Express,8.77,2024-01,2024
ORD-01217,2024-06-30,CUST-0424,Consumer,South,Office Supplies,Desk Organizer,1,0.0,180.74,23.09,Express,12.78,2024-06,2024
ORD-01123,2024-08-28,CUST-1215,Home Office,South,Electronics,Webcam HD,1,0.0,4621.72,955.68,Standard,20.68,2024-08,2024
ORD-02271,2024-10-06,CUST-0446,Corporate,North,Electronics,Smartwatch,1,0.05,1568.5,391.22,Same Day,24.94,2024-10,2024
ORD-01872,2024-02-17,CUST-0826,Home Office,North,Furniture,Wall Shelf,1,0.1,8025.35,1347.57,Standard,16.79,2024-02,2024
ORD-02851,2025-01-08,CUST-0637,Consumer,South,Electronics,Laptop Stand,1,0.15,1553.03,319.22,Standard,20.55,2025-01,2025
ORD-02911,2025-05-03,CUST-0617,Home Office,North,Electronics,Wireless Mouse,1,0.0,4779.36,503.88,Standard,10.54,2025-05,2025
ORD-02592,2025-04-11,CUST-0647,Consumer,North,Office Supplies,Sticky Notes Pack,1,0.0,245.23,39.58,Express,16.14,2025-04,2025
ORD-02467,2024-11-21,CUST-0008,Consumer,East,Electronics,Webcam HD,1,0.1,4159.55,735.33,Standard,17.68,2024-11,2024
ORD-02476,2024-03-09,CUST-1288,Consumer,North,Office Supplies,Desk Organizer,1,0.0,180.74,23.09,Standard,12.78,2024-03,2024
ORD-02471,2025-11-14,CUST-0427,Corporate,East,Furniture,Bean Bag,1,0.2,6026.43,306.88,Standard,5.09,2025-11,2025
ORD-02214,2024-01-23,CUST-0733,Home Office,South,Office Supplies,A4 Paper Ream,1,0.0,414.45,35.7,Standard,8.61,2024-01,2024
ORD-01387,2025-03-01,CUST-0855,Consumer,East,Office Supplies,Whiteboard Marker Set,2,0.0,324.6,94.22,Express,29.03,2025-03,2025
ORD-02920,2025-02-03,CUST-0551,Consumer,East,Clothing,Cotton T-Shirt,1,0.0,1214.78,110.83,Standard,9.12,2025-02,2025
ORD-02418,2024-07-08,CUST-1265,Consumer,East,Electronics,Noise Cancelling Headphones,1,0.05,4458.99,1226.95,Standard,27.52,2024-07,2024
ORD-01838,2024-04-21,CUST-1131,Corporate,East,Furniture,Wall Shelf,1,0.0,8917.06,1764.81,Standard,19.79,2024-04,2024
ORD-01753,2025-04-10,CUST-0559,Corporate,South,Clothing,Running Shoes,1,0.0,1063.11,254.67,Standard,23.96,2025-04,2025
ORD-03027,2025-01-28,CUST-0546,Corporate,West,Clothing,Woolen Sweater,1,0.0,7597.56,2184.56,Standard,28.75,2025-01,2025
ORD-01474,2025-06-17,CUST-0456,Corporate,West,Electronics,Laptop Stand,1,0.0,1827.09,457.78,Express,25.06,2025-06,2025
ORD-01188,2024-03-28,CUST-0769,Corporate,East,Office Supplies,Desk Organizer,1,0.0,180.74,23.09,Standard,12.78,2024-03,2024
ORD-02633,2025-07-18,CUST-0550,Consumer,North,Electronics,Smartwatch,1,0.2,1320.84,270.01,Standard,20.44,2025-07,2025
ORD-02188,2025-08-16,CUST-0104,Consumer,West,Clothing,Rain Jacket,1,0.0,1265.61,108.63,Express,8.58,2025-08,2025
ORD-02228,2025-04-28,CUST-0533,Consumer,South,Office Supplies,Ballpoint Pen Box,2,0.15,136.54,40.24,Standard,29.47,2025-04,2025
ORD-01119,2024-10-30,CUST-0049,Corporate,North,Electronics,USB-C Charger,1,0.0,2602.31,519.74,Standard,19.97,2024-10,2024
ORD-02001,2024-04-29,CUST-1052,Corporate,East,Furniture,Office Chair,1,0.0,12690.96,3867.06,Express,30.47,2024-04,2024
ORD-01552,2025-06-20,CUST-0078,Home Office,South,Office Supplies,Ballpoint Pen Box,2,0.05,152.61,49.55,Express,32.47,2025-06,2025
ORD-02051,2024-06-01,CUST-0865,Consumer,West,Furniture,Bookshelf,1,0.0,1301.6,351.95,Standard,27.04,2024-06,2024
ORD-02513,2024-10-17,CUST-1237,Consumer,North,Office Supplies,Ballpoint Pen Box,1,0.0,80.32,27.29,Standard,33.98,2024-10,2024
ORD-01788,2025-05-20,CUST-0462,Consumer,East,Electronics,Noise Cancelling Headphones,1,0.1,4224.3,1099.01,Express,26.02,2025-05,2025
ORD-02989,2024-06-09,CUST-0840,Corporate,East,Clothing,Formal Shirt,1,0.0,2022.02,206.93,Standard,10.23,2024-06,2024
ORD-02060,2024-01-03,CUST-0370,Corporate,East,Office Supplies,Desk Organizer,1,0.05,171.7,19.36,Same Day,11.28,2024-01,2024
ORD-01077,2024-05-17,CUST-0970,Consumer,East,Office Supplies,Whiteboard Marker Set,1,0.0,162.3,47.11,Standard,29.03,2024-05,2024
ORD-02788,2025-05-25,CUST-1236,Consumer,South,Office Supplies,Desk Organizer,1,0.0,180.74,23.09,Standard,12.78,2025-05,2025
ORD-01584,2025-10-26,CUST-0882,Consumer,West,Clothing,Running Shoes,1,0.0,1063.11,254.67,Standard,23.96,2025-10,2025
ORD-01687,2024-09-24,CUST-1027,Consumer,East,Electronics,Wireless Mouse,1,0.0,4779.36,503.88,Express,10.54,2024-09,2024
ORD-01366,2024-10-29,CUST-1128,Home Office,West,Office Supplies,A4 Paper Ream,1,0.05,393.73,28.01,Standard,7.11,2024-10,2024
ORD-02187,2024-11-01,CUST-0753,Consumer,East,Electronics,Power Bank 10000mAh,1,0.15,1379.68,297.8,Express,21.58,2024-11,2024
ORD-02396,2025-07-31,CUST-0352,Home Office,West,Office Supplies,Whiteboard Marker Set,2,0.0,324.6,94.22,Express,29.03,2025-07,2025
ORD-01429,2025-12-25,CUST-1087,Consumer,East,Electronics,Wireless Mouse,1,0.0,4779.36,503.88,Standard,10.54,2025-12,2025
ORD-03002,2025-08-12,CUST-0769,Consumer,West,Electronics,Wireless Mouse,2,0.0,9558.72,1007.76,Standard,10.54,2025-08,2025
ORD-02447,2025-10-21,CUST-0924,Corporate,North,Electronics,Bluetooth Speaker,2,0.1,10563.05,1812.66,Same Day,17.16,2025-10,2025
ORD-02670,2024-12-29,CUST-0034,Corporate,South,Electronics,USB-C Charger,3,0.15,6635.89,1026.72,Same Day,15.47,2024-12,2024
ORD-01543,2025-06-03,CUST-0405,Consumer,East,Electronics,Smartwatch,1,0.15,1403.39,307.94,Standard,21.94,2025-06,2025
ORD-01733,2025-12-17,CUST-0334,Consumer,West,Clothing,Running Shoes,1,0.0,1063.11,254.67,Standard,23.96,2025-12,2025
ORD-02492,2025-02-11,CUST-0509,Consumer,North,Electronics,Noise Cancelling Headphones,1,0.0,4693.67,1361.93,Standard,29.02,2025-02,2025
ORD-03052,2025-10-01,CUST-0936,Home Office,West,Electronics,Laptop Stand,2,0.0,3654.18,915.55,Express,25.05,2025-10,2025
ORD-02890,2025-10-13,CUST-0872,Corporate,North,Electronics,Wireless Mouse,2,0.0,9558.72,1007.76,Standard,10.54,2025-10,2025
ORD-01251,2025-02-21,CUST-0479,Home Office,East,Furniture,Bean Bag,1,0.0,7533.04,835.59,Standard,11.09,2025-02,2025
ORD-02669,2024-07-12,CUST-0340,Consumer,South,Clothing,Denim Jeans,1,0.1,474.74,99.06,Same Day,20.87,2024-07,2024
ORD-01166,2025-04-09,CUST-0393,Corporate,West,Electronics,Webcam HD,1,0.1,4159.55,735.33,Standard,17.68,2025-04,2025
ORD-02501,2025-11-08,CUST-0808,Home Office,West,Electronics,Smartwatch,2,0.05,3137.0,782.44,Standard,24.94,2025-11,2025
ORD-02437,2024-12-06,CUST-1105,Corporate,West,Office Supplies,File Folder Pack,1,0.0,165.23,53.49,Standard,32.37,2024-12,2024
ORD-01759,2024-02-13,CUST-0679,Corporate,East,Office Supplies,Whiteboard Marker Set,1,0.0,162.3,47.11,Standard,29.03,2024-02,2024
ORD-01969,2024-06-06,CUST-0503,Consumer,West,Clothing,Hoodie,1,0.15,1324.13,215.62,Standard,16.28,2024-06,2024
ORD-01136,2024-06-30,CUST-1114,Consumer,East,Office Supplies,Desk Organizer,1,0.05,171.7,19.36,Standard,11.28,2024-06,2024
ORD-01988,2025-11-30,CUST-1112,Consumer,South,Electronics,Noise Cancelling Headphones,2,0.15,7979.24,1956.22,Standard,24.52,2025-11,2025
ORD-02666,2025-11-21,CUST-1355,Consumer,West,Office Supplies,Printer Ink Cartridge,1,0.0,370.95,92.51,Express,24.94,2025-11,2025
ORD-01222,2024-02-03,CUST-0349,Consumer,South,Electronics,Noise Cancelling Headphones,1,0.1,4224.3,1099.01,Standard,26.02,2024-02,2024
ORD-01130,2024-04-12,CUST-0876,Consumer,East,Electronics,Webcam HD,1,0.0,4621.72,955.68,Express,20.68,2024-04,2024
ORD-02853,2024-04-03,CUST-1246,Consumer,West,Clothing,Woolen Sweater,1,0.0,1899.39,546.14,Express,28.75,2024-04,2024
ORD-01982,2025-10-14,CUST-0495,Home Office,East,Clothing,Formal Shirt,3,0.05,5762.76,503.3,Standard,8.73,2025-10,2025
ORD-01010,2025-10-16,CUST-0848,Corporate,North,Clothing,Denim Jeans,2,0.15,896.73,173.66,Standard,19.37,2025-10,2025
ORD-01493,2024-04-06,CUST-0113,Consumer,East,Electronics,Laptop Stand,4,0.0,7308.36,1831.11,Standard,25.06,2024-04,2024
ORD-01811,2025-09-10,CUST-0643,Corporate,North,Furniture,Office Chair,1,0.0,12690.96,3867.06,Express,30.47,2025-09,2025
ORD-02969,2024-12-19,CUST-1035,Consumer,West,Furniture,Bean Bag,1,0.1,6779.74,548.64,Standard,8.09,2024-12,2024
ORD-02967,2025-10-20,CUST-0793,Consumer,North,Furniture,Filing Cabinet,1,0.0,7701.13,1935.86,Standard,25.14,2025-10,2025
ORD-02548,2024-11-15,CUST-1338,Corporate,West,Clothing,Hoodie,1,0.15,1324.13,215.62,Standard,16.28,2024-11,2024
ORD-02646,2025-10-03,CUST-0135,Home Office,East,Clothing,Cotton T-Shirt,3,0.2,2915.47,91.07,Standard,3.12,2025-10,2025
ORD-02715,2025-12-28,CUST-0108,Consumer,West,Clothing,Denim Jeans,1,0.0,527.49,125.89,Standard,23.87,2025-12,2025
ORD-01632,2024-01-30,CUST-0712,Corporate,West,Office Supplies,Desk Organizer,1,0.0,180.74,23.09,Same Day,12.78,2024-01,2024
ORD-01372,2025-02-17,CUST-0009,Corporate,West,Clothing,Hoodie,1,0.0,1557.8,323.78,Standard,20.78,2025-02,2025
ORD-01488,2025-04-10,CUST-0839,Consumer,West,Electronics,Smartwatch,1,0.15,1403.39,307.94,Standard,21.94,2025-04,2025
ORD-01903,2024-03-04,CUST-0709,Corporate,South,Furniture,Wall Shelf,2,0.0,17834.12,3529.62,Standard,19.79,2024-03,2024
ORD-01927,2024-06-16,CUST-0422,Consumer,North,Office Supplies,Sticky Notes Pack,2,0.0,490.46,79.16,Express,16.14,2024-06,2024
ORD-01905,2024-09-06,CUST-0606,Consumer,West,Electronics,Laptop Stand,1,0.1,1644.38,362.67,Standard,22.06,2024-09,2024
ORD-02916,2024-06-12,CUST-0903,Corporate,South,Office Supplies,File Folder Pack,1,0.0,165.23,53.49,Express,32.37,2024-06,2024
ORD-01663,2024-05-11,CUST-0636,Corporate,West,Clothing,Hoodie,1,0.0,1557.8,323.78,Same Day,20.78,2024-05,2024
ORD-02909,2024-12-03,CUST-0356,Home Office,East,Office Supplies,Whiteboard Marker Set,1,0.2,129.84,29.9,Standard,23.03,2024-12,2024
ORD-02298,2024-10-21,CUST-0564,Consumer,West,Furniture,Recliner Sofa,1,0.0,6837.7,654.65,Standard,9.57,2024-10,2024
ORD-01037,2025-11-12,CUST-1107,Consumer,North,Clothing,Cotton T-Shirt,1,0.0,1214.78,110.83,Express,9.12,2025-11,2025
ORD-01430,2024-03-10,CUST-0032,Consumer,West,Electronics,Webcam HD,2,0.05,8781.27,1684.07,Express,19.18,2024-03,2024
ORD-01860,2025-03-12,CUST-0252,Corporate,East,Clothing,Woolen Sweater,1,0.0,1899.39,546.14,Standard,28.75,2025-03,2025
ORD-01224,2025-12-27,CUST-0483,Consumer,East,Electronics,Noise Cancelling Headphones,1,0.2,3754.94,864.25,Express,23.02,2025-12,2025
ORD-01715,2025-06-09,CUST-0807,Consumer,West,Office Supplies,Printer Ink Cartridge,1,0.0,370.95,92.51,Standard,24.94,2025-06,2025
ORD-02326,2025-07-10,CUST-0561,Consumer,West,Furniture,Bookshelf,1,0.0,1301.6,351.95,Standard,27.04,2025-07,2025
ORD-02577,2024-12-07,CUST-0872,Consumer,East,Electronics,Noise Cancelling Headphones,1,0.0,4693.67,1361.93,Standard,29.02,2024-12,2024
ORD-01580,2025-01-18,CUST-1332,Consumer,North,Clothing,Running Shoes,1,0.0,1063.11,254.67,Express,23.96,2025-01,2025
ORD-02923,2025-05-11,CUST-0173,Consumer,South,Office Supplies,Whiteboard Marker Set,1,0.0,162.3,47.11,Standard,29.03,2025-05,2025
ORD-01603,2024-06-25,CUST-0257,Consumer,West,Electronics,USB-C Charger,1,0.0,2602.31,519.74,Same Day,19.97,2024-06,2024
ORD-02166,2024-12-08,CUST-1103,Home Office,North,Electronics,Noise Cancelling Headphones,1,0.0,4693.67,1361.93,Standard,29.02,2024-12,2024
ORD-01532,2025-08-22,CUST-0657,Consumer,West,Clothing,Hoodie,3,0.0,4673.4,971.33,Standard,20.78,2025-08,2025
ORD-02003,2024-01-25,CUST-0861,Corporate,South,Office Supplies,Sticky Notes Pack,1,0.0,245.23,39.58,Standard,16.14,2024-01,2024
ORD-01417,2024-11-24,CUST-0728,Consumer,South,Office Supplies,Stapler,1,0.0,252.46,54.35,Standard,21.53,2024-11,2024
ORD-01816,2024-12-10,CUST-0351,Consumer,West,Furniture,Wall Shelf,1,0.2,7133.65,983.83,Express,13.79,2024-12,2024
ORD-01826,2024-12-11,CUST-0886,Consumer,South,Office Supplies,Sticky Notes Pack,1,0.05,232.97,34.11,Standard,14.64,2024-12,2024
ORD-01209,2024-01-30,CUST-0189,Corporate,West,Electronics,USB-C Charger,1,0.0,2602.31,519.74,Express,19.97,2024-01,2024
ORD-01785,2025-06-03,CUST-1108,Home Office,North,Office Supplies,Sticky Notes Pack,1,0.05,232.97,34.11,Standard,14.64,2025-06,2025
ORD-02226,2024-03-03,CUST-0289,Consumer,South,Office Supplies,File Folder Pack,1,0.0,165.23,53.49,Standard,32.37,2024-03,2024
ORD-02507,2024-04-11,CUST-0553,Home Office,East,Electronics,USB-C Charger,1,0.0,2602.31,519.74,Standard,19.97,2024-04,2024
ORD-02984,2025-08-23,CUST-1296,Consumer,South,Electronics,Smartwatch,1,0.05,1568.5,391.22,Standard,24.94,2025-08,2025
ORD-02022,2024-12-01,CUST-0086,Corporate,North,Office Supplies,Sticky Notes Pack,3,0.1,662.12,87.01,Standard,13.14,2024-12,2024
ORD-02665,2024-06-23,CUST-0710,Consumer,West,Furniture,Study Table,1,0.0,6547.2,770.82,Standard,11.77,2024-06,2024
ORD-02936,2024-04-24,CUST-0459,Consumer,North,Furniture,Filing Cabinet,1,0.0,7701.13,1935.86,Express,25.14,2024-04,2024
ORD-01507,2024-04-14,CUST-0444,Consumer,South,Electronics,USB-C Charger,1,0.0,2602.31,519.74,Standard,19.97,2024-04,2024
ORD-01001,2024-03-19,CUST-0777,Consumer,North,Clothing,Woolen Sweater,3,0.0,5698.17,1638.42,Express,28.75,2024-03,2024
ORD-02690,2024-06-08,CUST-0582,Home Office,West,Office Supplies,Printer Ink Cartridge,1,0.0,370.95,92.51,Standard,24.94,2024-06,2024
ORD-01580,2025-01-18,CUST-1332,Consumer,North,Furniture,Wall Shelf,1,0.0,8917.06,1771.59,Express,19.87,2025-01,2025
ORD-02289,2024-01-13,CUST-0237,Home Office,North,Office Supplies,Desk Organizer,1,0.0,180.74,23.09,Express,12.78,2024-01,2024
ORD-02786,2024-04-21,CUST-0403,Corporate,North,Furniture,Study Table,3,0.0,19641.6,2312.47,Standard,11.77,2024-04,2024
ORD-01338,2024-07-24,CUST-1234,Consumer,South,Furniture,Office Chair,3,0.1,34265.59,9413.11,Standard,27.47,2024-07,2024
ORD-02573,2024-03-23,CUST-1263,Consumer,South,Furniture,Recliner Sofa,1,0.05,6495.82,524.48,Standard,8.07,2024-03,2024
ORD-02038,2025-08-08,CUST-1089,Corporate,West,Clothing,Denim Jeans,1,0.0,527.49,125.89,Standard,23.87,2025-08,2025
ORD-01229,2024-05-24,CUST-0366,Home Office,South,Electronics,Laptop Stand,1,0.0,1827.09,457.78,Standard,25.06,2024-05,2024
ORD-02698,2025-11-02,CUST-1074,Consumer,North,Office Supplies,Desk Organizer,1,0.0,180.74,23.09,Standard,12.78,2025-11,2025
ORD-01583,2025-02-21,CUST-1198,Corporate,South,Furniture,Filing Cabinet,2,0.0,15402.26,3871.73,Standard,25.14,2025-02,2025
ORD-01984,2025-05-13,CUST-0706,Consumer,South,Furniture,Recliner Sofa,1,0.0,6837.7,654.65,Standard,9.57,2025-05,2025
ORD-02555,2025-10-24,CUST-0069,Consumer,South,Office Supplies,Sticky Notes Pack,2,0.0,490.46,79.16,Express,16.14,2025-10,2025
ORD-02465,2024-10-16,CUST-1189,Corporate,South,Furniture,Filing Cabinet,1,0.05,7316.07,1729.33,Standard,23.64,2024-10,2024
ORD-02035,2024-09-19,CUST-1193,Corporate,West,Clothing,Running Shoes,1,0.0,1063.11,254.67,Express,23.96,2024-09,2024
ORD-02045,2025-07-11,CUST-0061,Consumer,East,Electronics,Power Bank 10000mAh,1,0.05,1541.99,379.1,Express,24.59,2025-07,2025
ORD-01886,2024-07-20,CUST-0742,Corporate,North,Electronics,Noise Cancelling Headphones,1,0.0,4693.67,1361.93,Standard,29.02,2024-07,2024
ORD-01863,2024-02-13,CUST-1176,Consumer,West,Furniture,Bed Side Table,1,0.05,4989.01,1380.22,Standard,27.67,2024-02,2024
ORD-01020,2025-03-07,CUST-0452,Consumer,North,Electronics,Wireless Mouse,2,0.05,9080.78,821.16,Express,9.04,2025-03,2025
ORD-01812,2025-12-09,CUST-0311,Consumer,South,Clothing,Woolen Sweater,1,0.0,1899.39,546.14,Standard,28.75,2025-12,2025
ORD-02049,2024-08-17,CUST-0559,Home Office,East,Office Supplies,Stapler,1,0.1,227.21,42.1,Standard,18.53,2024-08,2024
ORD-01265,2024-10-06,CUST-1007,Home Office,West,Clothing,Rain Jacket,2,0.1,2278.1,127.2,Standard,5.58,2024-10,2024
ORD-02175,2024-04-03,CUST-0311,Corporate,East,Electronics,Laptop Stand,2,0.0,3654.18,915.55,Express,25.05,2024-04,2024
ORD-01098,2025-05-30,CUST-0047,Consumer,South,Electronics,Wireless Mouse,1,0.0,4779.36,503.88,Express,10.54,2025-05,2025
ORD-02902,2024-12-05,CUST-1235,Corporate,East,Clothing,Running Shoes,1,0.0,1063.11,254.67,Same Day,23.96,2024-12,2024
ORD-02538,2024-07-01,CUST-0074,Consumer,North,Clothing,Hoodie,1,0.0,1557.8,323.78,Express,20.78,2024-07,2024
ORD-02378,2024-03-14,CUST-0313,Consumer,West,Electronics,Wireless Mouse,1,0.0,4779.36,503.88,Express,10.54,2024-03,2024
ORD-02728,2024-10-06,CUST-0700,Consumer,South,Office Supplies,Whiteboard Marker Set,1,0.0,162.3,47.11,Express,29.03,2024-10,2024
ORD-02468,2025-07-20,CUST-0061,Corporate,South,Office Supplies,File Folder Pack,2,0.1,297.41,87.35,Standard,29.37,2025-07,2025
ORD-01663,2024-05-11,CUST-0636,Corporate,West,Office Supplies,Whiteboard Marker Set,1,0.0,162.3,47.11,Same Day,29.03,2024-05,2024
ORD-02878,2025-10-27,CUST-1172,Consumer,East,Furniture,Recliner Sofa,4,0.0,27350.8,2618.61,Express,9.57,2025-10,2025
ORD-02020,2024-08-09,CUST-0754,Corporate,East,Electronics,Bluetooth Speaker,1,0.0,5868.36,1183.09,Standard,20.16,2024-08,2024
ORD-02016,2025-12-23,CUST-0682,Consumer,West,Clothing,Sports Cap,1,0.1,1366.99,108.42,Standard,7.93,2025-12,2025
ORD-02390,2024-08-02,CUST-1347,Corporate,East,Clothing,Hoodie,1,0.0,1557.8,323.78,Express,20.78,2024-08,2024
ORD-02454,2025-06-21,CUST-0930,Home Office,South,Clothing,Denim Jeans,2,0.05,1002.23,224.16,Express,22.37,2025-06,2025
ORD-02906,2024-04-26,CUST-1202,Corporate,North,Electronics,Webcam HD,1,0.0,4621.72,955.68,Standard,20.68,2024-04,2024
ORD-01059,2025-10-10,CUST-0198,Home Office,East,Clothing,Sports Cap,1,0.0,1518.88,166.04,Same Day,10.93,2025-10,2025
ORD-02172,2025-10-31,CUST-0125,Consumer,North,Office Supplies,Printer Ink Cartridge,1,0.0,370.95,92.51,Standard,24.94,2025-10,2025
ORD-01012,2024-11-08,CUST-0316,Corporate,South,Office Supplies,Whiteboard Marker Set,1,0.0,162.3,47.11,Standard,29.03,2024-11,2024
ORD-02354,2025-01-28,CUST-0581,Consumer,South,Office Supplies,Ballpoint Pen Box,1,0.0,80.32,27.29,Standard,33.98,2025-01,2025
ORD-02743,2024-12-25,CUST-1274,Consumer,North,Electronics,USB-C Charger,1,0.15,2211.96,342.24,Standard,15.47,2024-12,2024
ORD-01761,2024-02-08,CUST-1051,Consumer,North,Clothing,Cotton T-Shirt,1,0.0,1214.78,110.83,Standard,9.12,2024-02,2024
ORD-01016,2025-03-04,CUST-0269,Consumer,South,Furniture,Bean Bag,1,0.0,7533.04,835.59,Same Day,11.09,2025-03,2025
ORD-01678,2024-04-09,CUST-1371,Consumer,North,Electronics,Bluetooth Speaker,1,0.2,4694.69,664.79,Standard,14.16,2024-04,2024
ORD-02643,2024-12-14,CUST-0284,Consumer,North,Furniture,Bookshelf,1,0.1,1171.44,281.61,Standard,24.04,2024-12,2024
ORD-02485,2025-06-09,CUST-1169,Consumer,East,Clothing,Denim Jeans,1,0.15,448.37,86.83,Standard,19.37,2025-06,2025
ORD-01909,2025-09-05,CUST-0531,Consumer,North,Electronics,Power Bank 10000mAh,2,0.0,3246.3,846.8,Express,26.09,2025-09,2025
ORD-01843,2025-06-11,CUST-1076,Corporate,North,Electronics,Webcam HD,1,0.05,4390.63,842.04,Express,19.18,2025-06,2025
ORD-01971,2024-10-27,CUST-0387,Consumer,West,Clothing,Running Shoes,1,0.0,1063.11,254.67,Express,23.96,2024-10,2024
ORD-02348,2025-05-06,CUST-0889,Corporate,West,Office Supplies,Printer Ink Cartridge,1,0.2,296.76,56.2,Express,18.94,2025-05,2025
ORD-02153,2024-10-09,CUST-1266,Corporate,West,Furniture,Filing Cabinet,1,0.0,7701.13,1935.86,Same Day,25.14,2024-10,2024
ORD-02268,2024-08-11,CUST-1242,Corporate,South,Clothing,Cotton T-Shirt,1,0.15,1032.56,47.74,Same Day,4.62,2024-08,2024
ORD-01552,2025-06-20,CUST-0078,Home Office,South,Clothing,Woolen Sweater,1,0.0,1899.39,546.14,Express,28.75,2025-06,2025
ORD-01709,2024-09-09,CUST-0544,Home Office,South,Electronics,Webcam HD,1,0.0,4621.72,955.68,Standard,20.68,2024-09,2024
ORD-01597,2024-07-24,CUST-1305,Corporate,West,Clothing,Woolen Sweater,2,0.05,3608.84,983.53,Standard,27.25,2024-07,2024
ORD-01178,2024-11-16,CUST-0105,Consumer,North,Furniture,Wall Shelf,2,0.0,17834.12,3529.62,Standard,19.79,2024-11,2024
ORD-03001,2024-10-07,CUST-0316,Consumer,East,Office Supplies,Desk Organizer,1,0.0,180.74,23.09,Standard,12.78,2024-10,2024
ORD-01281,2025-12-30,CUST-1041,Consumer,West,Office Supplies,Ballpoint Pen Box,1,0.05,76.3,24.78,Standard,32.48,2025-12,2025
ORD-02937,2025-04-26,CUST-1266,Corporate,North,Office Supplies,Desk Organizer,1,0.0,180.74,23.09,Same Day,12.78,2025-04,2025
ORD-01867,2024-08-07,CUST-0416,Home Office,North,Office Supplies,File Folder Pack,3,0.0,495.69,160.46,Standard,32.37,2024-08,2024
ORD-02946,2025-12-12,CUST-0960,Consumer,South,Furniture,Office Chair,1,0.05,12056.41,3492.86,Express,28.97,2025-12,2025
ORD-01781,2024-01-19,CUST-0456,Corporate,North,Office Supplies,Desk Organizer,1,0.0,180.74,23.09,Standard,12.78,2024-01,2024
ORD-02646,2025-10-03,CUST-0135,Home Office,East,Electronics,Noise Cancelling Headphones,2,0.0,9387.34,2723.86,Standard,29.02,2025-10,2025
ORD-01162,2025-12-15,CUST-0824,Consumer,South,Office Supplies,Whiteboard Marker Set,2,0.0,324.6,94.22,Standard,29.03,2025-12,2025
ORD-01799,2024-07-31,CUST-0896,Home Office,South,Clothing,Hoodie,2,0.0,3115.6,647.55,Express,20.78,2024-07,2024
ORD-02681,2024-07-18,CUST-1258,Consumer,South,Furniture,Bed Side Table,2,0.15,8927.7,2202.04,Standard,24.67,2024-07,2024
ORD-01127,2025-08-01,CUST-1353,Consumer,South,Office Supplies,Ballpoint Pen Box,1,0.0,80.32,27.29,Standard,33.98,2025-08,2025
ORD-01621,2025-09-16,CUST-0949,Corporate,South,Office Supplies,Desk Organizer,1,0.1,162.67,15.9,Standard,9.77,2025-09,2025
ORD-02203,2024-12-11,CUST-0338,Consumer,South,Electronics,Webcam HD,2,0.0,9243.44,1911.36,Standard,20.68,2024-12,2024
ORD-02930,2024-11-14,CUST-0891,Corporate,South,Clothing,Formal Shirt,1,0.0,2022.02,206.93,Standard,10.23,2024-11,2024
ORD-01121,2025-03-13,CUST-0436,Consumer,North,Electronics,Webcam HD,1,0.0,4621.72,955.68,Standard,20.68,2025-03,2025
ORD-01824,2024-05-28,CUST-0252,Consumer,South,Clothing,Denim Jeans,2,0.0,1054.98,251.79,Standard,23.87,2024-05,2024
ORD-02161,2024-12-30,CUST-1095,Home Office,East,Electronics,Noise Cancelling Headphones,1,0.0,4693.67,1361.93,Express,29.02,2024-12,2024
ORD-02529,2025-05-09,CUST-0048,Consumer,West,Furniture,Bed Side Table,1,0.0,5251.59,1531.64,Standard,29.17,2025-05,2025
ORD-02513,2024-10-17,CUST-1237,Consumer,North,Office Supplies,File Folder Pack,1,0.0,165.23,53.49,Standard,32.37,2024-10,2024
ORD-01192,2025-03-01,CUST-0911,Consumer,East,Electronics,Smartwatch,1,0.0,1651.05,436.58,Standard,26.44,2025-03,2025
ORD-02404,2024-12-22,CUST-0171,Consumer,East,Office Supplies,Stapler,2,0.0,504.92,108.7,Standard,21.53,2024-12,2024
ORD-02816,2024-12-14,CUST-1097,Corporate,West,Office Supplies,Desk Organizer,2,0.0,361.48,46.17,Standard,12.77,2024-12,2024
ORD-01237,2024-10-03,CUST-0999,Home Office,North,Clothing,Running Shoes,1,0.0,1063.11,254.67,Same Day,23.96,2024-10,2024
ORD-02144,2025-01-25,CUST-0791,Consumer,North,Electronics,Laptop Stand,1,0.05,1735.74,408.85,Standard,23.55,2025-01,2025
ORD-01818,2024-02-10,CUST-0236,Consumer,East,Electronics,Smartwatch,1,0.05,1568.5,391.22,Standard,24.94,2024-02,2024
ORD-01322,2024-01-17,CUST-0446,Consumer,West,Office Supplies,Desk Organizer,1,0.0,180.74,23.09,Standard,12.78,2024-01,2024
ORD-02278,2024-07-10,CUST-0515,Corporate,North,Clothing,Hoodie,1,0.1,1402.02,249.34,Express,17.78,2024-07,2024
ORD-01036,2024-12-16,CUST-0405,Consumer,East,Furniture,Bookshelf,2,0.1,2342.88,563.22,Standard,24.04,2024-12,2024
ORD-01690,2024-03-26,CUST-0512,Consumer,South,Electronics,Webcam HD,2,0.0,9243.44,1911.36,Express,20.68,2024-03,2024
ORD-02442,2024-11-11,CUST-0477,Corporate,North,Electronics,Power Bank 10000mAh,2,0.1,2921.67,674.47,Standard,23.09,2024-11,2024
ORD-01144,2025-11-20,CUST-1384,Home Office,East,Furniture,Bookshelf,1,0.0,1301.6,351.95,Standard,27.04,2025-11,2025
ORD-02597,2024-01-07,CUST-0524,Consumer,North,Electronics,Wireless Mouse,1,0.0,4779.36,503.88,Standard,10.54,2024-01,2024
ORD-01216,2025-08-07,CUST-1392,Consumer,West,Office Supplies,File Folder Pack,1,0.0,165.23,53.49,Express,32.37,2025-08,2025
ORD-02417,2024-07-20,CUST-0235,Home Office,South,Electronics,Noise Cancelling Headphones,2,0.0,9387.34,2723.86,Standard,29.02,2024-07,2024
ORD-02007,2024-01-19,CUST-0737,Home Office,East,Electronics,Noise Cancelling Headphones,2,0.0,9387.34,2723.86,Standard,29.02,2024-01,2024
ORD-01423,2025-07-19,CUST-0016,Consumer,West,Furniture,Filing Cabinet,1,0.1,6931.02,1534.35,Standard,22.14,2025-07,2025
ORD-01266,2024-08-27,CUST-0475,Consumer,North,Electronics,Webcam HD,1,0.0,4621.72,955.68,Standard,20.68,2024-08,2024
ORD-01412,2024-12-23,CUST-0728,Home Office,South,Office Supplies,Desk Organizer,1,0.0,180.74,23.09,Standard,12.78,2024-12,2024
ORD-01872,2024-02-17,CUST-0826,Home Office,North,Office Supplies,Whiteboard Marker Set,1,0.0,162.3,47.11,Standard,29.03,2024-02,2024
ORD-01189,2024-05-07,CUST-1062,Consumer,South,Clothing,Cotton T-Shirt,1,0.0,1214.78,110.83,Standard,9.12,2024-05,2024
ORD-01416,2025-03-28,CUST-0951,Consumer,North,Office Supplies,File Folder Pack,1,0.0,165.23,53.49,Standard,32.37,2025-03,2025
ORD-01428,2025-09-29,CUST-1072,Corporate,West,Electronics,Power Bank 10000mAh,2,0.1,2921.67,674.47,Standard,23.09,2025-09,2025
ORD-02319,2024-08-16,CUST-0618,Corporate,East,Electronics,Bluetooth Speaker,1,0.0,5868.36,1183.09,Standard,20.16,2024-08,2024
ORD-02389,2025-06-17,CUST-0574,Consumer,West,Electronics,Power Bank 10000mAh,1,0.05,1541.99,379.1,Standard,24.59,2025-06,2025
ORD-01261,2025-03-10,CUST-1003,Consumer,East,Office Supplies,Stapler,2,0.0,504.92,108.7,Standard,21.53,2025-03,2025
ORD-01681,2025-02-09,CUST-1173,Consumer,North,Office Supplies,Desk Organizer,1,0.1,162.67,15.9,Express,9.77,2025-02,2025
ORD-01019,2024-07-19,CUST-0479,Corporate,North,Clothing,Rain Jacket,1,0.0,1265.61,108.63,Express,8.58,2024-07,2024
ORD-02102,2025-10-03,CUST-0795,Home Office,South,Clothing,Hoodie,1,0.0,1557.8,323.78,Standard,20.78,2025-10,2025
ORD-01456,2024-10-11,CUST-0205,Consumer,North,Electronics,Webcam HD,2,0.0,9243.44,1911.36,Standard,20.68,2024-10,2024
ORD-01715,2025-06-09,CUST-0807,Consumer,West,Furniture,Bean Bag,1,0.0,7533.04,835.59,Standard,11.09,2025-06,2025
ORD-02389,2025-06-17,CUST-0574,Consumer,West,Clothing,Denim Jeans,1,0.0,527.49,125.89,Standard,23.87,2025-06,2025
ORD-02336,2024-08-22,CUST-1330,Corporate,East,Electronics,Laptop Stand,2,0.0,3654.18,915.55,Express,25.05,2024-08,2024
ORD-02060,2024-01-03,CUST-0370,Corporate,East,Electronics,Smartwatch,1,0.0,1651.05,436.58,Same Day,26.44,2024-01,2024
ORD-02530,2024-11-19,CUST-0080,Corporate,West,Furniture,Study Table,1,0.2,5237.76,302.39,Express,5.77,2024-11,2024
ORD-02939,2025-07-10,CUST-0838,Consumer,East,Clothing,Sports Cap,1,0.1,1366.99,108.42,Standard,7.93,2025-07,2025
ORD-02251,2024-04-21,CUST-0539,Corporate,North,Office Supplies,Whiteboard Marker Set,3,0.2,389.52,89.69,Standard,23.03,2024-04,2024
ORD-01938,2024-05-21,CUST-0454,Consumer,North,Furniture,Recliner Sofa,1,0.0,6837.7,654.65,Standard,9.57,2024-05,2024
ORD-02626,2025-04-05,CUST-0499,Consumer,East,Clothing,Woolen Sweater,1,0.2,1519.51,345.74,Standard,22.75,2025-04,2025
ORD-01177,2024-03-21,CUST-0702,Consumer,West,Office Supplies,Stapler,1,0.0,252.46,54.35,Same Day,21.53,2024-03,2024
ORD-01228,2025-01-15,CUST-0072,Corporate,South,Office Supplies,A4 Paper Ream,1,0.2,331.56,8.66,Standard,2.61,2025-01,2025
ORD-02524,2025-12-11,CUST-0597,Home Office,West,Clothing,Denim Jeans,1,0.0,527.49,125.89,Express,23.87,2025-12,2025
ORD-01663,2024-05-11,CUST-0636,Corporate,West,Furniture,Wall Shelf,1,0.0,8917.06,1764.81,Same Day,19.79,2024-05,2024
ORD-01968,2025-12-13,CUST-1046,Corporate,East,Clothing,Denim Jeans,1,0.1,474.74,99.06,Standard,20.87,2025-12,2025
ORD-02412,2025-07-28,CUST-0578,Consumer,North,Office Supplies,A4 Paper Ream,2,0.1,746.01,41.88,Same Day,5.61,2025-07,2025
ORD-02649,2024-11-15,CUST-0399,Corporate,West,Electronics,Bluetooth Speaker,1,0.0,5868.36,1183.09,Express,20.16,2024-11,2024
ORD-02660,2024-04-15,CUST-0524,Consumer,West,Office Supplies,Printer Ink Cartridge,3,0.0,1112.85,277.52,Standard,24.94,2024-04,2024
ORD-02330,2024-09-24,CUST-1098,Consumer,South,Clothing,Running Shoes,1,0.05,1009.95,226.78,Standard,22.45,2024-09,2024
ORD-01165,2024-06-20,CUST-1022,Consumer,East,Furniture,Bean Bag,1,0.2,6026.43,306.88,Express,5.09,2024-06,2024
ORD-02933,2024-04-11,CUST-0612,Consumer,East,Office Supplies,Ballpoint Pen Box,1,0.0,80.32,27.29,Standard,33.98,2024-04,2024
ORD-01492,2024-12-04,CUST-0069,Consumer,South,Clothing,Woolen Sweater,1,0.0,1899.39,546.14,Same Day,28.75,2024-12,2024
ORD-01850,2024-09-30,CUST-0106,Home Office,South,Electronics,USB-C Charger,1,0.0,2602.31,552.95,Standard,21.25,2024-09,2024
ORD-03056,2024-07-20,CUST-1225,Consumer,North,Clothing,Woolen Sweater,1,0.0,1899.39,546.14,Express,28.75,2024-07,2024
ORD-02755,2025-07-25,CUST-0282,Consumer,East,Electronics,Laptop Stand,1,0.15,1553.03,319.22,Standard,20.55,2025-07,2025
ORD-01557,2025-10-08,CUST-0574,Consumer,North,Electronics,Wireless Mouse,1,0.1,4301.42,324.45,Express,7.54,2025-10,2025
ORD-01581,2025-04-14,CUST-0594,Consumer,East,Furniture,Recliner Sofa,2,0.0,13675.4,1309.31,Standard,9.57,2025-04,2025
ORD-02448,2025-03-07,CUST-1139,Consumer,North,Office Supplies,Desk Organizer,2,0.0,361.48,46.17,Standard,12.77,2025-03,2025
ORD-02500,2025-02-19,CUST-1315,Consumer,North,Electronics,Smartwatch,1,0.0,1651.05,436.58,Express,26.44,2025-02,2025
ORD-02995,2025-01-30,CUST-0912,Consumer,East,Office Supplies,Desk Organizer,1,0.0,180.74,23.09,Express,12.78,2025-01,2025
ORD-01107,2025-12-08,CUST-0180,Home Office,East,Clothing,Denim Jeans,2,0.05,1002.23,224.16,Standard,22.37,2025-12,2025
ORD-01746,2025-11-15,CUST-1063,Home Office,West,Office Supplies,Sticky Notes Pack,2,0.0,490.46,79.16,Standard,16.14,2025-11,2025
ORD-02648,2024-05-24,CUST-0137,Corporate,North,Office Supplies,Stapler,1,0.0,252.46,54.35,Express,21.53,2024-05,2024
ORD-02145,2024-07-02,CUST-0481,Corporate,West,Electronics,Power Bank 10000mAh,1,0.0,1623.15,423.4,Standard,26.09,2024-07,2024
ORD-03049,2024-09-13,CUST-1105,Home Office,West,Furniture,Bookshelf,2,0.0,2603.2,703.89,Standard,27.04,2024-09,2024
ORD-01524,2024-10-03,CUST-0816,Corporate,South,Electronics,Bluetooth Speaker,1,0.0,5868.36,1183.09,Same Day,20.16,2024-10,2024
ORD-02775,2025-10-13,CUST-1107,Home Office,North,Clothing,Woolen Sweater,1,0.0,1899.39,546.14,Same Day,28.75,2025-10,2025
ORD-02122,2025-10-22,CUST-0032,Home Office,East,Office Supplies,Sticky Notes Pack,1,0.1,220.71,29.0,Standard,13.14,2025-10,2025
ORD-01908,2025-04-29,CUST-1190,Consumer,East,Furniture,Bed Side Table,1,0.0,5251.59,1531.64,Same Day,29.17,2025-04,2025
ORD-01168,2024-04-15,CUST-0646,Consumer,West,Electronics,USB-C Charger,1,0.0,2602.31,519.74,Express,19.97,2024-04,2024
ORD-02438,2025-12-22,CUST-1093,Corporate,South,Electronics,Smartwatch,2,0.1,2971.89,696.68,Standard,23.44,2025-12,2025
ORD-01270,2025-11-07,CUST-1110,Consumer,North,Office Supplies,Stapler,1,0.0,252.46,54.35,Standard,21.53,2025-11,2025
ORD-02509,2024-01-23,CUST-0757,Corporate,North,Clothing,Sports Cap,1,0.15,1291.05,83.03,Standard,6.43,2024-01,2024
ORD-02852,2025-01-15,CUST-0807,Home Office,South,Electronics,Wireless Mouse,1,0.0,4779.36,503.88,Standard,10.54,2025-01,2025
ORD-02190,2024-06-30,CUST-0158,Home Office,East,Office Supplies,File Folder Pack,1,0.0,165.23,53.49,Standard,32.37,2024-06,2024
ORD-01617,2025-02-10,CUST-1323,Consumer,West,Furniture,Office Chair,1,0.05,12056.41,3492.86,Standard,28.97,2025-02,2025
ORD-02634,2024-05-12,CUST-0741,Consumer,South,Electronics,Noise Cancelling Headphones,1,0.0,4693.67,1361.93,Standard,29.02,2024-05,2024
ORD-01922,2024-11-30,CUST-1094,Consumer,North,Office Supplies,File Folder Pack,1,0.0,165.23,53.49,Express,32.37,2024-11,2024
ORD-02331,2024-10-03,CUST-1119,Corporate,South,Electronics,Smartwatch,1,0.0,1651.05,436.58,Standard,26.44,2024-10,2024
ORD-01031,2024-09-04,CUST-0226,Home Office,North,Office Supplies,Sticky Notes Pack,1,0.0,245.23,39.58,Express,16.14,2024-09,2024
ORD-01297,2025-05-31,CUST-0200,Corporate,East,Office Supplies,Desk Organizer,2,0.0,361.48,46.17,Standard,12.77,2025-05,2025
ORD-02791,2024-07-01,CUST-0588,Consumer,East,Electronics,Bluetooth Speaker,1,0.1,5281.52,906.33,Standard,17.16,2024-07,2024
ORD-02326,2025-07-10,CUST-0561,Consumer,West,Furniture,Filing Cabinet,1,0.0,7701.13,1935.86,Standard,25.14,2025-07,2025
ORD-01885,2025-11-29,CUST-1378,Consumer,West,Clothing,Cotton T-Shirt,1,0.0,1214.78,110.83,Express,9.12,2025-11,2025
ORD-01136,2024-06-30,CUST-1114,Consumer,East,Clothing,Formal Shirt,1,0.0,2022.02,206.93,Standard,10.23,2024-06,2024
ORD-01036,2024-12-16,CUST-0405,Consumer,East,Electronics,Bluetooth Speaker,2,0.0,11736.72,2366.17,Standard,20.16,2024-12,2024
ORD-02638,2025-12-17,CUST-0933,Consumer,South,Office Supplies,Ballpoint Pen Box,1,0.2,64.26,17.97,Standard,27.96,2025-12,2025
ORD-01376,2025-03-19,CUST-0625,Consumer,South,Clothing,Formal Shirt,1,0.0,2022.02,206.93,Standard,10.23,2025-03,2025
ORD-01667,2024-04-21,CUST-0028,Consumer,North,Electronics,Smartwatch,1,0.05,1568.5,391.22,Standard,24.94,2024-04,2024
ORD-02353,2025-11-25,CUST-1314,Consumer,East,Electronics,Noise Cancelling Headphones,2,0.0,9387.34,2723.86,Standard,29.02,2025-11,2025
ORD-03044,2024-12-07,CUST-1213,Consumer,West,Clothing,Sports Cap,2,0.05,2885.87,272.18,Standard,9.43,2024-12,2024
ORD-02866,2024-03-15,CUST-0894,Consumer,North,Electronics,Webcam HD,1,0.0,4621.72,955.68,Standard,20.68,2024-03,2024
ORD-01475,2025-12-03,CUST-0186,Corporate,South,Office Supplies,Stapler,1,0.0,252.46,54.35,Standard,21.53,2025-12,2025
ORD-01225,2025-08-20,CUST-0219,Consumer,East,Office Supplies,Printer Ink Cartridge,2,0.1,667.71,146.48,Standard,21.94,2025-08,2025
ORD-02031,2024-01-17,CUST-0839,Consumer,West,Electronics,Noise Cancelling Headphones,4,0.0,18774.68,5447.73,Standard,29.02,2024-01,2024
ORD-01056,2024-06-30,CUST-0139,Home Office,North,Office Supplies,Whiteboard Marker Set,1,0.05,154.18,42.44,Standard,27.53,2024-06,2024
ORD-02535,2025-03-31,CUST-0394,Consumer,South,Electronics,Laptop Stand,1,0.0,1827.09,457.78,Express,25.06,2025-03,2025
ORD-02944,2025-12-11,CUST-0429,Corporate,West,Office Supplies,Desk Organizer,1,0.05,171.7,19.36,Express,11.28,2025-12,2025
ORD-02624,2025-12-09,CUST-0937,Corporate,West,Electronics,Power Bank 10000mAh,1,0.0,1623.15,423.4,Express,26.09,2025-12,2025
ORD-01289,2025-06-15,CUST-0313,Consumer,North,Office Supplies,Desk Organizer,1,0.0,180.74,23.09,Standard,12.78,2025-06,2025
ORD-02796,2025-12-17,CUST-0778,Corporate,South,Office Supplies,A4 Paper Ream,1,0.0,414.45,35.7,Same Day,8.61,2025-12,2025
ORD-01010,2025-10-16,CUST-0848,Corporate,North,Clothing,Rain Jacket,1,0.0,1265.61,108.63,Standard,8.58,2025-10,2025
ORD-01311,2024-08-06,CUST-0504,Consumer,South,Clothing,Woolen Sweater,1,0.0,1899.39,546.14,Standard,28.75,2024-08,2024
ORD-02441,2024-02-13,CUST-1278,Consumer,West,Electronics,Webcam HD,3,0.0,13865.16,2867.04,Standard,20.68,2024-02,2024
ORD-02827,2025-07-12,CUST-0926,Consumer,South,Furniture,Recliner Sofa,2,0.05,12991.63,1048.97,Standard,8.07,2025-07,2025
ORD-01883,2024-05-31,CUST-0528,Corporate,East,Office Supplies,Sticky Notes Pack,2,0.0,490.46,79.16,Standard,16.14,2024-05,2024
ORD-02550,2024-10-21,CUST-0754,Consumer,West,Furniture,Filing Cabinet,1,0.0,7701.13,1935.86,Express,25.14,2024-10,2024
ORD-01450,2025-10-22,CUST-0273,Corporate,South,Electronics,USB-C Charger,1,0.05,2472.19,456.67,Express,18.47,2025-10,2025
ORD-02321,2025-09-20,CUST-0150,Consumer,North,Electronics,USB-C Charger,1,0.0,2602.31,519.74,Express,19.97,2025-09,2025
ORD-01578,2025-09-27,CUST-0561,Corporate,North,Office Supplies,Ballpoint Pen Box,3,0.15,204.82,60.36,Standard,29.47,2025-09,2025
ORD-01731,2024-09-02,CUST-0369,Consumer,East,Clothing,Cotton T-Shirt,1,0.05,1154.04,87.98,Same Day,7.62,2024-09,2024
ORD-02402,2024-10-16,CUST-1370,Corporate,West,Furniture,Wall Shelf,1,0.0,8917.06,1764.81,Express,19.79,2024-10,2024
ORD-01840,2025-12-17,CUST-0954,Consumer,East,Electronics,Laptop Stand,2,0.0,3654.18,915.55,Standard,25.05,2025-12,2025
ORD-02105,2025-10-06,CUST-0251,Home Office,South,Office Supplies,A4 Paper Ream,1,0.0,414.45,35.7,Standard,8.61,2025-10,2025
ORD-01398,2024-10-14,CUST-0570,Corporate,North,Office Supplies,Printer Ink Cartridge,2,0.0,741.9,185.01,Standard,24.94,2024-10,2024
ORD-02710,2025-12-08,CUST-0366,Consumer,East,Electronics,Smartwatch,1,0.0,1651.05,436.58,Standard,26.44,2025-12,2025
ORD-01972,2024-09-11,CUST-0625,Home Office,North,Electronics,Noise Cancelling Headphones,4,0.0,18774.68,5447.73,Express,29.02,2024-09,2024
ORD-01518,2025-03-22,CUST-0292,Home Office,East,Clothing,Denim Jeans,1,0.1,474.74,99.06,Standard,20.87,2025-03,2025
ORD-02324,2024-04-21,CUST-0174,Consumer,West,Furniture,Filing Cabinet,1,0.0,7701.13,1935.86,Standard,25.14,2024-04,2024
ORD-01400,2024-04-30,CUST-1166,Corporate,East,Office Supplies,Stapler,1,0.1,227.21,42.1,Same Day,18.53,2024-04,2024
ORD-02329,2024-01-16,CUST-0261,Consumer,East,Electronics,USB-C Charger,1,0.0,2602.31,519.74,Express,19.97,2024-01,2024
ORD-02057,2024-07-13,CUST-0654,Consumer,North,Electronics,Smartwatch,2,0.1,2971.89,696.68,Standard,23.44,2024-07,2024
ORD-02249,2025-10-23,CUST-0474,Consumer,North,Clothing,Rain Jacket,1,0.05,1202.33,85.17,Standard,7.08,2025-10,2025
ORD-01709,2024-09-09,CUST-0544,Home Office,South,Electronics,USB-C Charger,3,0.0,7806.93,1559.21,Standard,19.97,2024-09,2024
ORD-02717,2025-02-25,CUST-0434,Corporate,East,Electronics,Noise Cancelling Headphones,1,0.0,4693.67,1361.93,Standard,29.02,2025-02,2025
ORD-02753,2024-10-24,CUST-1302,Consumer,North,Clothing,Running Shoes,1,0.0,1063.11,254.67,Express,23.96,2024-10,2024
ORD-02524,2025-12-11,CUST-0597,Home Office,West,Electronics,Noise Cancelling Headphones,1,0.1,4224.3,1099.01,Express,26.02,2025-12,2025
ORD-02914,2025-07-20,CUST-1255,Consumer,West,Office Supplies,File Folder Pack,2,0.0,330.46,106.97,Same Day,32.37,2025-07,2025
ORD-01354,2025-01-17,CUST-0951,Consumer,East,Office Supplies,Whiteboard Marker Set,1,0.0,162.3,47.11,Standard,29.03,2025-01,2025
ORD-01546,2025-02-04,CUST-0454,Consumer,East,Clothing,Woolen Sweater,1,0.05,1804.42,491.77,Same Day,27.25,2025-02,2025
ORD-01284,2025-12-04,CUST-0054,Corporate,West,Clothing,Cotton T-Shirt,1,0.0,1214.78,110.83,Standard,9.12,2025-12,2025
ORD-02455,2024-12-14,CUST-0925,Corporate,East,Clothing,Formal Shirt,2,0.0,4044.04,413.86,Express,10.23,2024-12,2024
ORD-01058,2024-09-11,CUST-1323,Consumer,South,Clothing,Sports Cap,2,0.0,3037.76,332.07,Express,10.93,2024-09,2024
ORD-02886,2024-01-26,CUST-0016,Corporate,East,Electronics,Smartwatch,1,0.15,1403.39,307.94,Express,21.94,2024-01,2024
ORD-01199,2025-07-03,CUST-0820,Corporate,North,Clothing,Cotton T-Shirt,1,0.0,1214.78,110.83,Same Day,9.12,2025-07,2025
ORD-01964,2024-01-26,CUST-0957,Corporate,West,Furniture,Filing Cabinet,2,0.1,13862.03,3068.69,Express,22.14,2024-01,2024
ORD-02594,2024-07-19,CUST-1377,Consumer,West,Furniture,Bed Side Table,2,0.0,10503.18,3063.28,Express,29.17,2024-07,2024
ORD-01287,2024-11-04,CUST-0852,Consumer,West,Clothing,Sports Cap,2,0.0,3037.76,332.07,Same Day,10.93,2024-11,2024
ORD-01698,2024-05-16,CUST-0556,Consumer,East,Furniture,Study Table,2,0.0,13094.4,1541.65,Standard,11.77,2024-05,2024
ORD-02526,2024-07-10,CUST-1111,Consumer,North,Electronics,Smartwatch,2,0.0,3302.1,873.15,Express,26.44,2024-07,2024
ORD-01955,2024-10-24,CUST-0767,Home Office,North,Furniture,Bed Side Table,1,0.0,5251.59,1531.64,Express,29.17,2024-10,2024
ORD-02550,2024-10-21,CUST-0754,Consumer,West,Electronics,Webcam HD,1,0.0,4621.72,955.68,Express,20.68,2024-10,2024
ORD-01561,2024-11-10,CUST-0506,Corporate,South,Furniture,Bed Side Table,1,0.0,5251.59,1531.64,Standard,29.17,2024-11,2024
ORD-01211,2025-11-24,CUST-0859,Consumer,South,Clothing,Cotton T-Shirt,2,0.0,2429.56,221.66,Express,9.12,2025-11,2025
ORD-02317,2024-12-18,CUST-0234,Consumer,East,Electronics,Wireless Mouse,2,0.0,9558.72,1007.76,Same Day,10.54,2024-12,2024
ORD-02959,2025-01-26,CUST-1021,Corporate,North,Office Supplies,File Folder Pack,2,0.0,330.46,106.97,Express,32.37,2025-01,2025
ORD-01074,2024-02-05,CUST-1036,Consumer,West,Clothing,Cotton T-Shirt,3,0.1,3279.91,200.85,Standard,6.12,2024-02,2024
ORD-01564,2024-06-22,CUST-0618,Consumer,West,Electronics,Bluetooth Speaker,2,0.0,11736.72,2366.17,Standard,20.16,2024-06,2024
ORD-03059,2025-08-15,CUST-0553,Consumer,East,Office Supplies,Stapler,1,0.0,252.46,54.35,Standard,21.53,2025-08,2025
ORD-01017,2025-07-24,CUST-0616,Corporate,East,Clothing,Cotton T-Shirt,1,0.05,1154.04,87.98,Express,7.62,2025-07,2025
ORD-01242,2025-07-25,CUST-0806,Home Office,East,Clothing,Woolen Sweater,1,0.0,1899.39,546.14,Standard,28.75,2025-07,2025
ORD-01718,2024-02-22,CUST-0194,Consumer,West,Office Supplies,Desk Organizer,2,0.05,343.41,38.71,Standard,11.27,2024-02,2024
ORD-02851,2025-01-08,CUST-0637,Consumer,South,Electronics,Noise Cancelling Headphones,1,0.0,4693.67,1361.93,Standard,29.02,2025-01,2025
ORD-02808,2025-10-27,CUST-1323,Consumer,West,Office Supplies,File Folder Pack,2,0.05,313.94,96.91,Express,30.87,2025-10,2025
ORD-02528,2024-11-13,CUST-0055,Corporate,East,Furniture,Recliner Sofa,1,0.0,6837.7,654.65,Standard,9.57,2024-11,2024
ORD-01557,2025-10-08,CUST-0574,Consumer,North,Clothing,Formal Shirt,1,0.0,2022.02,206.93,Express,10.23,2025-10,2025
ORD-01539,2024-09-28,CUST-0176,Consumer,East,Furniture,Wall Shelf,1,0.0,8917.06,1764.81,Standard,19.79,2024-09,2024
ORD-01377,2025-10-16,CUST-0021,Consumer,East,Furniture,Bookshelf,2,0.0,2603.2,703.89,Standard,27.04,2025-10,2025
ORD-01093,2024-06-01,CUST-1064,Corporate,East,Electronics,Bluetooth Speaker,2,0.1,10563.05,1812.66,Express,17.16,2024-06,2024
ORD-01804,2025-11-13,CUST-0925,Consumer,East,Clothing,Sports Cap,1,0.15,1291.05,83.03,Same Day,6.43,2025-11,2025
ORD-02029,2024-12-07,CUST-0487,Home Office,North,Electronics,Noise Cancelling Headphones,2,0.0,9387.34,2723.86,Express,29.02,2024-12,2024
ORD-01089,2024-01-01,CUST-0066,Consumer,North,Electronics,Power Bank 10000mAh,1,0.0,1623.15,423.4,Standard,26.09,2024-01,2024
ORD-02496,2025-09-29,CUST-0797,Consumer,South,Office Supplies,Printer Ink Cartridge,1,0.0,370.95,92.51,Express,24.94,2025-09,2025
ORD-01054,2025-06-22,CUST-1236,Corporate,North,Electronics,Wireless Mouse,1,0.1,4301.42,324.45,Same Day,7.54,2025-06,2025
ORD-01537,2024-12-24,CUST-0141,Consumer,East,Office Supplies,Ballpoint Pen Box,1,0.0,80.32,27.29,Standard,33.98,2024-12,2024
ORD-02161,2024-12-30,CUST-1095,Home Office,East,Clothing,Sports Cap,2,0.05,2885.87,272.18,Express,9.43,2024-12,2024
ORD-02224,2024-04-11,CUST-0955,Consumer,West,Furniture,Recliner Sofa,1,0.0,6837.7,654.65,Express,9.57,2024-04,2024
ORD-02340,2024-07-27,CUST-0107,Consumer,West,Furniture,Filing Cabinet,2,0.0,15402.26,3871.73,Express,25.14,2024-07,2024
ORD-02954,2024-10-10,CUST-0161,Consumer,South,Furniture,Bed Side Table,1,0.1,4726.43,1236.68,Express,26.17,2024-10,2024
ORD-01113,2024-08-08,CUST-0465,Consumer,North,Office Supplies,Stapler,2,0.1,454.43,84.2,Standard,18.53,2024-08,2024
ORD-02272,2024-07-24,CUST-0425,Consumer,South,Office Supplies,Stapler,1,0.05,239.84,48.04,Standard,20.03,2024-07,2024
ORD-01381,2024-11-15,CUST-0958,Consumer,North,Clothing,Running Shoes,1,0.0,1063.11,254.67,Express,23.96,2024-11,2024
ORD-01558,2024-02-27,CUST-0013,Home Office,South,Office Supplies,Ballpoint Pen Box,1,0.1,72.29,22.39,Standard,30.97,2024-02,2024
ORD-02245,2024-10-23,CUST-0792,Consumer,North,Clothing,Running Shoes,1,0.0,1063.11,254.67,Standard,23.96,2024-10,2024
ORD-02843,2024-08-23,CUST-0876,Consumer,North,Clothing,Rain Jacket,1,0.05,1202.33,85.17,Standard,7.08,2024-08,2024
ORD-01274,2024-01-27,CUST-0506,Corporate,West,Clothing,Denim Jeans,1,0.0,527.49,125.89,Standard,23.87,2024-01,2024
ORD-02256,2024-07-01,CUST-0212,Consumer,East,Electronics,Laptop Stand,1,0.0,1827.09,457.78,Standard,25.06,2024-07,2024
ORD-02945,2025-02-17,CUST-0121,Corporate,West,Electronics,Smartwatch,1,0.0,1651.05,436.58,Standard,26.44,2025-02,2025
ORD-02329,2024-01-16,CUST-0261,Consumer,East,Clothing,Woolen Sweater,1,0.15,1614.48,391.57,Express,24.25,2024-01,2024
ORD-01058,2024-09-11,CUST-1323,Consumer,South,Electronics,Noise Cancelling Headphones,2,0.1,8448.61,2198.02,Express,26.02,2024-09,2024
ORD-02502,2025-07-08,CUST-1173,Corporate,North,Electronics,Smartwatch,2,0.0,3302.1,873.15,Standard,26.44,2025-07,2025
ORD-01209,2024-01-30,CUST-0189,Corporate,West,Electronics,Laptop Stand,1,0.0,1827.09,457.78,Express,25.06,2024-01,2024
ORD-02891,2025-05-04,CUST-0415,Consumer,East,Electronics,Bluetooth Speaker,1,0.0,5868.36,1183.09,Standard,20.16,2025-05,2025
ORD-01713,2025-12-18,CUST-1078,Home Office,East,Electronics,Webcam HD,1,0.0,4621.72,955.68,Standard,20.68,2025-12,2025
ORD-01699,2025-05-26,CUST-0994,Consumer,South,Office Supplies,A4 Paper Ream,1,0.2,331.56,8.66,Standard,2.61,2025-05,2025
ORD-02425,2024-03-15,CUST-0060,Home Office,South,Office Supplies,Whiteboard Marker Set,2,0.15,275.91,67.67,Standard,24.53,2024-03,2024
ORD-01851,2024-11-29,CUST-0355,Consumer,North,Furniture,Office Chair,1,0.0,12690.96,3867.06,Standard,30.47,2024-11,2024
ORD-02907,2025-09-11,CUST-0324,Consumer,North,Electronics,Smartwatch,2,0.0,3302.1,873.15,Standard,26.44,2025-09,2025
ORD-02567,2025-03-31,CUST-1014,Consumer,East,Electronics,Noise Cancelling Headphones,3,0.15,11968.86,2934.33,Standard,24.52,2025-03,2025
ORD-02445,2025-05-21,CUST-0035,Corporate,North,Clothing,Cotton T-Shirt,1,0.1,1093.3,66.95,Standard,6.12,2025-05,2025
ORD-02967,2025-10-20,CUST-0793,Consumer,North,Furniture,Bookshelf,1,0.0,1301.6,351.95,Standard,27.04,2025-10,2025
ORD-02918,2024-11-02,CUST-0236,Home Office,East,Electronics,Bluetooth Speaker,1,0.15,4988.11,781.16,Standard,15.66,2024-11,2024
ORD-01108,2025-04-22,CUST-0768,Consumer,North,Clothing,Woolen Sweater,1,0.0,1899.39,546.14,Standard,28.75,2025-04,2025
ORD-02640,2025-10-27,CUST-0193,Consumer,North,Electronics,Noise Cancelling Headphones,1,0.0,4693.67,1361.93,Express,29.02,2025-10,2025
ORD-01343,2024-10-22,CUST-0841,Corporate,East,Electronics,Wireless Mouse,1,0.0,4779.36,503.88,Express,10.54,2024-10,2024
ORD-01149,2025-09-10,CUST-0514,Corporate,North,Office Supplies,Stapler,1,0.1,227.21,42.1,Same Day,18.53,2025-09,2025
ORD-02464,2025-09-01,CUST-0822,Home Office,West,Office Supplies,Sticky Notes Pack,1,0.0,245.23,39.58,Express,16.14,2025-09,2025
ORD-01601,2025-07-13,CUST-0889,Corporate,North,Electronics,Wireless Mouse,1,0.1,4301.42,324.45,Standard,7.54,2025-07,2025
ORD-02323,2025-07-22,CUST-0571,Corporate,North,Furniture,Wall Shelf,1,0.1,8025.35,1347.57,Same Day,16.79,2025-07,2025
ORD-01601,2025-07-13,CUST-0889,Corporate,North,Electronics,Smartwatch,1,0.0,1651.05,436.58,Standard,26.44,2025-07,2025
ORD-01792,2024-06-18,CUST-1292,Home Office,North,Furniture,Bean Bag,2,0.0,15066.08,1671.18,Standard,11.09,2024-06,2024
ORD-01687,2024-09-24,CUST-1027,Consumer,East,Office Supplies,File Folder Pack,1,0.0,165.23,53.49,Express,32.37,2024-09,2024
ORD-02364,2025-11-16,CUST-0310,Corporate,East,Electronics,Power Bank 10000mAh,1,0.0,1623.15,423.4,Standard,26.09,2025-11,2025
ORD-01910,2024-04-04,CUST-0923,Consumer,South,Electronics,Smartwatch,1,0.2,1320.84,270.01,Standard,20.44,2024-04,2024
ORD-03044,2024-12-07,CUST-1213,Consumer,West,Office Supplies,Printer Ink Cartridge,1,0.15,315.31,64.44,Standard,20.44,2024-12,2024
ORD-01621,2025-09-16,CUST-0949,Corporate,South,Electronics,Power Bank 10000mAh,1,0.0,1623.15,423.4,Standard,26.09,2025-09,2025
ORD-01741,2025-06-29,CUST-1115,Consumer,South,Office Supplies,Printer Ink Cartridge,1,0.0,370.95,92.51,Standard,24.94,2025-06,2025
ORD-02155,2024-02-28,CUST-0398,Consumer,East,Office Supplies,Printer Ink Cartridge,1,0.05,352.4,82.59,Express,23.44,2024-02,2024
ORD-02337,2025-07-29,CUST-0214,Consumer,West,Furniture,Filing Cabinet,2,0.1,13862.03,3068.69,Standard,22.14,2025-07,2025
ORD-02674,2025-08-13,CUST-0639,Consumer,West,Office Supplies,Desk Organizer,2,0.0,361.48,46.17,Standard,12.77,2025-08,2025
ORD-03014,2024-05-13,CUST-0201,Corporate,North,Furniture,Recliner Sofa,1,0.0,6837.7,654.65,Standard,9.57,2024-05,2024
ORD-02490,2025-11-23,CUST-0475,Consumer,East,Clothing,Formal Shirt,1,0.0,2022.02,206.93,Standard,10.23,2025-11,2025
ORD-01550,2024-01-25,CUST-0689,Corporate,West,Electronics,Webcam HD,1,0.0,4621.72,955.68,Standard,20.68,2024-01,2024
ORD-01072,2024-01-11,CUST-0539,Consumer,South,Electronics,Noise Cancelling Headphones,1,0.05,4458.99,1226.95,Standard,27.52,2024-01,2024
ORD-01544,2025-09-18,CUST-0444,Corporate,North,Office Supplies,Ballpoint Pen Box,2,0.0,160.64,54.57,Standard,33.97,2025-09,2025
ORD-01764,2024-03-20,CUST-1248,Corporate,West,Electronics,Bluetooth Speaker,2,0.0,11736.72,2366.17,Same Day,20.16,2024-03,2024
ORD-02301,2024-05-12,CUST-0706,Consumer,North,Clothing,Formal Shirt,1,0.0,2022.02,206.93,Standard,10.23,2024-05,2024
ORD-02328,2024-12-02,CUST-0882,Corporate,South,Electronics,Laptop Stand,1,0.0,1827.09,457.78,Standard,25.06,2024-12,2024
ORD-02455,2024-12-14,CUST-0925,Corporate,East,Office Supplies,A4 Paper Ream,1,0.15,352.28,14.49,Express,4.11,2024-12,2024
ORD-02182,2025-03-22,CUST-0993,Consumer,West,Electronics,Webcam HD,1,0.0,4621.72,955.68,Same Day,20.68,2025-03,2025
ORD-02165,2025-02-10,CUST-0909,Consumer,North,Furniture,Office Chair,1,0.0,12690.96,3867.06,Same Day,30.47,2025-02,2025
ORD-01705,2025-11-03,CUST-0209,Consumer,North,Office Supplies,Printer Ink Cartridge,1,0.1,333.86,73.24,Standard,21.94,2025-11,2025
ORD-01495,2024-05-09,CUST-0853,Corporate,West,Office Supplies,Whiteboard Marker Set,1,0.0,162.3,47.11,Standard,29.03,2024-05,2024
ORD-01859,2024-01-04,CUST-1396,Consumer,North,Electronics,Noise Cancelling Headphones,2,0.0,9387.34,2723.86,Standard,29.02,2024-01,2024
ORD-02378,2024-03-14,CUST-0313,Consumer,West,Office Supplies,File Folder Pack,1,0.0,165.23,53.49,Express,32.37,2024-03,2024
ORD-01082,2024-09-26,CUST-1169,Consumer,West,Clothing,Sports Cap,1,0.0,1518.88,166.04,Standard,10.93,2024-09,2024
ORD-02767,2024-05-17,CUST-0742,Consumer,South,Office Supplies,A4 Paper Ream,1,0.05,393.73,28.01,Same Day,7.11,2024-05,2024
ORD-01684,2024-11-23,CUST-0229,Corporate,South,Furniture,Study Table,3,0.0,19641.6,2312.47,Standard,11.77,2024-11,2024
ORD-01920,2025-05-05,CUST-1102,Consumer,North,Electronics,Webcam HD,2,0.0,9243.44,1911.36,Standard,20.68,2025-05,2025
ORD-01080,2025-06-15,CUST-0604,Corporate,East,Clothing,Sports Cap,1,0.0,1518.88,166.04,Express,10.93,2025-06,2025
ORD-02813,2025-01-11,CUST-0833,Consumer,South,Office Supplies,Ballpoint Pen Box,1,0.0,80.32,27.29,Express,33.98,2025-01,2025
ORD-01670,2025-11-10,CUST-0448,Consumer,North,Furniture,Recliner Sofa,1,0.0,6837.7,654.65,Express,9.57,2025-11,2025
ORD-01337,2025-07-16,CUST-0381,Consumer,East,Office Supplies,File Folder Pack,1,0.0,165.23,53.49,Standard,32.37,2025-07,2025
ORD-01123,2024-08-28,CUST-1215,Home Office,South,Clothing,Rain Jacket,1,0.0,1265.61,108.63,Standard,8.58,2024-08,2024
ORD-01181,2025-10-10,CUST-0981,Corporate,East,Office Supplies,Stapler,1,0.0,252.46,54.35,Standard,21.53,2025-10,2025
ORD-02856,2025-03-13,CUST-0243,Consumer,East,Electronics,Noise Cancelling Headphones,2,0.1,8448.61,2198.02,Same Day,26.02,2025-03,2025
ORD-02009,2025-06-14,CUST-1317,Consumer,South,Electronics,Webcam HD,1,0.05,4390.63,842.04,Express,19.18,2025-06,2025
ORD-02557,2025-10-31,CUST-1059,Corporate,West,Office Supplies,Desk Organizer,1,0.1,162.67,15.9,Same Day,9.77,2025-10,2025
ORD-01262,2025-05-29,CUST-0061,Corporate,West,Electronics,Power Bank 10000mAh,2,0.0,3246.3,846.8,Same Day,26.09,2025-05,2025
ORD-02962,2025-03-21,CUST-1090,Corporate,East,Office Supplies,Desk Organizer,1,0.0,180.74,23.09,Standard,12.78,2025-03,2025
ORD-01425,2025-12-06,CUST-1155,Consumer,North,Furniture,Bookshelf,1,0.0,1301.6,351.95,Express,27.04,2025-12,2025
ORD-01491,2025-07-24,CUST-0178,Consumer,West,Furniture,Office Chair,3,0.15,32361.95,8404.73,Standard,25.97,2025-07,2025
ORD-01998,2024-03-29,CUST-0336,Corporate,East,Electronics,USB-C Charger,4,0.0,10409.24,2078.95,Standard,19.97,2024-03,2024
ORD-02473,2024-07-16,CUST-0030,Consumer,North,Office Supplies,Desk Organizer,2,0.2,289.18,19.59,Standard,6.77,2024-07,2024
ORD-02213,2024-03-25,CUST-0036,Consumer,South,Electronics,Power Bank 10000mAh,1,0.05,1541.99,379.1,Standard,24.59,2024-03,2024
ORD-01754,2024-08-30,CUST-0151,Consumer,West,Office Supplies,Ballpoint Pen Box,1,0.0,80.32,27.29,Standard,33.98,2024-08,2024
ORD-02185,2024-02-20,CUST-1167,Consumer,North,Electronics,Laptop Stand,1,0.0,1827.09,457.78,Standard,25.06,2024-02,2024
ORD-01271,2025-09-09,CUST-1148,Consumer,East,Electronics,Power Bank 10000mAh,1,0.15,1379.68,297.8,Same Day,21.58,2025-09,2025
ORD-02340,2024-07-27,CUST-0107,Consumer,West,Office Supplies,Printer Ink Cartridge,2,0.0,741.9,185.01,Express,24.94,2024-07,2024
ORD-01328,2024-04-03,CUST-0079,Consumer,North,Clothing,Running Shoes,2,0.05,2019.91,453.57,Standard,22.45,2024-04,2024
ORD-02072,2025-10-14,CUST-1106,Consumer,West,Furniture,Bookshelf,1,0.0,1301.6,351.95,Same Day,27.04,2025-10,2025
ORD-01495,2024-05-09,CUST-0853,Corporate,West,Office Supplies,Desk Organizer,1,0.0,180.74,23.09,Standard,12.78,2024-05,2024
ORD-02095,2024-08-12,CUST-0136,Corporate,South,Electronics,Laptop Stand,2,0.0,3654.18,915.55,Express,25.05,2024-08,2024
ORD-01015,2025-12-23,CUST-0063,Consumer,West,Furniture,Bed Side Table,1,0.0,5251.59,1043.36,Standard,19.87,2025-12,2025
ORD-02210,2025-06-16,CUST-0677,Corporate,East,Electronics,Bluetooth Speaker,1,0.0,5868.36,1183.09,Standard,20.16,2025-06,2025
ORD-02114,2025-11-12,CUST-1274,Home Office,North,Clothing,Woolen Sweater,1,0.0,1899.39,546.14,Same Day,28.75,2025-11,2025
ORD-03006,2025-10-22,CUST-1219,Corporate,East,Office Supplies,File Folder Pack,2,0.0,330.46,106.97,Express,32.37,2025-10,2025
ORD-02636,2025-05-19,CUST-1204,Consumer,East,Electronics,Wireless Mouse,2,0.0,9558.72,1007.76,Express,10.54,2025-05,2025
ORD-02784,2025-02-17,CUST-1143,Consumer,East,Furniture,Wall Shelf,1,0.0,8917.06,1764.81,Same Day,19.79,2025-02,2025
ORD-01916,2024-07-28,CUST-0162,Consumer,South,Clothing,Hoodie,1,0.15,1324.13,215.62,Standard,16.28,2024-07,2024
ORD-01760,2025-08-25,CUST-0541,Home Office,East,Clothing,Formal Shirt,2,0.0,4044.04,413.86,Express,10.23,2025-08,2025
ORD-01295,2024-12-30,CUST-0258,Corporate,North,Electronics,Power Bank 10000mAh,1,0.0,1623.15,423.4,Express,26.09,2024-12,2024
ORD-02443,2025-12-09,CUST-0271,Corporate,West,Electronics,Smartwatch,2,0.0,3302.1,873.15,Standard,26.44,2025-12,2025
ORD-02956,2024-04-14,CUST-0060,Consumer,East,Furniture,Wall Shelf,1,0.0,8917.06,1764.81,Express,19.79,2024-04,2024
ORD-02288,2025-08-14,CUST-1105,Consumer,East,Electronics,Noise Cancelling Headphones,1,0.0,4693.67,1361.93,Standard,29.02,2025-08,2025
ORD-01676,2025-05-16,CUST-1239,Consumer,North,Office Supplies,Sticky Notes Pack,1,0.0,245.23,39.58,Standard,16.14,2025-05,2025
ORD-02335,2025-08-14,CUST-1176,Home Office,South,Electronics,USB-C Charger,1,0.0,2602.31,519.74,Standard,19.97,2025-08,2025
ORD-01064,2025-04-02,CUST-0954,Home Office,North,Electronics,Bluetooth Speaker,1,0.05,5574.94,1040.31,Standard,18.66,2025-04,2025
ORD-02697,2025-12-29,CUST-1359,Consumer,South,Clothing,Sports Cap,1,0.2,1215.1,59.92,Express,4.93,2025-12,2025
ORD-02401,2025-03-30,CUST-0836,Consumer,North,Clothing,Hoodie,1,0.0,1557.8,323.78,Standard,20.78,2025-03,2025
ORD-02922,2025-10-25,CUST-0573,Consumer,West,Office Supplies,Ballpoint Pen Box,1,0.0,80.32,27.29,Same Day,33.98,2025-10,2025
ORD-01961,2024-10-19,CUST-0587,Consumer,East,Office Supplies,Stapler,1,0.0,252.46,54.35,Standard,21.53,2024-10,2024
ORD-02189,2024-12-02,CUST-0087,Consumer,West,Office Supplies,Desk Organizer,1,0.0,180.74,23.09,Express,12.78,2024-12,2024
ORD-02961,2025-10-13,CUST-0258,Consumer,South,Office Supplies,Ballpoint Pen Box,1,0.0,80.32,27.29,Express,33.98,2025-10,2025
ORD-02126,2025-01-03,CUST-1381,Consumer,North,Electronics,USB-C Charger,1,0.05,2472.19,456.67,Standard,18.47,2025-01,2025
ORD-02073,2024-08-04,CUST-0850,Corporate,East,Office Supplies,Ballpoint Pen Box,1,0.0,80.32,27.29,Express,33.98,2024-08,2024
ORD-01896,2024-09-18,CUST-1392,Consumer,North,Clothing,Running Shoes,1,0.0,1063.11,254.67,Standard,23.96,2024-09,2024
ORD-01959,2025-10-12,CUST-0897,Corporate,North,Clothing,Denim Jeans,2,0.0,1054.98,251.79,Express,23.87,2025-10,2025
ORD-01696,2025-09-11,CUST-0841,Corporate,East,Clothing,Formal Shirt,1,0.0,2022.02,206.93,Standard,10.23,2025-09,2025
ORD-01813,2024-12-21,CUST-0382,Corporate,South,Office Supplies,Ballpoint Pen Box,1,0.0,80.32,27.29,Express,33.98,2024-12,2024
ORD-02133,2024-04-10,CUST-1315,Consumer,West,Office Supplies,File Folder Pack,1,0.0,165.23,53.49,Standard,32.37,2024-04,2024
ORD-02452,2025-10-29,CUST-0696,Corporate,North,Furniture,Wall Shelf,1,0.15,7579.5,1159.01,Standard,15.29,2025-10,2025
ORD-02773,2024-12-31,CUST-1003,Consumer,South,Clothing,Hoodie,1,0.0,1557.8,323.78,Express,20.78,2024-12,2024
ORD-01163,2025-08-05,CUST-0656,Corporate,North,Electronics,Noise Cancelling Headphones,1,0.0,4693.67,1361.93,Same Day,29.02,2025-08,2025
ORD-02133,2024-04-10,CUST-1315,Consumer,West,Clothing,Woolen Sweater,1,0.2,1519.51,345.74,Standard,22.75,2024-04,2024
ORD-01095,2024-09-06,CUST-1328,Consumer,South,Clothing,Formal Shirt,1,0.1,1819.82,131.64,Express,7.23,2024-09,2024
ORD-02581,2024-02-10,CUST-0666,Consumer,North,Clothing,Woolen Sweater,3,0.0,5698.17,1638.42,Standard,28.75,2024-02,2024
ORD-01104,2025-03-21,CUST-0286,Corporate,West,Office Supplies,Printer Ink Cartridge,1,0.0,370.95,92.51,Standard,24.94,2025-03,2025
ORD-02343,2024-07-20,CUST-1360,Corporate,West,Electronics,Laptop Stand,1,0.05,1735.74,408.85,Express,23.55,2024-07,2024
ORD-01301,2024-11-17,CUST-0367,Consumer,North,Furniture,Bed Side Table,1,0.0,5251.59,1531.64,Standard,29.17,2024-11,2024
ORD-01782,2024-01-29,CUST-0020,Consumer,North,Furniture,Bookshelf,1,0.0,1301.6,351.95,Same Day,27.04,2024-01,2024
ORD-01525,2025-12-26,CUST-0362,Corporate,South,Furniture,Office Chair,1,0.05,12056.41,3492.86,Standard,28.97,2025-12,2025
ORD-02904,2025-10-22,CUST-0721,Corporate,South,Office Supplies,Stapler,1,0.0,252.46,54.35,Express,21.53,2025-10,2025
ORD-03041,2024-04-13,CUST-1030,Home Office,West,Electronics,Laptop Stand,1,0.15,1553.03,319.22,Standard,20.55,2024-04,2024
ORD-01752,2024-05-10,CUST-0679,Consumer,East,Furniture,Bean Bag,1,0.05,7156.39,686.46,Express,9.59,2024-05,2024
ORD-01664,2024-06-01,CUST-1127,Consumer,South,Clothing,Running Shoes,1,0.0,1063.11,254.67,Express,23.96,2024-06,2024
ORD-01440,2024-08-08,CUST-0654,Consumer,East,Furniture,Bed Side Table,1,0.0,5251.59,1531.64,Standard,29.17,2024-08,2024
ORD-01657,2025-08-21,CUST-0009,Consumer,East,Office Supplies,A4 Paper Ream,1,0.0,414.45,35.7,Standard,8.61,2025-08,2025
ORD-02168,2024-12-21,CUST-0850,Consumer,West,Office Supplies,Desk Organizer,1,0.15,153.63,12.71,Standard,8.27,2024-12,2024
ORD-01795,2024-04-14,CUST-1299,Consumer,South,Clothing,Cotton T-Shirt,1,0.0,1214.78,110.83,Standard,9.12,2024-04,2024
ORD-01507,2024-04-14,CUST-0444,Consumer,South,Electronics,Webcam HD,3,0.15,11785.39,1906.64,Standard,16.18,2024-04,2024
ORD-01528,2025-04-18,CUST-1273,Consumer,South,Clothing,Hoodie,2,0.05,2959.82,570.78,Standard,19.28,2025-04,2025
ORD-01044,2025-12-07,CUST-0737,Corporate,East,Electronics,Power Bank 10000mAh,1,0.0,1623.15,423.4,Standard,26.09,2025-12,2025
ORD-02266,2025-06-27,CUST-1193,Corporate,East,Office Supplies,Sticky Notes Pack,2,0.05,465.94,68.22,Standard,14.64,2025-06,2025
ORD-02456,2025-12-10,CUST-0203,Consumer,South,Furniture,Bean Bag,2,0.0,15066.08,1671.18,Standard,11.09,2025-12,2025
ORD-02263,2024-06-12,CUST-0443,Consumer,East,Electronics,Smartwatch,1,0.0,1651.05,436.58,Standard,26.44,2024-06,2024
ORD-02648,2024-05-24,CUST-0137,Corporate,North,Electronics,Smartwatch,1,0.15,1403.39,307.94,Express,21.94,2024-05,2024
ORD-02971,2025-06-02,CUST-0281,Home Office,North,Clothing,Denim Jeans,2,0.0,1054.98,251.79,Standard,23.87,2025-06,2025
ORD-02435,2025-09-12,CUST-0512,Consumer,East,Office Supplies,File Folder Pack,1,0.05,156.97,48.46,Standard,30.87,2025-09,2025
ORD-01529,2025-07-21,CUST-0780,Consumer,East,Furniture,Recliner Sofa,1,0.05,6495.82,524.48,Standard,8.07,2025-07,2025
ORD-02764,2025-10-02,CUST-1188,Corporate,North,Furniture,Bookshelf,1,0.0,1301.6,351.95,Same Day,27.04,2025-10,2025
ORD-01808,2024-11-06,CUST-0541,Corporate,South,Electronics,Laptop Stand,1,0.0,1827.09,457.78,Same Day,25.06,2024-11,2024
ORD-02024,2025-12-10,CUST-1088,Home Office,East,Clothing,Hoodie,1,0.2,1246.24,184.25,Standard,14.78,2025-12,2025
ORD-02310,2024-09-13,CUST-1085,Consumer,West,Office Supplies,Desk Organizer,1,0.0,180.74,23.09,Standard,12.78,2024-09,2024
ORD-01465,2025-03-13,CUST-1358,Consumer,West,Office Supplies,File Folder Pack,1,0.0,165.23,53.49,Same Day,32.37,2025-03,2025
ORD-02367,2024-09-21,CUST-0698,Home Office,West,Electronics,Webcam HD,2,0.0,9243.44,1911.36,Standard,20.68,2024-09,2024
ORD-01417,2024-11-24,CUST-0728,Consumer,South,Clothing,Formal Shirt,1,0.0,2022.02,206.93,Standard,10.23,2024-11,2024
ORD-02198,2025-12-25,CUST-0781,Consumer,West,Furniture,Bed Side Table,1,0.0,5251.59,1531.64,Standard,29.17,2025-12,2025
ORD-01097,2024-07-02,CUST-0431,Corporate,North,Office Supplies,Sticky Notes Pack,1,0.0,245.23,39.58,Express,16.14,2024-07,2024
ORD-01945,2025-01-20,CUST-0699,Corporate,West,Electronics,Smartwatch,2,0.0,3302.1,873.15,Standard,26.44,2025-01,2025
ORD-02269,2024-02-15,CUST-0296,Consumer,North,Furniture,Study Table,1,0.0,6547.2,1300.76,Standard,19.87,2024-02,2024
ORD-01593,2025-10-06,CUST-1042,Corporate,South,Electronics,Smartwatch,1,0.0,1651.05,436.58,Standard,26.44,2025-10,2025
ORD-01246,2024-11-12,CUST-1356,Home Office,East,Electronics,Smartwatch,1,0.0,1651.05,436.58,Express,26.44,2024-11,2024
ORD-01301,2024-11-17,CUST-0367,Consumer,North,Electronics,Bluetooth Speaker,1,0.0,5868.36,1183.09,Standard,20.16,2024-11,2024
ORD-01444,2025-10-18,CUST-1167,Consumer,East,Electronics,Wireless Mouse,2,0.0,9558.72,1007.76,Express,10.54,2025-10,2025
ORD-01239,2025-12-13,CUST-1139,Consumer,East,Electronics,Wireless Mouse,1,0.05,4540.39,410.58,Standard,9.04,2025-12,2025
ORD-02506,2025-11-07,CUST-0432,Corporate,West,Clothing,Running Shoes,2,0.0,2126.22,509.33,Express,23.95,2025-11,2025
ORD-01162,2025-12-15,CUST-0824,Consumer,South,Office Supplies,A4 Paper Ream,1,0.0,414.45,35.7,Standard,8.61,2025-12,2025
ORD-02263,2024-06-12,CUST-0443,Consumer,East,Furniture,Bed Side Table,1,0.1,4726.43,1236.68,Standard,26.17,2024-06,2024
ORD-02972,2025-06-21,CUST-0978,Consumer,East,Furniture,Study Table,1,0.05,6219.84,638.98,Standard,10.27,2025-06,2025
ORD-01199,2025-07-03,CUST-0820,Corporate,North,Clothing,Formal Shirt,1,0.0,2022.02,206.93,Same Day,10.23,2025-07,2025
ORD-03032,2024-12-02,CUST-0123,Home Office,North,Office Supplies,Printer Ink Cartridge,1,0.0,370.95,92.51,Standard,24.94,2024-12,2024
ORD-01462,2025-01-25,CUST-1018,Home Office,North,Electronics,USB-C Charger,1,0.0,2602.31,519.74,Standard,19.97,2025-01,2025
ORD-02955,2024-07-12,CUST-0315,Home Office,North,Electronics,Noise Cancelling Headphones,2,0.0,9387.34,2723.86,Standard,29.02,2024-07,2024
ORD-01629,2024-08-02,CUST-1033,Corporate,North,Clothing,Woolen Sweater,2,0.0,3798.78,1092.28,Express,28.75,2024-08,2024
ORD-02663,2024-11-12,CUST-0052,Corporate,North,Office Supplies,Sticky Notes Pack,1,0.0,245.23,39.58,Standard,16.14,2024-11,2024
ORD-02733,2025-02-05,CUST-0966,Home Office,East,Office Supplies,A4 Paper Ream,2,0.0,828.9,71.4,Standard,8.61,2025-02,2025
ORD-01287,2024-11-04,CUST-0852,Consumer,West,Furniture,Bean Bag,1,0.0,7533.04,835.59,Same Day,11.09,2024-11,2024
ORD-01133,2024-10-13,CUST-0151,Consumer,North,Furniture,Filing Cabinet,1,0.0,7701.13,1935.86,Standard,25.14,2024-10,2024
ORD-02384,2024-11-14,CUST-0586,Consumer,North,Furniture,Bed Side Table,1,0.0,5251.59,1531.64,Standard,29.17,2024-11,2024
ORD-02369,2025-01-22,CUST-1357,Consumer,East,Office Supplies,Sticky Notes Pack,1,0.2,196.18,19.89,Express,10.14,2025-01,2025
ORD-01810,2024-09-03,CUST-1308,Home Office,North,Electronics,Webcam HD,2,0.1,8319.1,1470.65,Standard,17.68,2024-09,2024
ORD-01775,2025-06-11,CUST-0164,Consumer,North,Clothing,Sports Cap,1,0.0,1518.88,166.04,Standard,10.93,2025-06,2025
ORD-02056,2025-12-07,CUST-0524,Consumer,West,Office Supplies,Desk Organizer,1,0.0,180.74,23.09,Express,12.78,2025-12,2025
ORD-02918,2024-11-02,CUST-0236,Home Office,East,Electronics,Bluetooth Speaker,2,0.2,9389.38,1329.58,Standard,14.16,2024-11,2024
ORD-02729,2025-09-28,CUST-1216,Consumer,East,Furniture,Wall Shelf,1,0.0,8917.06,1764.81,Standard,19.79,2025-09,2025
ORD-01039,2025-01-03,CUST-1152,Consumer,North,Electronics,Power Bank 10000mAh,1,0.0,1623.15,423.4,Same Day,26.09,2025-01,2025
ORD-01638,2025-07-23,CUST-1382,Consumer,East,Furniture,Bed Side Table,1,0.0,5251.59,1531.64,Same Day,29.17,2025-07,2025
ORD-01444,2025-10-18,CUST-1167,Consumer,East,Electronics,Bluetooth Speaker,1,0.0,5868.36,1183.09,Express,20.16,2025-10,2025
ORD-02462,2025-10-13,CUST-1125,Corporate,North,Electronics,Noise Cancelling Headphones,1,0.05,4458.99,1226.95,Standard,27.52,2025-10,2025
ORD-01973,2025-10-03,CUST-0387,Consumer,West,Office Supplies,Desk Organizer,1,0.15,153.63,12.71,Standard,8.27,2025-10,2025
ORD-01345,2024-12-24,CUST-1396,Consumer,West,Office Supplies,Sticky Notes Pack,1,0.0,245.23,39.58,Standard,16.14,2024-12,2024
ORD-02089,2025-12-07,CUST-1074,Consumer,West,Clothing,Denim Jeans,1,0.0,527.49,125.89,Standard,23.87,2025-12,2025
ORD-02137,2024-04-08,CUST-0002,Consumer,North,Office Supplies,Printer Ink Cartridge,1,0.1,333.86,73.24,Express,21.94,2024-04,2024
ORD-01014,2024-03-25,CUST-1199,Consumer,West,Office Supplies,File Folder Pack,1,0.15,140.45,39.14,Standard,27.87,2024-03,2024
ORD-01650,2024-05-19,CUST-0095,Corporate,West,Electronics,Power Bank 10000mAh,1,0.0,1623.15,423.4,Express,26.09,2024-05,2024
ORD-01264,2024-08-25,CUST-0310,Consumer,West,Electronics,Wireless Mouse,2,0.0,9558.72,1007.76,Standard,10.54,2024-08,2024
ORD-02901,2024-07-13,CUST-0965,Home Office,North,Clothing,Woolen Sweater,1,0.0,1899.39,546.14,Express,28.75,2024-07,2024
ORD-01499,2025-03-06,CUST-0714,Consumer,North,Furniture,Bookshelf,1,0.0,1301.6,351.95,Standard,27.04,2025-03,2025
ORD-01420,2025-06-20,CUST-1083,Consumer,East,Electronics,Power Bank 10000mAh,2,0.0,3246.3,846.8,Standard,26.09,2025-06,2025
ORD-01335,2025-05-30,CUST-0168,Consumer,South,Furniture,Study Table,1,0.0,6547.2,770.82,Standard,11.77,2025-05,2025
ORD-03016,2024-05-03,CUST-0431,Consumer,South,Office Supplies,Desk Organizer,1,0.0,180.74,23.09,Express,12.78,2024-05,2024
ORD-01691,2024-10-20,CUST-0781,Corporate,East,Office Supplies,Whiteboard Marker Set,1,0.0,162.3,47.11,Standard,29.03,2024-10,2024
ORD-02200,2024-04-17,CUST-0047,Corporate,South,Office Supplies,File Folder Pack,1,0.15,140.45,39.14,Standard,27.87,2024-04,2024
ORD-02668,2025-10-04,CUST-0776,Corporate,West,Electronics,Bluetooth Speaker,1,0.0,5868.36,1183.09,Standard,20.16,2025-10,2025
ORD-02824,2025-12-05,CUST-0812,Consumer,North,Furniture,Wall Shelf,1,0.0,8917.06,1764.81,Express,19.79,2025-12,2025
ORD-02691,2025-05-31,CUST-0705,Consumer,South,Electronics,Power Bank 10000mAh,1,0.05,1541.99,379.1,Standard,24.59,2025-05,2025
ORD-02692,2025-12-21,CUST-0466,Consumer,North,Office Supplies,Whiteboard Marker Set,1,0.0,162.3,47.11,Express,29.03,2025-12,2025
ORD-02799,2024-10-19,CUST-0702,Corporate,South,Office Supplies,A4 Paper Ream,1,0.0,414.45,35.7,Same Day,8.61,2024-10,2024
ORD-02382,2024-03-11,CUST-0552,Consumer,East,Clothing,Rain Jacket,1,0.0,1265.61,108.63,Standard,8.58,2024-03,2024
ORD-02670,2024-12-29,CUST-0034,Corporate,South,Electronics,Wireless Mouse,2,0.05,9080.78,821.16,Same Day,9.04,2024-12,2024
ORD-01366,2024-10-29,CUST-1128,Home Office,West,Office Supplies,Printer Ink Cartridge,1,0.0,370.95,92.51,Standard,24.94,2024-10,2024
ORD-02632,2024-02-12,CUST-0726,Consumer,West,Electronics,Wireless Mouse,1,0.0,4779.36,503.88,Standard,10.54,2024-02,2024
ORD-01934,2024-09-03,CUST-1025,Consumer,West,Electronics,Webcam HD,1,0.0,4621.72,955.68,Standard,20.68,2024-09,2024
ORD-01240,2024-07-08,CUST-1298,Consumer,North,Furniture,Study Table,1,0.0,6547.2,770.82,Standard,11.77,2024-07,2024
ORD-02313,2025-12-19,CUST-0363,Consumer,West,Office Supplies,Desk Organizer,1,0.0,180.74,23.09,Standard,12.78,2025-12,2025
ORD-02075,2024-10-05,CUST-1039,Corporate,East,Office Supplies,Stapler,1,0.0,252.46,54.35,Standard,21.53,2024-10,2024
ORD-01597,2024-07-24,CUST-1305,Corporate,West,Clothing,Formal Shirt,2,0.0,4044.04,413.86,Standard,10.23,2024-07,2024
ORD-02232,2025-10-20,CUST-1015,Corporate,South,Electronics,Noise Cancelling Headphones,1,0.0,4693.67,1361.93,Standard,29.02,2025-10,2025
ORD-02719,2024-09-18,CUST-1248,Consumer,East,Clothing,Rain Jacket,2,0.0,2531.22,217.27,Same Day,8.58,2024-09,2024
ORD-01768,2025-04-29,CUST-1190,Consumer,South,Office Supplies,Sticky Notes Pack,3,0.0,735.69,118.75,Express,16.14,2025-04,2025
ORD-01929,2025-01-14,CUST-0863,Consumer,West,Office Supplies,Whiteboard Marker Set,1,0.0,162.3,47.11,Standard,29.03,2025-01,2025
ORD-02188,2025-08-16,CUST-0104,Consumer,West,Clothing,Sports Cap,1,0.0,1518.88,166.04,Express,10.93,2025-08,2025
ORD-02538,2024-07-01,CUST-0074,Consumer,North,Electronics,Laptop Stand,1,0.0,1827.09,457.78,Express,25.06,2024-07,2024
ORD-01522,2024-05-04,CUST-1360,Home Office,West,Office Supplies,Desk Organizer,1,0.0,180.74,23.09,Standard,12.78,2024-05,2024
ORD-02721,2024-02-21,CUST-1312,Corporate,West,Furniture,Filing Cabinet,1,0.2,6160.9,1179.04,Standard,19.14,2024-02,2024
ORD-03053,2024-08-02,CUST-0200,Home Office,West,Office Supplies,Printer Ink Cartridge,3,0.0,1112.85,277.52,Same Day,24.94,2024-08,2024
ORD-01066,2025-06-19,CUST-0650,Home Office,North,Electronics,Webcam HD,1,0.0,4621.72,955.68,Express,20.68,2025-06,2025
ORD-01205,2024-05-10,CUST-0959,Consumer,North,Electronics,Wireless Mouse,1,0.0,4779.36,503.88,Standard,10.54,2024-05,2024
ORD-01111,2025-07-18,CUST-1147,Corporate,North,Electronics,Webcam HD,1,0.0,4621.72,955.68,Express,20.68,2025-07,2025
ORD-01154,2025-05-10,CUST-0443,Consumer,East,Electronics,Smartwatch,1,0.0,1651.05,436.58,Express,26.44,2025-05,2025
ORD-01045,2025-05-11,CUST-0522,Corporate,West,Electronics,Laptop Stand,1,0.0,1827.09,457.78,Standard,25.06,2025-05,2025
ORD-01569,2025-12-04,CUST-0996,Consumer,North,Electronics,USB-C Charger,3,0.0,7806.93,1559.21,Standard,19.97,2025-12,2025
ORD-01503,2024-08-26,CUST-0087,Consumer,West,Office Supplies,Whiteboard Marker Set,1,0.0,162.3,47.11,Standard,29.03,2024-08,2024
ORD-01299,2025-05-09,CUST-1069,Corporate,North,Office Supplies,Stapler,1,0.0,252.46,54.35,Standard,21.53,2025-05,2025
ORD-02006,2025-03-24,CUST-0593,Consumer,South,Office Supplies,Sticky Notes Pack,2,0.0,490.46,79.16,Standard,16.14,2025-03,2025
ORD-02395,2025-10-24,CUST-1059,Corporate,North,Furniture,Bookshelf,1,0.0,1301.6,351.95,Standard,27.04,2025-10,2025
ORD-01519,2024-09-18,CUST-0274,Consumer,East,Office Supplies,A4 Paper Ream,4,0.1,1492.02,83.75,Standard,5.61,2024-09,2024
ORD-01170,2025-09-26,CUST-0474,Consumer,South,Clothing,Woolen Sweater,1,0.0,1899.39,546.14,Standard,28.75,2025-09,2025
ORD-02208,2025-12-04,CUST-1044,Home Office,South,Furniture,Bed Side Table,1,0.0,5251.59,1531.64,Express,29.17,2025-12,2025
ORD-02973,2024-01-11,CUST-1180,Consumer,South,Electronics,Smartwatch,1,0.15,1403.39,307.94,Express,21.94,2024-01,2024
ORD-01933,2024-12-08,CUST-0870,Consumer,South,Clothing,Running Shoes,1,0.0,1063.11,254.67,Standard,23.96,2024-12,2024
ORD-01701,2024-11-09,CUST-1118,Consumer,West,Clothing,Hoodie,2,0.0,3115.6,647.55,Standard,20.78,2024-11,2024
ORD-01472,2024-11-04,CUST-1276,Home Office,East,Electronics,Power Bank 10000mAh,1,0.15,1379.68,297.8,Standard,21.58,2024-11,2024
ORD-03016,2024-05-03,CUST-0431,Consumer,South,Office Supplies,Ballpoint Pen Box,1,0.05,76.3,24.78,Express,32.48,2024-05,2024
ORD-01639,2025-11-14,CUST-0170,Home Office,North,Office Supplies,Whiteboard Marker Set,1,0.0,162.3,47.11,Standard,29.03,2025-11,2025
ORD-02560,2024-10-09,CUST-0113,Corporate,North,Electronics,Smartwatch,1,0.0,1651.05,436.58,Standard,26.44,2024-10,2024
ORD-01105,2025-06-01,CUST-0944,Consumer,North,Office Supplies,Ballpoint Pen Box,1,0.0,80.32,27.29,Standard,33.98,2025-06,2025
ORD-01668,2025-03-09,CUST-0349,Consumer,East,Clothing,Formal Shirt,2,0.1,3639.64,263.28,Standard,7.23,2025-03,2025
ORD-01892,2025-02-26,CUST-0195,Consumer,North,Office Supplies,A4 Paper Ream,1,0.1,373.0,20.94,Standard,5.61,2025-02,2025
ORD-02106,2024-08-12,CUST-1334,Consumer,South,Clothing,Formal Shirt,1,0.15,1718.72,98.55,Standard,5.73,2024-08,2024
ORD-01810,2024-09-03,CUST-1308,Home Office,North,Furniture,Bed Side Table,1,0.0,5251.59,1531.64,Standard,29.17,2024-09,2024
ORD-02815,2025-05-02,CUST-0243,Consumer,West,Furniture,Recliner Sofa,1,0.0,6837.7,654.65,Standard,9.57,2025-05,2025
ORD-02945,2025-02-17,CUST-0121,Corporate,West,Furniture,Filing Cabinet,1,0.0,7701.13,1935.86,Standard,25.14,2025-02,2025
ORD-02280,2024-04-05,CUST-0257,Consumer,South,Clothing,Woolen Sweater,1,0.0,1899.39,546.14,Standard,28.75,2024-04,2024
ORD-02837,2025-07-12,CUST-0595,Consumer,East,Clothing,Woolen Sweater,1,0.0,1899.39,546.14,Express,28.75,2025-07,2025
ORD-02280,2024-04-05,CUST-0257,Consumer,South,Electronics,Laptop Stand,1,0.15,1553.03,319.22,Standard,20.55,2024-04,2024
ORD-01617,2025-02-10,CUST-1323,Consumer,West,Office Supplies,A4 Paper Ream,2,0.0,828.9,71.4,Standard,8.61,2025-02,2025
ORD-01939,2025-03-25,CUST-0710,Consumer,West,Electronics,USB-C Charger,1,0.1,2342.08,397.5,Standard,16.97,2025-03,2025
ORD-02869,2024-05-20,CUST-0450,Consumer,South,Office Supplies,Stapler,1,0.0,252.46,54.35,Express,21.53,2024-05,2024
ORD-01132,2025-05-05,CUST-1351,Corporate,North,Electronics,Webcam HD,1,0.0,4621.72,955.68,Standard,20.68,2025-05,2025
ORD-03032,2024-12-02,CUST-0123,Home Office,North,Electronics,Wireless Mouse,1,0.0,4779.36,503.88,Standard,10.54,2024-12,2024
ORD-02397,2025-02-03,CUST-1336,Consumer,East,Electronics,USB-C Charger,1,0.0,2602.31,519.74,Standard,19.97,2025-02,2025
ORD-01408,2025-06-12,CUST-0961,Corporate,East,Furniture,Bean Bag,1,0.0,7533.04,835.59,Standard,11.09,2025-06,2025
ORD-01742,2024-10-28,CUST-0981,Corporate,North,Office Supplies,Desk Organizer,2,0.0,361.48,46.17,Express,12.77,2024-10,2024
ORD-03022,2025-02-21,CUST-1131,Consumer,East,Furniture,Filing Cabinet,1,0.0,7701.13,1935.86,Standard,25.14,2025-02,2025
ORD-01944,2025-08-17,CUST-0273,Consumer,West,Clothing,Rain Jacket,1,0.0,1265.61,108.63,Standard,8.58,2025-08,2025
ORD-01903,2024-03-04,CUST-0709,Corporate,South,Office Supplies,Whiteboard Marker Set,1,0.1,146.07,38.02,Standard,26.03,2024-03,2024
ORD-01075,2025-01-06,CUST-0366,Consumer,East,Clothing,Running Shoes,2,0.0,2126.22,509.33,Same Day,23.95,2025-01,2025
ORD-01828,2024-08-05,CUST-0617,Consumer,South,Furniture,Bean Bag,2,0.0,15066.08,1671.18,Same Day,11.09,2024-08,2024
ORD-02322,2025-06-11,CUST-0869,Home Office,East,Electronics,Bluetooth Speaker,1,0.0,5868.36,1183.09,Standard,20.16,2025-06,2025
ORD-01353,2024-09-06,CUST-1204,Corporate,West,Office Supplies,File Folder Pack,4,0.0,660.92,213.94,Standard,32.37,2024-09,2024
ORD-01820,2024-02-22,CUST-1329,Corporate,West,Furniture,Recliner Sofa,1,0.1,6153.93,404.57,Standard,6.57,2024-02,2024
ORD-02916,2024-06-12,CUST-0903,Corporate,South,Furniture,Bed Side Table,1,0.0,5251.59,1531.64,Express,29.17,2024-06,2024
ORD-01318,2024-02-06,CUST-1233,Corporate,North,Office Supplies,Whiteboard Marker Set,1,0.0,162.3,47.11,Standard,29.03,2024-02,2024
ORD-02112,2024-04-16,CUST-0128,Corporate,East,Clothing,Sports Cap,1,0.2,1215.1,59.92,Standard,4.93,2024-04,2024
ORD-02476,2024-03-09,CUST-1288,Consumer,North,Electronics,Laptop Stand,1,0.0,1827.09,457.78,Standard,25.06,2024-03,2024
ORD-01030,2024-10-20,CUST-0525,Consumer,North,Clothing,Rain Jacket,1,0.1,1139.05,63.6,Express,5.58,2024-10,2024
ORD-02054,2025-09-14,CUST-1391,Corporate,North,Clothing,Hoodie,2,0.0,3115.6,647.55,Express,20.78,2025-09,2025
ORD-02951,2025-11-22,CUST-0829,Consumer,South,Office Supplies,A4 Paper Ream,1,0.1,373.0,20.94,Standard,5.61,2025-11,2025
ORD-02385,2024-10-27,CUST-1248,Consumer,North,Office Supplies,Sticky Notes Pack,1,0.05,232.97,34.11,Standard,14.64,2024-10,2024
ORD-01114,2025-08-26,CUST-0465,Consumer,North,Clothing,Formal Shirt,4,0.2,6470.46,273.94,Standard,4.23,2025-08,2025
ORD-01213,2024-01-12,CUST-0974,Consumer,North,Electronics,Power Bank 10000mAh,2,0.0,3246.3,846.8,Express,26.09,2024-01,2024
ORD-03023,2024-04-15,CUST-1212,Consumer,East,Electronics,Bluetooth Speaker,1,0.1,5281.52,906.33,Same Day,17.16,2024-04,2024
ORD-02825,2024-07-19,CUST-1360,Home Office,East,Office Supplies,Desk Organizer,1,0.05,171.7,19.36,Express,11.28,2024-07,2024
ORD-01693,2024-01-08,CUST-0734,Consumer,East,Electronics,Power Bank 10000mAh,2,0.0,3246.3,846.8,Standard,26.09,2024-01,2024
ORD-02412,2025-07-28,CUST-0578,Consumer,North,Clothing,Denim Jeans,4,0.05,2004.46,448.33,Same Day,22.37,2025-07,2025
ORD-01841,2025-07-24,CUST-0036,Corporate,East,Electronics,Smartwatch,2,0.0,3302.1,873.15,Express,26.44,2025-07,2025
ORD-02515,2025-02-16,CUST-1283,Consumer,East,Electronics,Noise Cancelling Headphones,1,0.0,4693.67,1361.93,Express,29.02,2025-02,2025
ORD-02774,2024-06-23,CUST-1067,Corporate,North,Electronics,Smartwatch,1,0.0,1651.05,436.58,Standard,26.44,2024-06,2024
ORD-01704,2024-06-10,CUST-0643,Consumer,North,Furniture,Filing Cabinet,1,0.2,6160.9,1179.04,Standard,19.14,2024-06,2024
ORD-01874,2025-12-18,CUST-1285,Consumer,West,Electronics,Bluetooth Speaker,1,0.0,5868.36,1183.09,Express,20.16,2025-12,2025
ORD-03056,2024-07-20,CUST-1225,Consumer,North,Furniture,Study Table,1,0.0,6547.2,770.82,Express,11.77,2024-07,2024
ORD-02918,2024-11-02,CUST-0236,Home Office,East,Office Supplies,Sticky Notes Pack,3,0.1,662.12,87.01,Standard,13.14,2024-11,2024
ORD-02970,2024-07-23,CUST-0378,Consumer,South,Clothing,Woolen Sweater,1,0.0,1899.39,546.14,Same Day,28.75,2024-07,2024
ORD-02360,2024-12-02,CUST-1300,Corporate,East,Office Supplies,Stapler,1,0.05,239.84,48.04,Standard,20.03,2024-12,2024
ORD-01583,2025-02-21,CUST-1198,Corporate,South,Electronics,Wireless Mouse,1,0.05,4540.39,410.58,Standard,9.04,2025-02,2025
ORD-01735,2025-12-20,CUST-1079,Corporate,East,Furniture,Bookshelf,4,0.0,5206.4,1407.78,Standard,27.04,2025-12,2025
ORD-02155,2024-02-28,CUST-0398,Consumer,East,Clothing,Cotton T-Shirt,1,0.0,1214.78,110.83,Express,9.12,2024-02,2024
ORD-01984,2025-05-13,CUST-0706,Consumer,South,Electronics,USB-C Charger,1,0.0,2602.31,519.74,Standard,19.97,2025-05,2025
ORD-01636,2025-04-18,CUST-0956,Consumer,North,Electronics,Noise Cancelling Headphones,2,0.1,8448.61,2198.02,Standard,26.02,2025-04,2025
ORD-01424,2025-12-06,CUST-0716,Consumer,North,Furniture,Bookshelf,1,0.0,1301.6,351.95,Standard,27.04,2025-12,2025
ORD-02844,2024-11-01,CUST-1258,Corporate,North,Furniture,Study Table,1,0.1,5892.48,516.97,Standard,8.77,2024-11,2024
ORD-02896,2025-02-26,CUST-1095,Home Office,East,Electronics,Power Bank 10000mAh,1,0.05,1541.99,379.1,Express,24.59,2025-02,2025
ORD-01018,2024-10-05,CUST-1332,Home Office,East,Office Supplies,Whiteboard Marker Set,1,0.0,162.3,47.11,Standard,29.03,2024-10,2024
ORD-02259,2024-11-15,CUST-1248,Consumer,West,Office Supplies,File Folder Pack,2,0.0,330.46,106.97,Standard,32.37,2024-11,2024
ORD-02174,2024-06-23,CUST-0622,Home Office,East,Electronics,Noise Cancelling Headphones,1,0.0,4693.67,1361.93,Standard,29.02,2024-06,2024
ORD-02259,2024-11-15,CUST-1248,Consumer,West,Electronics,Laptop Stand,1,0.1,1644.38,362.67,Standard,22.06,2024-11,2024
ORD-02506,2025-11-07,CUST-0432,Corporate,West,Furniture,Recliner Sofa,2,0.0,13675.4,1309.31,Express,9.57,2025-11,2025
ORD-02863,2025-01-07,CUST-0982,Corporate,North,Clothing,Woolen Sweater,1,0.0,1899.39,546.14,Standard,28.75,2025-01,2025
ORD-02936,2024-04-24,CUST-0459,Consumer,North,Electronics,Power Bank 10000mAh,2,0.0,3246.3,846.8,Express,26.09,2024-04,2024
ORD-02850,2024-10-22,CUST-0725,Consumer,East,Office Supplies,Whiteboard Marker Set,1,0.0,162.3,47.11,Express,29.03,2024-10,2024
ORD-02702,2025-07-07,CUST-0435,Consumer,East,Electronics,Smartwatch,1,0.0,1651.05,436.58,Standard,26.44,2025-07,2025
ORD-02462,2025-10-13,CUST-1125,Corporate,North,Clothing,Sports Cap,1,0.05,1442.94,136.09,Standard,9.43,2025-10,2025
ORD-01132,2025-05-05,CUST-1351,Corporate,North,Office Supplies,Sticky Notes Pack,2,0.0,490.46,79.16,Standard,16.14,2025-05,2025
ORD-02172,2025-10-31,CUST-0125,Consumer,North,Furniture,Bookshelf,1,0.1,1171.44,281.61,Standard,24.04,2025-10,2025
ORD-01706,2025-09-27,CUST-0473,Corporate,East,Clothing,Hoodie,1,0.0,1557.8,323.78,Standard,20.78,2025-09,2025
ORD-02897,2024-04-23,CUST-0585,Consumer,West,Office Supplies,Stapler,3,0.0,757.38,163.05,Same Day,21.53,2024-04,2024
ORD-02139,2024-10-12,CUST-0335,Consumer,North,Office Supplies,Printer Ink Cartridge,1,0.0,370.95,79.23,Express,21.36,2024-10,2024
ORD-01613,2024-12-15,CUST-1153,Corporate,West,Clothing,Running Shoes,1,0.2,850.49,152.7,Standard,17.95,2024-12,2024
ORD-01440,2024-08-08,CUST-0654,Consumer,East,Electronics,Wireless Mouse,3,0.0,14338.08,1511.63,Standard,10.54,2024-08,2024
ORD-02900,2024-05-16,CUST-0805,Consumer,North,Furniture,Study Table,1,0.05,6219.84,638.98,Same Day,10.27,2024-05,2024
ORD-02824,2025-12-05,CUST-0812,Consumer,North,Clothing,Denim Jeans,1,0.0,527.49,125.89,Express,23.87,2025-12,2025
ORD-01485,2024-07-07,CUST-0801,Corporate,East,Electronics,Laptop Stand,1,0.0,1827.09,457.78,Standard,25.06,2024-07,2024
ORD-01125,2025-12-29,CUST-0609,Consumer,North,Clothing,Hoodie,1,0.1,1402.02,249.34,Standard,17.78,2025-12,2025
ORD-02049,2024-08-17,CUST-0559,Home Office,East,Office Supplies,Printer Ink Cartridge,1,0.0,370.95,92.51,Standard,24.94,2024-08,2024
ORD-03008,2025-11-12,CUST-0241,Consumer,East,Electronics,Wireless Mouse,2,0.1,8602.85,648.89,Standard,7.54,2025-11,2025
ORD-01272,2025-06-24,CUST-0186,Home Office,North,Clothing,Woolen Sweater,1,0.0,1899.39,546.14,Same Day,28.75,2025-06,2025
ORD-02284,2024-12-09,CUST-0844,Consumer,West,Clothing,Rain Jacket,1,0.0,1265.61,108.63,Express,8.58,2024-12,2024
ORD-01599,2025-03-07,CUST-0994,Corporate,South,Electronics,Wireless Mouse,2,0.1,8602.85,648.89,Standard,7.54,2025-03,2025
ORD-02815,2025-05-02,CUST-0243,Consumer,West,Office Supplies,Whiteboard Marker Set,2,0.0,324.6,94.22,Standard,29.03,2025-05,2025
ORD-02403,2024-10-02,CUST-1344,Consumer,West,Electronics,Bluetooth Speaker,1,0.05,5574.94,1040.31,Standard,18.66,2024-10,2024
ORD-02811,2025-06-08,CUST-0430,Consumer,South,Furniture,Bed Side Table,1,0.0,5251.59,1531.64,Standard,29.17,2025-06,2025
ORD-02303,2025-02-27,CUST-0006,Home Office,East,Furniture,Bed Side Table,2,0.0,10503.18,3063.28,Express,29.17,2025-02,2025
ORD-02662,2024-05-21,CUST-0212,Corporate,North,Furniture,Bookshelf,2,0.0,2603.2,703.89,Standard,27.04,2024-05,2024
ORD-01883,2024-05-31,CUST-0528,Corporate,East,Clothing,Rain Jacket,1,0.1,1139.05,63.6,Standard,5.58,2024-05,2024
ORD-02331,2024-10-03,CUST-1119,Corporate,South,Electronics,Wireless Mouse,1,0.0,4779.36,503.88,Standard,10.54,2024-10,2024
ORD-02217,2025-03-01,CUST-0425,Home Office,West,Electronics,Power Bank 10000mAh,1,0.15,1379.68,297.8,Standard,21.58,2025-03,2025
ORD-01657,2025-08-21,CUST-0009,Consumer,East,Furniture,Bed Side Table,1,0.0,5251.59,1531.64,Standard,29.17,2025-08,2025
ORD-02610,2024-11-10,CUST-0235,Consumer,North,Electronics,Smartwatch,1,0.0,1651.05,436.58,Same Day,26.44,2024-11,2024
ORD-01520,2024-02-09,CUST-0879,Consumer,West,Office Supplies,Printer Ink Cartridge,1,0.1,333.86,73.24,Standard,21.94,2024-02,2024
ORD-01990,2024-05-21,CUST-0761,Corporate,North,Clothing,Formal Shirt,2,0.0,4044.04,413.86,Same Day,10.23,2024-05,2024
ORD-01397,2024-06-05,CUST-1287,Consumer,East,Clothing,Denim Jeans,1,0.0,527.49,125.89,Standard,23.87,2024-06,2024
ORD-01026,2024-04-30,CUST-0481,Corporate,North,Clothing,Rain Jacket,1,0.0,1265.61,108.63,Standard,8.58,2024-04,2024
ORD-01653,2025-11-23,CUST-0324,Corporate,West,Electronics,Noise Cancelling Headphones,2,0.0,9387.34,2723.86,Standard,29.02,2025-11,2025
ORD-01061,2025-02-12,CUST-1394,Consumer,South,Clothing,Woolen Sweater,1,0.0,1899.39,546.14,Standard,28.75,2025-02,2025
ORD-01551,2025-10-01,CUST-0468,Consumer,North,Clothing,Woolen Sweater,1,0.1,1709.45,440.24,Express,25.75,2025-10,2025
ORD-01455,2024-03-28,CUST-0241,Corporate,East,Furniture,Bean Bag,1,0.1,6779.74,548.64,Standard,8.09,2024-03,2024
ORD-01355,2025-02-03,CUST-1352,Consumer,East,Office Supplies,Whiteboard Marker Set,1,0.0,162.3,47.11,Same Day,29.03,2025-02,2025
ORD-02737,2024-10-09,CUST-0937,Consumer,North,Furniture,Wall Shelf,1,0.0,8917.06,1764.81,Standard,19.79,2024-10,2024
ORD-02545,2025-10-23,CUST-0478,Consumer,East,Office Supplies,Whiteboard Marker Set,3,0.1,438.21,114.05,Standard,26.03,2025-10,2025
ORD-02888,2025-10-25,CUST-1334,Corporate,East,Electronics,USB-C Charger,1,0.1,2342.08,397.5,Standard,16.97,2025-10,2025
ORD-02762,2024-11-25,CUST-0559,Consumer,South,Electronics,Wireless Mouse,1,0.0,4779.36,503.88,Standard,10.54,2024-11,2024
ORD-02912,2025-10-23,CUST-0882,Corporate,East,Electronics,USB-C Charger,1,0.1,2342.08,397.5,Standard,16.97,2025-10,2025
ORD-03002,2025-08-12,CUST-0769,Consumer,West,Electronics,USB-C Charger,2,0.15,4423.93,684.48,Standard,15.47,2025-08,2025
ORD-01852,2024-01-27,CUST-1304,Home Office,South,Furniture,Bed Side Table,1,0.0,5251.59,1531.64,Standard,29.17,2024-01,2024
ORD-02234,2024-12-10,CUST-1162,Corporate,East,Office Supplies,A4 Paper Ream,1,0.0,414.45,35.7,Express,8.61,2024-12,2024
ORD-03029,2025-05-15,CUST-0060,Corporate,East,Furniture,Recliner Sofa,2,0.0,13675.4,1309.31,Express,9.57,2025-05,2025
ORD-01490,2024-04-16,CUST-1213,Consumer,North,Electronics,Noise Cancelling Headphones,1,0.0,4693.67,1361.93,Express,29.02,2024-04,2024
ORD-01103,2025-10-04,CUST-0175,Consumer,South,Electronics,Bluetooth Speaker,1,0.0,5868.36,1183.09,Standard,20.16,2025-10,2025
ORD-01732,2025-11-14,CUST-1354,Consumer,West,Electronics,USB-C Charger,3,0.0,7806.93,1559.21,Express,19.97,2025-11,2025
ORD-02504,2025-05-20,CUST-0253,Consumer,East,Clothing,Sports Cap,1,0.0,1518.88,166.04,Standard,10.93,2025-05,2025
ORD-01320,2024-07-12,CUST-0256,Consumer,North,Clothing,Sports Cap,1,0.05,1442.94,136.09,Standard,9.43,2024-07,2024
ORD-01462,2025-01-25,CUST-1018,Home Office,North,Office Supplies,Desk Organizer,1,0.0,180.74,23.09,Standard,12.78,2025-01,2025
ORD-01564,2024-06-22,CUST-0618,Consumer,West,Office Supplies,Whiteboard Marker Set,1,0.0,162.3,47.11,Standard,29.03,2024-06,2024
ORD-01353,2024-09-06,CUST-1204,Corporate,West,Furniture,Filing Cabinet,1,0.1,6931.02,1534.35,Standard,22.14,2024-09,2024
ORD-02096,2024-05-09,CUST-0491,Corporate,West,Electronics,Laptop Stand,2,0.1,3288.76,725.33,Standard,22.05,2024-05,2024
ORD-02589,2025-05-27,CUST-0584,Consumer,North,Electronics,USB-C Charger,1,0.0,2602.31,519.74,Standard,19.97,2025-05,2025
ORD-01092,2025-07-28,CUST-0436,Corporate,West,Electronics,Webcam HD,1,0.0,4621.72,955.68,Standard,20.68,2025-07,2025
ORD-01977,2025-04-11,CUST-0090,Consumer,South,Furniture,Wall Shelf,1,0.15,7579.5,1159.01,Standard,15.29,2025-04,2025
ORD-02875,2024-12-02,CUST-0746,Home Office,South,Electronics,Bluetooth Speaker,1,0.0,5868.36,1183.09,Standard,20.16,2024-12,2024
ORD-02478,2024-03-02,CUST-1092,Corporate,North,Office Supplies,Sticky Notes Pack,1,0.0,245.23,39.58,Standard,16.14,2024-03,2024
ORD-01725,2024-04-26,CUST-0618,Corporate,North,Clothing,Formal Shirt,2,0.0,4044.04,413.86,Standard,10.23,2024-04,2024
ORD-02560,2024-10-09,CUST-0113,Corporate,North,Office Supplies,Stapler,1,0.0,252.46,54.35,Standard,21.53,2024-10,2024
ORD-02064,2024-12-10,CUST-0576,Corporate,East,Electronics,Laptop Stand,2,0.05,3471.47,817.7,Standard,23.55,2024-12,2024
ORD-01314,2024-12-28,CUST-0241,Consumer,South,Office Supplies,Ballpoint Pen Box,4,0.05,305.22,99.11,Same Day,32.47,2024-12,2024
ORD-01599,2025-03-07,CUST-0994,Corporate,South,Office Supplies,Stapler,2,0.15,429.18,73.08,Standard,17.03,2025-03,2025
ORD-02492,2025-02-11,CUST-0509,Consumer,North,Electronics,USB-C Charger,1,0.0,2602.31,519.74,Standard,19.97,2025-02,2025
ORD-02870,2024-10-17,CUST-1018,Consumer,West,Office Supplies,Whiteboard Marker Set,1,0.0,162.3,47.11,Standard,29.03,2024-10,2024
ORD-02581,2024-02-10,CUST-0666,Consumer,North,Electronics,Power Bank 10000mAh,3,0.0,4869.45,1270.19,Standard,26.08,2024-02,2024
ORD-03023,2024-04-15,CUST-1212,Consumer,East,Electronics,Laptop Stand,1,0.0,1827.09,457.78,Same Day,25.06,2024-04,2024
ORD-02331,2024-10-03,CUST-1119,Corporate,South,Clothing,Sports Cap,1,0.0,1518.88,166.04,Standard,10.93,2024-10,2024
ORD-02882,2024-10-21,CUST-1359,Consumer,North,Electronics,Laptop Stand,2,0.0,3654.18,915.55,Express,25.05,2024-10,2024
ORD-01509,2024-12-06,CUST-0016,Home Office,East,Electronics,Power Bank 10000mAh,1,0.0,1623.15,423.4,Standard,26.09,2024-12,2024
ORD-01303,2025-11-15,CUST-1364,Corporate,South,Furniture,Study Table,1,0.0,6547.2,770.82,Standard,11.77,2025-11,2025
ORD-02520,2024-03-20,CUST-0482,Home Office,North,Office Supplies,Whiteboard Marker Set,2,0.05,308.37,84.88,Standard,27.53,2024-03,2024
ORD-02021,2024-06-25,CUST-0459,Consumer,North,Clothing,Hoodie,1,0.0,1557.8,323.78,Standard,20.78,2024-06,2024
ORD-01252,2024-01-22,CUST-0931,Corporate,North,Office Supplies,Stapler,1,0.0,252.46,54.35,Standard,21.53,2024-01,2024
ORD-02076,2025-09-08,CUST-0292,Consumer,South,Electronics,Webcam HD,1,0.0,4621.72,955.68,Standard,20.68,2025-09,2025
ORD-02949,2025-10-10,CUST-0197,Corporate,North,Clothing,Denim Jeans,1,0.1,474.74,99.06,Standard,20.87,2025-10,2025
ORD-02189,2024-12-02,CUST-0087,Consumer,West,Clothing,Sports Cap,2,0.05,2885.87,272.18,Express,9.43,2024-12,2024
ORD-02772,2025-12-17,CUST-1183,Consumer,North,Office Supplies,Stapler,1,0.05,239.84,48.04,Standard,20.03,2025-12,2025
ORD-02884,2025-10-28,CUST-0548,Consumer,South,Office Supplies,Sticky Notes Pack,2,0.0,490.46,79.16,Express,16.14,2025-10,2025
ORD-01950,2025-11-21,CUST-0522,Consumer,North,Clothing,Running Shoes,1,0.0,1063.11,254.67,Standard,23.96,2025-11,2025
ORD-02075,2024-10-05,CUST-1039,Corporate,East,Office Supplies,Printer Ink Cartridge,1,0.0,370.95,92.51,Standard,24.94,2024-10,2024
ORD-01708,2024-07-17,CUST-0671,Corporate,North,Furniture,Office Chair,1,0.05,12056.41,3492.86,Standard,28.97,2024-07,2024
ORD-01616,2025-08-13,CUST-0574,Home Office,North,Electronics,Noise Cancelling Headphones,2,0.0,9387.34,2723.86,Standard,29.02,2025-08,2025
ORD-02079,2025-10-12,CUST-0741,Consumer,West,Electronics,Webcam HD,1,0.05,4390.63,842.04,Standard,19.18,2025-10,2025
ORD-01418,2025-07-24,CUST-0956,Consumer,North,Electronics,Smartwatch,1,0.0,1651.05,436.58,Standard,26.44,2025-07,2025
ORD-02088,2024-10-30,CUST-0093,Consumer,South,Office Supplies,Ballpoint Pen Box,1,0.1,72.29,22.39,Express,30.97,2024-10,2024
ORD-01596,2025-10-23,CUST-0415,Home Office,North,Office Supplies,Sticky Notes Pack,1,0.2,196.18,19.89,Standard,10.14,2025-10,2025
ORD-01776,2024-01-12,CUST-0936,Home Office,East,Office Supplies,Printer Ink Cartridge,1,0.05,352.4,82.59,Standard,23.44,2024-01,2024
ORD-01879,2024-11-04,CUST-0529,Consumer,South,Furniture,Bookshelf,1,0.0,1301.6,351.95,Standard,27.04,2024-11,2024
ORD-02901,2024-07-13,CUST-0965,Home Office,North,Electronics,Laptop Stand,1,0.05,1735.74,408.85,Express,23.55,2024-07,2024
ORD-02376,2025-10-04,CUST-0135,Consumer,East,Clothing,Cotton T-Shirt,1,0.15,1032.56,47.74,Standard,4.62,2025-10,2025
ORD-02083,2025-10-09,CUST-0950,Corporate,South,Office Supplies,Sticky Notes Pack,1,0.0,245.23,39.58,Standard,16.14,2025-10,2025
ORD-01533,2025-10-06,CUST-0963,Consumer,East,Furniture,Bean Bag,2,0.0,15066.08,1671.18,Standard,11.09,2025-10,2025
ORD-02023,2024-07-08,CUST-1252,Corporate,South,Office Supplies,Desk Organizer,1,0.0,180.74,23.09,Standard,12.78,2024-07,2024
ORD-01386,2024-03-21,CUST-0146,Consumer,North,Clothing,Formal Shirt,2,0.0,4044.04,413.86,Standard,10.23,2024-03,2024
ORD-02106,2024-08-12,CUST-1334,Consumer,South,Electronics,USB-C Charger,1,0.1,2342.08,397.5,Standard,16.97,2024-08,2024
ORD-01053,2024-03-27,CUST-0880,Consumer,South,Furniture,Bed Side Table,1,0.0,5251.59,1531.64,Standard,29.17,2024-03,2024
ORD-01819,2025-06-22,CUST-0319,Consumer,North,Clothing,Denim Jeans,1,0.0,527.49,125.89,Same Day,23.87,2025-06,2025
ORD-01547,2024-04-15,CUST-1250,Corporate,West,Electronics,Webcam HD,1,0.0,4621.72,955.68,Standard,20.68,2024-04,2024
ORD-02847,2025-08-03,CUST-0319,Consumer,West,Electronics,Power Bank 10000mAh,1,0.0,1623.15,423.4,Standard,26.09,2025-08,2025
ORD-01887,2025-03-08,CUST-0230,Home Office,North,Furniture,Wall Shelf,1,0.0,8917.06,1764.81,Standard,19.79,2025-03,2025
ORD-02125,2024-04-03,CUST-0804,Corporate,West,Office Supplies,Whiteboard Marker Set,1,0.15,137.96,33.84,Standard,24.53,2024-04,2024
ORD-01866,2025-12-04,CUST-0675,Consumer,South,Furniture,Study Table,2,0.15,11130.24,809.54,Standard,7.27,2025-12,2025
ORD-02401,2025-03-30,CUST-0836,Consumer,North,Office Supplies,Sticky Notes Pack,4,0.2,784.74,79.58,Standard,10.14,2025-03,2025
ORD-01890,2024-03-15,CUST-1145,Consumer,East,Clothing,Woolen Sweater,1,0.05,1804.42,491.77,Standard,27.25,2024-03,2024
ORD-01555,2025-04-30,CUST-0809,Consumer,East,Furniture,Office Chair,2,0.0,25381.92,7734.13,Standard,30.47,2025-04,2025
ORD-02709,2025-07-23,CUST-1248,Home Office,West,Office Supplies,Desk Organizer,2,0.1,325.33,31.79,Standard,9.77,2025-07,2025
ORD-02965,2024-03-06,CUST-1139,Consumer,South,Furniture,Bookshelf,1,0.0,1301.6,351.95,Same Day,27.04,2024-03,2024
ORD-02657,2024-03-28,CUST-1276,Corporate,West,Furniture,Filing Cabinet,1,0.1,6931.02,1534.35,Standard,22.14,2024-03,2024
ORD-02102,2025-10-03,CUST-0795,Home Office,South,Clothing,Rain Jacket,1,0.0,1265.61,108.63,Standard,8.58,2025-10,2025
ORD-01134,2024-02-08,CUST-0682,Consumer,South,Electronics,Smartwatch,1,0.0,1651.05,436.58,Standard,26.44,2024-02,2024
ORD-02810,2024-02-02,CUST-0716,Consumer,South,Office Supplies,Printer Ink Cartridge,1,0.0,370.95,92.51,Standard,24.94,2024-02,2024
ORD-01446,2025-06-18,CUST-0549,Corporate,South,Office Supplies,Desk Organizer,1,0.0,180.74,23.09,Express,12.78,2025-06,2025
ORD-01616,2025-08-13,CUST-0574,Home Office,North,Electronics,Webcam HD,1,0.0,4621.72,955.68,Standard,20.68,2025-08,2025
ORD-02212,2025-02-20,CUST-0275,Consumer,South,Furniture,Filing Cabinet,1,0.0,7701.13,1935.86,Same Day,25.14,2025-02,2025
ORD-01586,2024-07-22,CUST-0598,Consumer,South,Clothing,Denim Jeans,4,0.0,2109.96,503.57,Standard,23.87,2024-07,2024
ORD-02126,2025-01-03,CUST-1381,Consumer,North,Office Supplies,File Folder Pack,4,0.0,660.92,213.94,Standard,32.37,2025-01,2025
ORD-01085,2024-10-04,CUST-1173,Consumer,North,Office Supplies,A4 Paper Ream,1,0.0,414.45,35.7,Standard,8.61,2024-10,2024
ORD-02100,2024-03-21,CUST-1052,Consumer,East,Electronics,Noise Cancelling Headphones,1,0.2,3754.94,864.25,Standard,23.02,2024-03,2024
ORD-02158,2024-07-02,CUST-0913,Home Office,South,Electronics,Laptop Stand,4,0.0,7308.36,1831.11,Same Day,25.06,2024-07,2024
ORD-01969,2024-06-06,CUST-0503,Consumer,West,Clothing,Sports Cap,1,0.0,1518.88,166.04,Standard,10.93,2024-06,2024
ORD-02785,2024-08-03,CUST-1125,Home Office,North,Office Supplies,Desk Organizer,2,0.0,361.48,46.17,Same Day,12.77,2024-08,2024
ORD-02653,2025-06-02,CUST-0483,Consumer,North,Office Supplies,Printer Ink Cartridge,3,0.0,1112.85,277.52,Standard,24.94,2025-06,2025
ORD-01649,2024-07-20,CUST-0695,Consumer,East,Office Supplies,Desk Organizer,1,0.0,180.74,23.09,Express,12.78,2024-07,2024
ORD-02255,2024-07-15,CUST-0494,Corporate,South,Electronics,Bluetooth Speaker,1,0.05,5574.94,1040.31,Standard,18.66,2024-07,2024
ORD-02181,2024-06-19,CUST-1142,Consumer,South,Furniture,Filing Cabinet,1,0.2,6160.9,1179.04,Same Day,19.14,2024-06,2024
ORD-01102,2024-11-15,CUST-0449,Corporate,West,Office Supplies,Printer Ink Cartridge,2,0.0,741.9,185.01,Same Day,24.94,2024-11,2024
ORD-01633,2024-10-08,CUST-1065,Home Office,East,Electronics,Wireless Mouse,1,0.0,4779.36,503.88,Express,10.54,2024-10,2024
ORD-02583,2025-10-22,CUST-1085,Consumer,North,Office Supplies,Ballpoint Pen Box,1,0.15,68.27,20.12,Standard,29.47,2025-10,2025
ORD-01926,2025-10-19,CUST-0020,Corporate,South,Electronics,USB-C Charger,1,0.05,2472.19,456.67,Express,18.47,2025-10,2025
ORD-01914,2025-02-13,CUST-0135,Consumer,East,Office Supplies,A4 Paper Ream,1,0.0,414.45,35.7,Standard,8.61,2025-02,2025
ORD-02707,2024-12-08,CUST-0652,Consumer,North,Office Supplies,Sticky Notes Pack,1,0.0,245.23,39.58,Express,16.14,2024-12,2024
ORD-01584,2025-10-26,CUST-0882,Consumer,West,Clothing,Hoodie,1,0.2,1246.24,184.25,Standard,14.78,2025-10,2025
ORD-01498,2025-10-12,CUST-0666,Corporate,South,Office Supplies,A4 Paper Ream,1,0.0,414.45,35.7,Express,8.61,2025-10,2025
ORD-02301,2024-05-12,CUST-0706,Consumer,North,Clothing,Hoodie,1,0.0,1557.8,323.78,Standard,20.78,2024-05,2024
ORD-02728,2024-10-06,CUST-0700,Consumer,South,Clothing,Running Shoes,1,0.0,1063.11,254.67,Express,23.96,2024-10,2024
ORD-02930,2024-11-14,CUST-0891,Corporate,South,Electronics,Smartwatch,1,0.0,1651.05,436.58,Standard,26.44,2024-11,2024
ORD-01060,2025-10-05,CUST-0626,Consumer,East,Electronics,Laptop Stand,1,0.0,1827.09,457.78,Standard,25.06,2025-10,2025
ORD-01321,2024-06-10,CUST-1274,Corporate,East,Clothing,Running Shoes,3,0.1,2870.4,601.48,Standard,20.95,2024-06,2024
ORD-01814,2025-01-12,CUST-0646,Consumer,South,Furniture,Bed Side Table,1,0.2,4201.27,973.23,Standard,23.17,2025-01,2025
ORD-02382,2024-03-11,CUST-0552,Consumer,East,Electronics,Bluetooth Speaker,1,0.0,5868.36,1183.09,Standard,20.16,2024-03,2024
ORD-01723,2024-03-26,CUST-0450,Consumer,North,Electronics,Noise Cancelling Headphones,1,0.0,4693.67,1361.93,Same Day,29.02,2024-03,2024
ORD-01581,2025-04-14,CUST-0594,Consumer,East,Electronics,USB-C Charger,1,0.0,2602.31,519.74,Standard,19.97,2025-04,2025
ORD-01381,2024-11-15,CUST-0958,Consumer,North,Electronics,USB-C Charger,1,0.15,2211.96,342.24,Express,15.47,2024-11,2024
ORD-03054,2025-12-14,CUST-0675,Corporate,West,Electronics,Laptop Stand,1,0.0,1827.09,457.78,Standard,25.06,2025-12,2025
ORD-01636,2025-04-18,CUST-0956,Consumer,North,Office Supplies,Ballpoint Pen Box,1,0.0,80.32,27.29,Standard,33.98,2025-04,2025
ORD-02300,2024-12-07,CUST-1283,Corporate,South,Electronics,USB-C Charger,1,0.0,2602.31,519.74,Express,19.97,2024-12,2024
ORD-02365,2025-12-17,CUST-1112,Corporate,West,Clothing,Cotton T-Shirt,1,0.0,1214.78,110.83,Standard,9.12,2025-12,2025
ORD-02421,2025-02-22,CUST-0414,Consumer,North,Electronics,Noise Cancelling Headphones,1,0.05,4458.99,1226.95,Express,27.52,2025-02,2025
ORD-02754,2024-10-28,CUST-0086,Home Office,West,Clothing,Rain Jacket,1,0.0,1265.61,108.63,Standard,8.58,2024-10,2024
ORD-02632,2024-02-12,CUST-0726,Consumer,West,Office Supplies,Desk Organizer,1,0.0,180.74,23.09,Standard,12.78,2024-02,2024
ORD-02240,2024-02-09,CUST-0935,Consumer,East,Electronics,Smartwatch,3,0.0,4953.15,1309.73,Standard,26.44,2024-02,2024
ORD-02597,2024-01-07,CUST-0524,Consumer,North,Electronics,Webcam HD,1,0.0,4621.72,955.68,Standard,20.68,2024-01,2024
ORD-02758,2025-04-29,CUST-1071,Consumer,South,Electronics,Power Bank 10000mAh,1,0.0,1623.15,423.4,Standard,26.09,2025-04,2025
ORD-02427,2025-01-03,CUST-0098,Consumer,East,Electronics,Smartwatch,1,0.0,1651.05,436.58,Express,26.44,2025-01,2025
ORD-02512,2025-07-03,CUST-0075,Home Office,North,Office Supplies,Sticky Notes Pack,1,0.0,245.23,39.58,Standard,16.14,2025-07,2025
ORD-02783,2025-04-22,CUST-1364,Consumer,West,Office Supplies,A4 Paper Ream,1,0.0,414.45,35.7,Standard,8.61,2025-04,2025
ORD-01352,2024-01-23,CUST-0055,Corporate,East,Electronics,Laptop Stand,1,0.1,1644.38,362.67,Express,22.06,2024-01,2024
ORD-01987,2024-11-05,CUST-1071,Home Office,West,Clothing,Woolen Sweater,1,0.05,1804.42,491.77,Standard,27.25,2024-11,2024
ORD-01200,2024-06-21,CUST-1188,Home Office,North,Electronics,USB-C Charger,2,0.05,4944.39,913.34,Standard,18.47,2024-06,2024
ORD-02514,2024-11-12,CUST-0228,Consumer,West,Clothing,Denim Jeans,2,0.0,1054.98,251.79,Standard,23.87,2024-11,2024
ORD-01711,2024-09-17,CUST-0227,Corporate,East,Office Supplies,A4 Paper Ream,1,0.0,414.45,35.7,Standard,8.61,2024-09,2024
ORD-01516,2025-07-10,CUST-0843,Corporate,North,Electronics,Smartwatch,1,0.0,1651.05,436.58,Standard,26.44,2025-07,2025
ORD-02238,2024-11-06,CUST-0132,Corporate,South,Office Supplies,Stapler,1,0.0,252.46,54.35,Same Day,21.53,2024-11,2024
ORD-02801,2025-11-04,CUST-0579,Consumer,South,Electronics,Webcam HD,1,0.05,4390.63,842.04,Same Day,19.18,2025-11,2025
ORD-01115,2025-06-22,CUST-1141,Home Office,South,Office Supplies,Ballpoint Pen Box,1,0.0,80.32,27.29,Standard,33.98,2025-06,2025
ORD-01750,2025-12-20,CUST-0537,Consumer,North,Office Supplies,Whiteboard Marker Set,1,0.2,129.84,27.73,Standard,21.36,2025-12,2025
ORD-01688,2025-12-23,CUST-0939,Consumer,South,Furniture,Recliner Sofa,1,0.0,6837.7,654.65,Same Day,9.57,2025-12,2025
ORD-01576,2025-04-26,CUST-1327,Corporate,North,Electronics,Power Bank 10000mAh,1,0.0,1623.15,423.4,Standard,26.09,2025-04,2025
ORD-01847,2024-11-22,CUST-1068,Consumer,West,Furniture,Recliner Sofa,1,0.0,6837.7,654.65,Standard,9.57,2024-11,2024
ORD-01561,2024-11-10,CUST-0506,Corporate,South,Clothing,Formal Shirt,2,0.1,3639.64,263.28,Standard,7.23,2024-11,2024
ORD-01139,2025-09-05,CUST-0874,Consumer,West,Office Supplies,Ballpoint Pen Box,1,0.0,80.32,27.29,Standard,33.98,2025-09,2025
ORD-01567,2025-12-14,CUST-0310,Consumer,West,Furniture,Recliner Sofa,1,0.0,6837.7,654.65,Standard,9.57,2025-12,2025
ORD-02367,2024-09-21,CUST-0698,Home Office,West,Furniture,Bed Side Table,1,0.0,5251.59,1531.64,Standard,29.17,2024-09,2024
ORD-01858,2025-10-28,CUST-0225,Consumer,South,Office Supplies,Sticky Notes Pack,1,0.0,245.23,39.58,Standard,16.14,2025-10,2025
ORD-02167,2024-06-17,CUST-0549,Home Office,South,Electronics,Power Bank 10000mAh,1,0.0,1623.15,423.4,Standard,26.09,2024-06,2024
ORD-02371,2024-09-23,CUST-0527,Consumer,South,Electronics,Bluetooth Speaker,1,0.0,5868.36,1183.09,Standard,20.16,2024-09,2024
ORD-02215,2025-07-04,CUST-0082,Corporate,West,Office Supplies,Desk Organizer,1,0.0,180.74,23.09,Same Day,12.78,2025-07,2025
ORD-02274,2025-01-14,CUST-0837,Corporate,South,Furniture,Filing Cabinet,1,0.15,6545.96,1350.92,Standard,20.64,2025-01,2025
ORD-02154,2025-10-04,CUST-1279,Corporate,South,Clothing,Sports Cap,1,0.05,1442.94,136.09,Standard,9.43,2025-10,2025
ORD-01279,2025-06-30,CUST-0608,Consumer,North,Electronics,Laptop Stand,2,0.1,3288.76,725.33,Standard,22.05,2025-06,2025
ORD-02719,2024-09-18,CUST-1248,Consumer,East,Furniture,Study Table,1,0.0,6547.2,770.82,Same Day,11.77,2024-09,2024
ORD-02695,2025-01-02,CUST-0736,Consumer,East,Electronics,Bluetooth Speaker,1,0.0,5868.36,1183.09,Standard,20.16,2025-01,2025
ORD-01572,2024-07-25,CUST-0084,Corporate,North,Office Supplies,Printer Ink Cartridge,1,0.2,296.76,56.2,Standard,18.94,2024-07,2024
ORD-02839,2025-05-18,CUST-0047,Consumer,South,Electronics,Bluetooth Speaker,1,0.1,5281.52,906.33,Standard,17.16,2025-05,2025
ORD-02576,2024-08-28,CUST-0910,Home Office,South,Electronics,Bluetooth Speaker,4,0.0,23473.44,4732.34,Standard,20.16,2024-08,2024
ORD-02802,2025-07-25,CUST-1323,Consumer,South,Office Supplies,Whiteboard Marker Set,1,0.0,162.3,47.11,Express,29.03,2025-07,2025
ORD-02196,2025-11-25,CUST-0206,Home Office,East,Office Supplies,Whiteboard Marker Set,1,0.1,146.07,38.02,Standard,26.03,2025-11,2025
ORD-01083,2025-12-07,CUST-0414,Consumer,North,Clothing,Sports Cap,1,0.05,1442.94,136.09,Standard,9.43,2025-12,2025
ORD-01829,2024-11-01,CUST-0279,Corporate,North,Clothing,Rain Jacket,1,0.05,1202.33,85.17,Express,7.08,2024-11,2024
ORD-02551,2024-12-27,CUST-0212,Home Office,East,Office Supplies,A4 Paper Ream,2,0.1,746.01,41.88,Same Day,5.61,2024-12,2024
ORD-01651,2024-06-30,CUST-0131,Home Office,North,Electronics,Laptop Stand,1,0.0,1827.09,457.78,Same Day,25.06,2024-06,2024
ORD-01816,2024-12-10,CUST-0351,Consumer,West,Electronics,USB-C Charger,1,0.0,2602.31,519.74,Express,19.97,2024-12,2024
ORD-01169,2024-08-09,CUST-1188,Consumer,South,Electronics,Webcam HD,1,0.0,4621.72,955.68,Express,20.68,2024-08,2024
ORD-02233,2025-10-23,CUST-1285,Corporate,East,Clothing,Woolen Sweater,2,0.05,3608.84,983.53,Standard,27.25,2025-10,2025
ORD-02124,2025-02-02,CUST-0644,Corporate,East,Office Supplies,A4 Paper Ream,1,0.0,414.45,35.7,Standard,8.61,2025-02,2025
ORD-02071,2024-12-18,CUST-0588,Corporate,North,Furniture,Study Table,1,0.0,6547.2,770.82,Standard,11.77,2024-12,2024
ORD-02016,2025-12-23,CUST-0682,Consumer,West,Electronics,Noise Cancelling Headphones,1,0.0,4693.67,1361.93,Standard,29.02,2025-12,2025
ORD-02575,2024-07-30,CUST-0038,Home Office,West,Office Supplies,Ballpoint Pen Box,1,0.0,80.32,27.29,Express,33.98,2024-07,2024
ORD-02275,2025-02-05,CUST-1312,Consumer,East,Electronics,Wireless Mouse,1,0.0,4779.36,503.88,Express,10.54,2025-02,2025
ORD-02042,2025-07-07,CUST-0632,Corporate,West,Furniture,Bed Side Table,3,0.0,15754.77,4594.92,Standard,29.17,2025-07,2025
ORD-01982,2025-10-14,CUST-0495,Home Office,East,Furniture,Bean Bag,2,0.0,15066.08,1671.18,Standard,11.09,2025-10,2025
ORD-01867,2024-08-07,CUST-0416,Home Office,North,Electronics,Smartwatch,3,0.0,4953.15,1309.73,Standard,26.44,2024-08,2024
ORD-02456,2025-12-10,CUST-0203,Consumer,South,Furniture,Bean Bag,2,0.0,15066.08,1671.18,Standard,11.09,2025-12,2025
ORD-01516,2025-07-10,CUST-0843,Corporate,North,Electronics,Webcam HD,1,0.0,4621.72,955.68,Standard,20.68,2025-07,2025
ORD-02260,2025-01-04,CUST-0390,Consumer,South,Office Supplies,Ballpoint Pen Box,1,0.0,80.32,27.29,Standard,33.98,2025-01,2025
ORD-02222,2024-09-16,CUST-0750,Consumer,West,Furniture,Bean Bag,1,0.0,7533.04,835.59,Express,11.09,2024-09,2024
ORD-02197,2024-07-10,CUST-0101,Corporate,North,Clothing,Rain Jacket,1,0.0,1265.61,108.63,Standard,8.58,2024-07,2024
ORD-01280,2025-04-01,CUST-1037,Consumer,East,Clothing,Cotton T-Shirt,3,0.0,3644.34,332.49,Standard,9.12,2025-04,2025
ORD-01332,2025-06-10,CUST-0090,Corporate,West,Office Supplies,Desk Organizer,1,0.0,180.74,23.09,Standard,12.78,2025-06,2025
ORD-02630,2024-12-26,CUST-1374,Consumer,South,Office Supplies,File Folder Pack,1,0.1,148.71,43.68,Standard,29.37,2024-12,2024
ORD-02681,2024-07-18,CUST-1258,Consumer,South,Electronics,Laptop Stand,1,0.0,1827.09,457.78,Standard,25.06,2024-07,2024
ORD-02013,2025-03-04,CUST-0762,Consumer,West,Clothing,Sports Cap,1,0.05,1442.94,136.09,Standard,9.43,2025-03,2025
ORD-02996,2024-06-28,CUST-1158,Home Office,North,Office Supplies,Sticky Notes Pack,2,0.0,490.46,79.16,Standard,16.14,2024-06,2024
ORD-03013,2025-10-10,CUST-0124,Home Office,West,Furniture,Bean Bag,1,0.0,7533.04,835.59,Standard,11.09,2025-10,2025
ORD-02827,2025-07-12,CUST-0926,Consumer,South,Electronics,Power Bank 10000mAh,1,0.05,1541.99,379.1,Standard,24.59,2025-07,2025
ORD-01953,2025-11-30,CUST-1174,Consumer,East,Office Supplies,Stapler,2,0.1,454.43,84.2,Standard,18.53,2025-11,2025
ORD-02167,2024-06-17,CUST-0549,Home Office,South,Office Supplies,Desk Organizer,1,0.0,180.74,23.09,Standard,12.78,2024-06,2024
ORD-02559,2024-08-14,CUST-0725,Corporate,North,Furniture,Bed Side Table,1,0.0,5251.59,1531.64,Standard,29.17,2024-08,2024
ORD-01776,2024-01-12,CUST-0936,Home Office,East,Office Supplies,Sticky Notes Pack,1,0.15,208.45,24.27,Standard,11.64,2024-01,2024
ORD-02475,2025-03-20,CUST-0235,Corporate,West,Office Supplies,Whiteboard Marker Set,2,0.05,308.37,84.88,Express,27.53,2025-03,2025
ORD-02230,2024-05-23,CUST-0305,Consumer,South,Furniture,Bookshelf,1,0.0,1301.6,351.95,Standard,27.04,2024-05,2024
ORD-02212,2025-02-20,CUST-0275,Consumer,South,Office Supplies,Sticky Notes Pack,3,0.0,735.69,118.75,Same Day,16.14,2025-02,2025
ORD-01916,2024-07-28,CUST-0162,Consumer,South,Electronics,Smartwatch,1,0.0,1651.05,436.58,Standard,26.44,2024-07,2024
ORD-02117,2025-08-08,CUST-1176,Consumer,South,Office Supplies,A4 Paper Ream,1,0.0,414.45,35.7,Standard,8.61,2025-08,2025
ORD-01911,2025-10-14,CUST-0406,Corporate,East,Furniture,Filing Cabinet,2,0.0,15402.26,3871.73,Standard,25.14,2025-10,2025
ORD-01405,2025-06-15,CUST-0288,Consumer,West,Furniture,Bean Bag,1,0.0,7533.04,835.59,Express,11.09,2025-06,2025
ORD-01463,2025-07-04,CUST-0257,Consumer,North,Clothing,Cotton T-Shirt,2,0.0,2429.56,221.66,Standard,9.12,2025-07,2025
ORD-02833,2024-07-08,CUST-0842,Consumer,North,Electronics,Smartwatch,1,0.0,1651.05,436.58,Express,26.44,2024-07,2024
ORD-01296,2025-02-24,CUST-0617,Consumer,North,Electronics,Noise Cancelling Headphones,1,0.0,4693.67,1361.93,Express,29.02,2025-02,2025
ORD-02004,2025-04-24,CUST-1390,Consumer,West,Electronics,Wireless Mouse,1,0.0,4779.36,503.88,Standard,10.54,2025-04,2025
ORD-01677,2025-11-12,CUST-0437,Consumer,South,Furniture,Office Chair,1,0.1,11421.86,3137.7,Express,27.47,2025-11,2025
ORD-01046,2025-07-31,CUST-0626,Consumer,South,Clothing,Woolen Sweater,1,0.0,1899.39,546.14,Standard,28.75,2025-07,2025
ORD-02290,2025-09-28,CUST-0550,Consumer,South,Clothing,Rain Jacket,1,0.05,1202.33,85.17,Standard,7.08,2025-09,2025
ORD-02251,2024-04-21,CUST-0539,Corporate,North,Electronics,Laptop Stand,1,0.0,1827.09,457.78,Standard,25.06,2024-04,2024
ORD-02525,2024-11-03,CUST-0924,Consumer,North,Office Supplies,Sticky Notes Pack,1,0.0,245.23,39.58,Standard,16.14,2024-11,2024
ORD-01460,2025-10-03,CUST-0677,Corporate,North,Clothing,Sports Cap,1,0.1,1366.99,108.42,Standard,7.93,2025-10,2025
ORD-02620,2025-02-02,CUST-0396,Corporate,East,Electronics,Smartwatch,1,0.0,1651.05,436.58,Standard,26.44,2025-02,2025
ORD-02253,2024-10-28,CUST-0009,Corporate,East,Electronics,Power Bank 10000mAh,2,0.0,3246.3,846.8,Express,26.09,2024-10,2024
ORD-01871,2025-05-08,CUST-0053,Consumer,West,Electronics,USB-C Charger,1,0.0,2602.31,519.74,Standard,19.97,2025-05,2025
ORD-02597,2024-01-07,CUST-0524,Consumer,North,Office Supplies,Stapler,1,0.1,227.21,42.1,Standard,18.53,2024-01,2024
ORD-02875,2024-12-02,CUST-0746,Home Office,South,Furniture,Office Chair,1,0.0,12690.96,3867.06,Standard,30.47,2024-12,2024
ORD-01476,2025-10-17,CUST-0618,Corporate,East,Office Supplies,File Folder Pack,1,0.0,165.23,53.49,Express,32.37,2025-10,2025
ORD-02507,2024-04-11,CUST-0553,Home Office,East,Electronics,Power Bank 10000mAh,2,0.0,3246.3,846.8,Standard,26.09,2024-04,2024
ORD-02232,2025-10-20,CUST-1015,Corporate,South,Office Supplies,Sticky Notes Pack,1,0.0,245.23,39.58,Standard,16.14,2025-10,2025
ORD-02855,2025-08-10,CUST-0174,Corporate,East,Office Supplies,Desk Organizer,2,0.05,343.41,38.71,Standard,11.27,2025-08,2025
ORD-02472,2025-08-27,CUST-1118,Home Office,North,Clothing,Cotton T-Shirt,1,0.15,1032.56,47.74,Standard,4.62,2025-08,2025
ORD-03000,2025-07-11,CUST-0511,Corporate,East,Clothing,Sports Cap,1,0.0,1518.88,166.04,Express,10.93,2025-07,2025
ORD-02284,2024-12-09,CUST-0844,Consumer,West,Electronics,Wireless Mouse,1,0.0,4779.36,503.88,Express,10.54,2024-12,2024
ORD-01750,2025-12-20,CUST-0537,Consumer,North,Clothing,Running Shoes,1,0.2,850.49,152.7,Standard,17.95,2025-12,2025
ORD-01548,2024-03-14,CUST-0434,Consumer,East,Clothing,Sports Cap,1,0.05,1442.94,136.09,Same Day,9.43,2024-03,2024
ORD-02097,2024-02-17,CUST-0519,Consumer,South,Office Supplies,Stapler,1,0.0,252.46,54.35,Standard,21.53,2024-02,2024
ORD-01439,2025-09-13,CUST-0070,Corporate,East,Electronics,Laptop Stand,1,0.2,1461.67,278.52,Same Day,19.05,2025-09,2025
ORD-02406,2025-02-23,CUST-0903,Corporate,North,Electronics,Power Bank 10000mAh,1,0.0,1623.15,423.4,Standard,26.09,2025-02,2025
ORD-01782,2024-01-29,CUST-0020,Consumer,North,Furniture,Study Table,1,0.05,6219.84,638.98,Same Day,10.27,2024-01,2024
ORD-01190,2024-06-08,CUST-0489,Consumer,South,Office Supplies,Whiteboard Marker Set,1,0.0,162.3,47.11,Express,29.03,2024-06,2024
ORD-02469,2024-09-13,CUST-0740,Corporate,West,Furniture,Bookshelf,1,0.0,1301.6,351.95,Standard,27.04,2024-09,2024
ORD-02237,2024-12-25,CUST-1388,Consumer,North,Office Supplies,A4 Paper Ream,4,0.0,1657.8,142.79,Standard,8.61,2024-12,2024
ORD-01361,2025-11-03,CUST-1047,Home Office,East,Clothing,Cotton T-Shirt,1,0.0,1214.78,110.83,Express,9.12,2025-11,2025
ORD-01522,2024-05-04,CUST-1360,Home Office,West,Furniture,Bookshelf,2,0.0,2603.2,703.89,Standard,27.04,2024-05,2024
ORD-02881,2025-09-26,CUST-0749,Corporate,South,Electronics,Wireless Mouse,1,0.1,4301.42,324.45,Express,7.54,2025-09,2025
ORD-02856,2025-03-13,CUST-0243,Consumer,East,Office Supplies,Printer Ink Cartridge,2,0.1,667.71,146.48,Same Day,21.94,2025-03,2025
ORD-02647,2024-10-14,CUST-1297,Corporate,South,Electronics,Bluetooth Speaker,1,0.0,5868.36,1183.09,Standard,20.16,2024-10,2024
ORD-01686,2024-08-23,CUST-0969,Consumer,North,Electronics,Wireless Mouse,1,0.0,4779.36,503.88,Same Day,10.54,2024-08,2024
ORD-01628,2024-06-17,CUST-1053,Consumer,East,Electronics,Noise Cancelling Headphones,1,0.0,4693.67,1361.93,Standard,29.02,2024-06,2024
ORD-01509,2024-12-06,CUST-0016,Home Office,East,Office Supplies,Printer Ink Cartridge,1,0.0,370.95,92.51,Standard,24.94,2024-12,2024
ORD-02593,2024-03-29,CUST-0293,Consumer,East,Furniture,Filing Cabinet,1,0.15,6545.96,1350.92,Standard,20.64,2024-03,2024
ORD-01925,2024-06-03,CUST-0702,Consumer,East,Clothing,Cotton T-Shirt,1,0.0,1214.78,110.83,Standard,9.12,2024-06,2024
ORD-02662,2024-05-21,CUST-0212,Corporate,North,Electronics,USB-C Charger,1,0.1,2342.08,397.5,Standard,16.97,2024-05,2024
ORD-02708,2025-12-01,CUST-0114,Home Office,West,Clothing,Rain Jacket,1,0.05,1202.33,85.17,Standard,7.08,2025-12,2025
ORD-01878,2024-08-01,CUST-0199,Consumer,West,Clothing,Woolen Sweater,1,0.0,1899.39,546.14,Standard,28.75,2024-08,2024
ORD-02535,2025-03-31,CUST-0394,Consumer,South,Electronics,Power Bank 10000mAh,1,0.0,1623.15,423.4,Express,26.09,2025-03,2025
ORD-01680,2025-09-10,CUST-1165,Corporate,South,Furniture,Office Chair,1,0.1,11421.86,3137.7,Standard,27.47,2025-09,2025
ORD-01173,2025-12-27,CUST-1235,Consumer,West,Electronics,Smartwatch,1,0.0,1651.05,436.58,Standard,26.44,2025-12,2025
ORD-02087,2024-01-24,CUST-0009,Home Office,West,Office Supplies,Printer Ink Cartridge,1,0.05,352.4,82.59,Express,23.44,2024-01,2024
ORD-01882,2025-03-29,CUST-0573,Consumer,East,Clothing,Rain Jacket,1,0.0,1265.61,108.63,Standard,8.58,2025-03,2025
ORD-01104,2025-03-21,CUST-0286,Corporate,West,Furniture,Bean Bag,1,0.2,6026.43,306.88,Standard,5.09,2025-03,2025
ORD-02219,2025-12-18,CUST-0741,Consumer,West,Electronics,Smartwatch,2,0.0,3302.1,873.15,Standard,26.44,2025-12,2025
ORD-02623,2025-11-23,CUST-0499,Consumer,North,Electronics,Noise Cancelling Headphones,1,0.0,4693.67,1361.93,Standard,29.02,2025-11,2025
ORD-02353,2025-11-25,CUST-1314,Consumer,East,Furniture,Bed Side Table,1,0.0,5251.59,1531.64,Standard,29.17,2025-11,2025
ORD-01003,2024-01-14,CUST-0584,Corporate,South,Clothing,Denim Jeans,2,0.05,1002.23,224.16,Standard,22.37,2024-01,2024
ORD-02817,2025-11-27,CUST-0350,Consumer,East,Office Supplies,A4 Paper Ream,1,0.0,414.45,35.7,Standard,8.61,2025-11,2025
ORD-02991,2024-12-08,CUST-1043,Consumer,North,Office Supplies,Printer Ink Cartridge,4,0.2,1187.04,224.79,Standard,18.94,2024-12,2024
ORD-01612,2025-11-01,CUST-1265,Consumer,South,Electronics,USB-C Charger,1,0.0,2602.31,519.74,Express,19.97,2025-11,2025
ORD-01325,2024-01-10,CUST-0303,Home Office,West,Electronics,USB-C Charger,1,0.0,2602.31,519.74,Standard,19.97,2024-01,2024
ORD-02819,2025-08-16,CUST-0744,Corporate,South,Electronics,Noise Cancelling Headphones,1,0.0,4693.67,1361.93,Express,29.02,2025-08,2025
ORD-02123,2025-11-05,CUST-1358,Corporate,North,Electronics,Wireless Mouse,1,0.2,3823.49,173.69,Standard,4.54,2025-11,2025
ORD-03060,2024-11-26,CUST-0505,Consumer,North,Office Supplies,Stapler,1,0.0,252.46,54.35,Standard,21.53,2024-11,2024
ORD-02207,2024-04-05,CUST-0472,Consumer,North,Office Supplies,A4 Paper Ream,1,0.0,414.45,35.7,Standard,8.61,2024-04,2024
ORD-02966,2025-12-21,CUST-1190,Consumer,East,Clothing,Denim Jeans,1,0.0,527.49,125.89,Express,23.87,2025-12,2025
ORD-02621,2024-05-07,CUST-0824,Consumer,North,Clothing,Formal Shirt,1,0.15,1718.72,98.55,Express,5.73,2024-05,2024
ORD-03041,2024-04-13,CUST-1030,Home Office,West,Electronics,Noise Cancelling Headphones,1,0.0,4693.67,1361.93,Standard,29.02,2024-04,2024
ORD-01755,2024-06-17,CUST-1003,Corporate,North,Electronics,Wireless Mouse,1,0.2,3823.49,173.69,Express,4.54,2024-06,2024
ORD-01145,2024-08-18,CUST-0203,Consumer,West,Electronics,Smartwatch,1,0.0,1651.05,436.58,Standard,26.44,2024-08,2024
ORD-01502,2024-06-20,CUST-0419,Home Office,North,Electronics,USB-C Charger,1,0.05,2472.19,456.67,Standard,18.47,2024-06,2024
ORD-01526,2025-12-25,CUST-1084,Corporate,South,Furniture,Study Table,3,0.0,19641.6,2312.47,Standard,11.77,2025-12,2025
ORD-01178,2024-11-16,CUST-0105,Consumer,North,Electronics,Webcam HD,1,0.2,3697.38,542.7,Standard,14.68,2024-11,2024
ORD-02025,2024-10-21,CUST-0440,Consumer,South,Electronics,Power Bank 10000mAh,1,0.15,1379.68,297.8,Standard,21.58,2024-10,2024
ORD-01433,2025-07-27,CUST-1262,Corporate,West,Furniture,Bookshelf,1,0.05,1236.52,315.8,Standard,25.54,2025-07,2025
ORD-02354,2025-01-28,CUST-0581,Consumer,South,Clothing,Denim Jeans,1,0.0,527.49,125.89,Standard,23.87,2025-01,2025
ORD-01563,2024-04-09,CUST-1339,Corporate,West,Office Supplies,File Folder Pack,2,0.0,330.46,106.97,Same Day,32.37,2024-04,2024
ORD-02566,2025-10-31,CUST-1349,Consumer,West,Clothing,Woolen Sweater,2,0.0,3798.78,1092.28,Standard,28.75,2025-10,2025
ORD-01472,2024-11-04,CUST-1276,Home Office,East,Electronics,Webcam HD,2,0.0,9243.44,1911.36,Standard,20.68,2024-11,2024
ORD-02016,2025-12-23,CUST-0682,Consumer,West,Electronics,Smartwatch,1,0.1,1485.94,348.34,Standard,23.44,2025-12,2025
ORD-02588,2025-10-23,CUST-1038,Home Office,North,Electronics,Bluetooth Speaker,1,0.0,5868.36,1183.09,Express,20.16,2025-10,2025
ORD-02537,2024-07-30,CUST-0283,Corporate,East,Electronics,Webcam HD,1,0.0,4621.72,955.68,Express,20.68,2024-07,2024
ORD-01981,2024-07-20,CUST-1025,Consumer,North,Office Supplies,Desk Organizer,1,0.0,180.74,23.09,Standard,12.78,2024-07,2024
ORD-02216,2025-02-01,CUST-0744,Corporate,North,Electronics,Smartwatch,1,0.0,1651.05,436.58,Standard,26.44,2025-02,2025
ORD-01415,2024-12-14,CUST-0782,Consumer,East,Office Supplies,Stapler,1,0.15,214.59,36.54,Standard,17.03,2024-12,2024
ORD-01056,2024-06-30,CUST-0139,Home Office,North,Clothing,Rain Jacket,1,0.05,1202.33,85.17,Standard,7.08,2024-06,2024
ORD-02122,2025-10-22,CUST-0032,Home Office,East,Electronics,Webcam HD,1,0.0,4621.72,955.68,Standard,20.68,2025-10,2025
ORD-01606,2025-12-19,CUST-0399,Consumer,South,Furniture,Recliner Sofa,1,0.2,5470.16,195.51,Standard,3.57,2025-12,2025
ORD-02295,2024-11-28,CUST-1017,Consumer,North,Electronics,Laptop Stand,1,0.0,1827.09,457.78,Standard,25.06,2024-11,2024
ORD-01524,2024-10-03,CUST-0816,Corporate,South,Office Supplies,Sticky Notes Pack,1,0.0,245.23,39.58,Same Day,16.14,2024-10,2024
ORD-02646,2025-10-03,CUST-0135,Home Office,East,Electronics,Power Bank 10000mAh,1,0.0,1623.15,423.4,Standard,26.09,2025-10,2025
ORD-02614,2025-07-13,CUST-1328,Consumer,South,Electronics,Bluetooth Speaker,1,0.0,5868.36,1183.09,Standard,20.16,2025-07,2025
ORD-02183,2024-02-21,CUST-1071,Consumer,North,Office Supplies,Printer Ink Cartridge,4,0.0,1483.8,370.02,Standard,24.94,2024-02,2024
ORD-02879,2024-10-22,CUST-1045,Consumer,West,Electronics,Bluetooth Speaker,2,0.0,11736.72,2366.17,Express,20.16,2024-10,2024
ORD-02655,2025-01-20,CUST-1354,Consumer,North,Electronics,Smartwatch,1,0.0,1651.05,436.58,Express,26.44,2025-01,2025
ORD-02615,2025-07-25,CUST-0079,Corporate,North,Office Supplies,A4 Paper Ream,1,0.1,373.0,20.94,Standard,5.61,2025-07,2025
ORD-01298,2024-10-30,CUST-0559,Home Office,South,Office Supplies,Printer Ink Cartridge,1,0.15,315.31,64.44,Same Day,20.44,2024-10,2024
ORD-01749,2024-12-09,CUST-0919,Consumer,South,Electronics,Bluetooth Speaker,1,0.0,5868.36,1183.09,Express,20.16,2024-12,2024
ORD-02635,2024-03-07,CUST-1370,Consumer,North,Electronics,Bluetooth Speaker,2,0.15,9976.21,1562.32,Express,15.66,2024-03,2024
ORD-02415,2024-12-20,CUST-0753,Corporate,North,Office Supplies,Whiteboard Marker Set,1,0.1,146.07,38.02,Standard,26.03,2024-12,2024
ORD-02003,2024-01-25,CUST-0861,Corporate,South,Furniture,Bookshelf,1,0.0,3904.8,1055.84,Standard,27.04,2024-01,2024
ORD-01114,2025-08-26,CUST-0465,Consumer,North,Electronics,USB-C Charger,1,0.2,2081.85,290.88,Standard,13.97,2025-08,2025
ORD-01958,2024-08-17,CUST-0570,Consumer,North,Electronics,Bluetooth Speaker,1,0.0,5868.36,1183.09,Standard,20.16,2024-08,2024
ORD-02448,2025-03-07,CUST-1139,Consumer,North,Clothing,Hoodie,2,0.0,3115.6,647.55,Standard,20.78,2025-03,2025
ORD-02744,2024-05-13,CUST-0906,Consumer,East,Clothing,Sports Cap,1,0.05,1442.94,136.09,Express,9.43,2024-05,2024
ORD-01989,2025-07-11,CUST-1227,Corporate,West,Furniture,Recliner Sofa,2,0.0,13675.4,1309.31,Standard,9.57,2025-07,2025
ORD-02100,2024-03-21,CUST-1052,Consumer,East,Furniture,Wall Shelf,2,0.05,16942.41,3099.0,Standard,18.29,2024-03,2024
ORD-01425,2025-12-06,CUST-1155,Consumer,North,Clothing,Rain Jacket,1,0.0,1265.61,108.63,Express,8.58,2025-12,2025
ORD-02618,2025-10-19,CUST-0020,Consumer,East,Office Supplies,Ballpoint Pen Box,1,0.0,80.32,27.29,Standard,33.98,2025-10,2025
ORD-03038,2025-02-20,CUST-0827,Consumer,East,Office Supplies,Sticky Notes Pack,1,0.1,220.71,29.0,Standard,13.14,2025-02,2025
ORD-02534,2025-12-18,CUST-1286,Consumer,North,Electronics,Noise Cancelling Headphones,1,0.0,4693.67,1361.93,Standard,29.02,2025-12,2025
ORD-01361,2025-11-03,CUST-1047,Home Office,East,Office Supplies,Sticky Notes Pack,1,0.1,220.71,29.0,Express,13.14,2025-11,2025
ORD-01127,2025-08-01,CUST-1353,Consumer,South,Electronics,Power Bank 10000mAh,1,0.0,1623.15,423.4,Standard,26.09,2025-08,2025
ORD-01316,2024-10-25,CUST-0653,Consumer,East,Clothing,Formal Shirt,1,0.0,2022.02,206.93,Standard,10.23,2024-10,2024
ORD-01212,2025-03-26,CUST-1362,Consumer,South,Electronics,Laptop Stand,1,0.0,1827.09,457.78,Standard,25.06,2025-03,2025
ORD-02846,2024-03-17,CUST-0029,Corporate,West,Electronics,Smartwatch,2,0.0,3302.1,873.15,Standard,26.44,2024-03,2024
ORD-01281,2025-12-30,CUST-1041,Consumer,West,Office Supplies,A4 Paper Ream,1,0.0,414.45,35.7,Standard,8.61,2025-12,2025
ORD-02981,2025-02-18,CUST-0757,Consumer,East,Clothing,Denim Jeans,1,0.05,501.12,112.08,Standard,22.37,2025-02,2025
ORD-01998,2024-03-29,CUST-0336,Corporate,East,Office Supplies,Sticky Notes Pack,1,0.1,220.71,29.0,Standard,13.14,2024-03,2024
ORD-02860,2024-03-18,CUST-0502,Consumer,South,Office Supplies,A4 Paper Ream,1,0.1,373.0,20.94,Express,5.61,2024-03,2024
ORD-02338,2025-07-08,CUST-0191,Home Office,West,Clothing,Formal Shirt,1,0.0,2022.02,206.93,Express,10.23,2025-07,2025
ORD-02837,2025-07-12,CUST-0595,Consumer,East,Office Supplies,Ballpoint Pen Box,1,0.05,76.3,24.78,Express,32.48,2025-07,2025
ORD-02111,2025-05-26,CUST-0690,Consumer,North,Electronics,Power Bank 10000mAh,1,0.0,3246.3,846.8,Standard,26.09,2025-05,2025
ORD-01672,2025-04-05,CUST-0985,Consumer,North,Electronics,Webcam HD,1,0.0,4621.72,955.68,Express,20.68,2025-04,2025
ORD-01735,2025-12-20,CUST-1079,Corporate,East,Furniture,Office Chair,1,0.2,10152.77,2484.49,Standard,24.47,2025-12,2025
ORD-01999,2025-08-31,CUST-0612,Consumer,East,Electronics,Power Bank 10000mAh,1,0.0,1623.15,423.4,Standard,26.09,2025-08,2025
ORD-01281,2025-12-30,CUST-1041,Consumer,West,Clothing,Formal Shirt,1,0.0,2022.02,206.93,Standard,10.23,2025-12,2025
ORD-01733,2025-12-17,CUST-0334,Consumer,West,Electronics,Power Bank 10000mAh,2,0.0,3246.3,846.8,Standard,26.09,2025-12,2025
ORD-03039,2024-02-26,CUST-0008,Corporate,North,Electronics,USB-C Charger,1,0.0,2602.31,519.74,Standard,19.97,2024-02,2024
ORD-01206,2024-10-15,CUST-1147,Home Office,West,Furniture,Study Table,2,0.0,13094.4,1541.65,Express,11.77,2024-10,2024
ORD-01939,2025-03-25,CUST-0710,Consumer,West,Office Supplies,Sticky Notes Pack,1,0.0,245.23,39.58,Standard,16.14,2025-03,2025
ORD-02927,2025-03-03,CUST-0618,Consumer,East,Electronics,Wireless Mouse,2,0.05,9080.78,821.16,Standard,9.04,2025-03,2025
ORD-02913,2024-01-17,CUST-1196,Consumer,West,Clothing,Running Shoes,1,0.2,850.49,152.7,Standard,17.95,2024-01,2024
ORD-02359,2025-10-14,CUST-1024,Consumer,East,Electronics,Bluetooth Speaker,1,0.05,5574.94,1040.31,Express,18.66,2025-10,2025
ORD-02746,2025-11-01,CUST-1290,Home Office,East,Furniture,Recliner Sofa,1,0.0,6837.7,654.65,Same Day,9.57,2025-11,2025
ORD-02461,2025-11-02,CUST-1001,Corporate,South,Furniture,Wall Shelf,1,0.05,8471.21,1549.5,Standard,18.29,2025-11,2025
ORD-01290,2024-01-01,CUST-0826,Consumer,South,Clothing,Sports Cap,2,0.0,3037.76,332.07,Standard,10.93,2024-01,2024
ORD-01151,2024-04-21,CUST-0612,Corporate,North,Electronics,Bluetooth Speaker,1,0.0,5868.36,1183.09,Express,20.16,2024-04,2024
ORD-01070,2025-01-01,CUST-1203,Consumer,South,Office Supplies,Sticky Notes Pack,2,0.0,490.46,79.16,Standard,16.14,2025-01,2025
ORD-01956,2025-12-04,CUST-0341,Consumer,North,Electronics,Smartwatch,1,0.0,1651.05,436.58,Standard,26.44,2025-12,2025
ORD-01432,2025-08-30,CUST-0369,Corporate,North,Office Supplies,Ballpoint Pen Box,1,0.0,80.32,27.29,Standard,33.98,2025-08,2025
ORD-02481,2024-10-22,CUST-0963,Consumer,North,Furniture,Bed Side Table,1,0.0,5251.59,1531.64,Express,29.17,2024-10,2024
ORD-02539,2025-10-16,CUST-0802,Consumer,North,Office Supplies,Whiteboard Marker Set,1,0.0,162.3,47.11,Standard,29.03,2025-10,2025
ORD-01327,2025-07-26,CUST-0816,Consumer,North,Furniture,Filing Cabinet,1,0.0,7701.13,1935.86,Express,25.14,2025-07,2025
ORD-02333,2024-07-02,CUST-0625,Consumer,West,Electronics,Wireless Mouse,3,0.1,12904.27,973.34,Standard,7.54,2024-07,2024
ORD-02280,2024-04-05,CUST-0257,Consumer,South,Office Supplies,Stapler,1,0.1,227.21,42.1,Standard,18.53,2024-04,2024
ORD-01697,2024-03-10,CUST-0511,Home Office,North,Furniture,Wall Shelf,2,0.0,17834.12,3529.62,Standard,19.79,2024-03,2024
ORD-01575,2025-07-23,CUST-0827,Corporate,North,Office Supplies,Desk Organizer,1,0.15,153.63,12.71,Standard,8.27,2025-07,2025
ORD-02138,2024-03-13,CUST-1245,Corporate,West,Clothing,Cotton T-Shirt,1,0.0,1214.78,110.83,Same Day,9.12,2024-03,2024
ORD-01451,2025-07-10,CUST-0079,Consumer,West,Office Supplies,A4 Paper Ream,2,0.05,787.46,56.01,Standard,7.11,2025-07,2025
ORD-02345,2024-10-17,CUST-0016,Corporate,West,Clothing,Denim Jeans,2,0.0,1054.98,251.79,Standard,23.87,2024-10,2024
ORD-02614,2025-07-13,CUST-1328,Consumer,South,Electronics,Webcam HD,1,0.0,4621.72,955.68,Standard,20.68,2025-07,2025
ORD-01354,2025-01-17,CUST-0951,Consumer,East,Electronics,Webcam HD,4,0.1,16638.19,2941.3,Standard,17.68,2025-01,2025
ORD-02727,2024-03-06,CUST-1357,Consumer,East,Office Supplies,Printer Ink Cartridge,1,0.05,352.4,82.59,Express,23.44,2024-03,2024
ORD-01871,2025-05-08,CUST-0053,Consumer,West,Electronics,Smartwatch,1,0.0,1651.05,436.58,Standard,26.44,2025-05,2025
ORD-01259,2025-11-15,CUST-0852,Corporate,North,Office Supplies,A4 Paper Ream,1,0.0,414.45,35.7,Standard,8.61,2025-11,2025
ORD-02127,2024-09-13,CUST-0869,Home Office,West,Clothing,Woolen Sweater,3,0.0,5698.17,1638.42,Express,28.75,2024-09,2024
ORD-01158,2025-10-02,CUST-1354,Consumer,West,Furniture,Office Chair,1,0.0,12690.96,3867.06,Express,30.47,2025-10,2025
ORD-02186,2024-04-23,CUST-0375,Corporate,North,Electronics,Webcam HD,1,0.0,4621.72,955.68,Standard,20.68,2024-04,2024
ORD-01276,2025-04-26,CUST-0761,Consumer,West,Furniture,Bookshelf,3,0.0,3904.8,1055.84,Standard,27.04,2025-04,2025
ORD-02118,2025-09-24,CUST-0350,Consumer,North,Office Supplies,Printer Ink Cartridge,1,0.15,315.31,64.44,Standard,20.44,2025-09,2025
ORD-01060,2025-10-05,CUST-0626,Consumer,East,Office Supplies,Desk Organizer,1,0.0,180.74,23.09,Standard,12.78,2025-10,2025
ORD-01932,2024-12-27,CUST-0006,Consumer,North,Electronics,Webcam HD,3,0.0,13865.16,2867.04,Standard,20.68,2024-12,2024
ORD-02030,2025-10-25,CUST-0557,Corporate,North,Clothing,Hoodie,1,0.0,1557.8,323.78,Same Day,20.78,2025-10,2025
ORD-01671,2025-10-30,CUST-1133,Corporate,North,Clothing,Sports Cap,2,0.0,3037.76,332.07,Standard,10.93,2025-10,2025
ORD-01081,2024-12-29,CUST-0194,Consumer,West,Clothing,Sports Cap,1,0.0,1518.88,166.04,Express,10.93,2024-12,2024
ORD-01827,2024-11-09,CUST-1251,Consumer,East,Furniture,Study Table,1,0.0,6547.2,770.82,Same Day,11.77,2024-11,2024
ORD-02275,2025-02-05,CUST-1312,Consumer,East,Electronics,Bluetooth Speaker,1,0.15,4988.11,781.16,Express,15.66,2025-02,2025
ORD-01339,2024-11-08,CUST-0987,Consumer,North,Office Supplies,File Folder Pack,1,0.0,165.23,53.49,Standard,32.37,2024-11,2024
ORD-01179,2024-10-09,CUST-1399,Consumer,North,Office Supplies,Whiteboard Marker Set,2,0.0,324.6,94.22,Standard,29.03,2024-10,2024
ORD-01646,2025-10-19,CUST-1322,Consumer,North,Electronics,Webcam HD,1,0.0,4621.72,955.68,Standard,20.68,2025-10,2025
ORD-02778,2025-05-17,CUST-0943,Consumer,South,Office Supplies,Desk Organizer,1,0.0,180.74,23.09,Standard,12.78,2025-05,2025
ORD-01976,2025-06-04,CUST-1295,Consumer,West,Office Supplies,Desk Organizer,1,0.15,153.63,12.71,Standard,8.27,2025-06,2025
ORD-02739,2025-10-15,CUST-0779,Consumer,East,Electronics,USB-C Charger,2,0.1,4684.16,795.0,Standard,16.97,2025-10,2025
ORD-02806,2025-01-28,CUST-0058,Corporate,North,Office Supplies,Sticky Notes Pack,1,0.0,245.23,39.58,Standard,16.14,2025-01,2025
ORD-01583,2025-02-21,CUST-1198,Corporate,South,Office Supplies,File Folder Pack,1,0.0,165.23,53.49,Standard,32.37,2025-02,2025
ORD-02181,2024-06-19,CUST-1142,Consumer,South,Clothing,Rain Jacket,2,0.05,2404.66,170.33,Same Day,7.08,2024-06,2024
ORD-02203,2024-12-11,CUST-0338,Consumer,South,Office Supplies,File Folder Pack,1,0.0,165.23,53.49,Standard,32.37,2024-12,2024
ORD-02211,2024-01-11,CUST-1328,Consumer,North,Electronics,USB-C Charger,2,0.0,5204.62,1039.48,Standard,19.97,2024-01,2024
ORD-01775,2025-06-11,CUST-0164,Consumer,North,Office Supplies,Stapler,1,0.0,252.46,54.35,Standard,21.53,2025-06,2025
ORD-02718,2025-04-28,CUST-0431,Consumer,North,Office Supplies,Ballpoint Pen Box,2,0.0,160.64,54.57,Standard,33.97,2025-04,2025
ORD-03056,2024-07-20,CUST-1225,Consumer,North,Clothing,Denim Jeans,1,0.0,527.49,125.89,Express,23.87,2024-07,2024
ORD-03025,2024-06-03,CUST-0681,Corporate,North,Office Supplies,A4 Paper Ream,1,0.0,414.45,35.7,Standard,8.61,2024-06,2024
ORD-02019,2024-08-26,CUST-0498,Consumer,North,Office Supplies,Whiteboard Marker Set,1,0.0,162.3,47.11,Standard,29.03,2024-08,2024
ORD-02747,2025-08-10,CUST-0103,Consumer,East,Electronics,Power Bank 10000mAh,2,0.0,3246.3,846.8,Standard,26.09,2025-08,2025
ORD-02433,2024-10-09,CUST-0408,Consumer,North,Office Supplies,A4 Paper Ream,1,0.0,414.45,35.7,Express,8.61,2024-10,2024
ORD-01734,2025-07-25,CUST-0834,Consumer,West,Electronics,Smartwatch,1,0.05,1568.5,391.22,Standard,24.94,2025-07,2025
ORD-02450,2024-03-22,CUST-0250,Home Office,West,Electronics,USB-C Charger,1,0.1,2342.08,397.5,Express,16.97,2024-03,2024
ORD-01769,2025-09-01,CUST-0042,Consumer,North,Clothing,Woolen Sweater,1,0.0,1899.39,546.14,Express,28.75,2025-09,2025
ORD-02218,2025-07-17,CUST-0340,Consumer,North,Office Supplies,Whiteboard Marker Set,2,0.0,324.6,94.22,Standard,29.03,2025-07,2025
ORD-02046,2024-12-06,CUST-0260,Consumer,North,Electronics,Noise Cancelling Headphones,1,0.0,4693.67,1361.93,Same Day,29.02,2024-12,2024
ORD-02022,2024-12-01,CUST-0086,Corporate,North,Clothing,Denim Jeans,4,0.0,2109.96,503.57,Standard,23.87,2024-12,2024
ORD-02721,2024-02-21,CUST-1312,Corporate,West,Electronics,Bluetooth Speaker,1,0.0,5868.36,1183.09,Standard,20.16,2024-02,2024
ORD-02080,2024-11-29,CUST-1261,Corporate,West,Clothing,Cotton T-Shirt,1,0.0,1214.78,110.83,Standard,9.12,2024-11,2024
ORD-01533,2025-10-06,CUST-0963,Consumer,East,Furniture,Bed Side Table,1,0.05,4989.01,1380.22,Standard,27.67,2025-10,2025
ORD-01949,2025-08-03,CUST-0238,Home Office,West,Electronics,Bluetooth Speaker,2,0.0,11736.72,2366.17,Standard,20.16,2025-08,2025
ORD-02065,2025-02-03,CUST-0200,Consumer,West,Furniture,Bookshelf,1,0.0,1301.6,351.95,Express,27.04,2025-02,2025
ORD-02426,2024-07-19,CUST-1218,Consumer,West,Office Supplies,Ballpoint Pen Box,1,0.0,80.32,27.29,Express,33.98,2024-07,2024
ORD-02024,2025-12-10,CUST-1088,Home Office,East,Furniture,Study Table,2,0.05,12439.68,1277.97,Standard,10.27,2025-12,2025
ORD-01056,2024-06-30,CUST-0139,Home Office,North,Clothing,Denim Jeans,1,0.0,527.49,125.89,Standard,23.87,2024-06,2024
ORD-02490,2025-11-23,CUST-0475,Consumer,East,Clothing,Cotton T-Shirt,1,0.15,1032.56,47.74,Standard,4.62,2025-11,2025
ORD-01521,2025-07-25,CUST-0597,Consumer,East,Clothing,Sports Cap,1,0.15,1291.05,83.03,Standard,6.43,2025-07,2025
ORD-02408,2024-04-07,CUST-0980,Consumer,North,Clothing,Hoodie,3,0.0,4673.4,971.33,Express,20.78,2024-04,2024
ORD-01427,2024-12-14,CUST-0082,Corporate,East,Electronics,USB-C Charger,1,0.0,2602.31,519.74,Standard,19.97,2024-12,2024
ORD-02170,2025-11-18,CUST-0639,Consumer,South,Furniture,Study Table,1,0.0,6547.2,770.82,Standard,11.77,2025-11,2025
ORD-03034,2024-05-03,CUST-0205,Corporate,West,Furniture,Study Table,1,0.0,6547.2,770.82,Standard,11.77,2024-05,2024
ORD-01585,2024-09-09,CUST-0776,Consumer,South,Office Supplies,A4 Paper Ream,1,0.0,414.45,35.7,Express,8.61,2024-09,2024
ORD-01922,2024-11-30,CUST-1094,Consumer,North,Furniture,Bed Side Table,2,0.0,10503.18,3063.28,Express,29.17,2024-11,2024
ORD-02018,2024-05-24,CUST-1083,Consumer,East,Clothing,Formal Shirt,1,0.0,2022.02,206.93,Standard,10.23,2024-05,2024
ORD-01675,2024-07-17,CUST-0749,Corporate,North,Clothing,Sports Cap,4,0.0,6075.52,664.15,Standard,10.93,2024-07,2024
ORD-01086,2024-07-12,CUST-1286,Consumer,North,Office Supplies,Printer Ink Cartridge,1,0.0,370.95,92.51,Standard,24.94,2024-07,2024
ORD-01340,2025-10-01,CUST-0987,Consumer,North,Electronics,Noise Cancelling Headphones,1,0.0,4693.67,1361.93,Standard,29.02,2025-10,2025
ORD-01801,2025-10-03,CUST-0661,Corporate,South,Furniture,Study Table,1,0.0,6547.2,770.82,Standard,11.77,2025-10,2025
ORD-01526,2025-12-25,CUST-1084,Corporate,South,Office Supplies,Printer Ink Cartridge,1,0.0,370.95,92.51,Standard,24.94,2025-12,2025
ORD-02863,2025-01-07,CUST-0982,Corporate,North,Clothing,Hoodie,1,0.0,1557.8,323.78,Standard,20.78,2025-01,2025
ORD-02400,2025-03-12,CUST-0792,Corporate,East,Electronics,Bluetooth Speaker,1,0.05,5574.94,1040.31,Standard,18.66,2025-03,2025
ORD-02452,2025-10-29,CUST-0696,Corporate,North,Electronics,USB-C Charger,1,0.0,2602.31,519.74,Standard,19.97,2025-10,2025
ORD-02712,2024-07-06,CUST-0203,Corporate,West,Clothing,Sports Cap,1,0.1,1366.99,108.42,Standard,7.93,2024-07,2024
ORD-01675,2024-07-17,CUST-0749,Corporate,North,Office Supplies,Sticky Notes Pack,1,0.1,220.71,29.0,Standard,13.14,2024-07,2024
ORD-01629,2024-08-02,CUST-1033,Corporate,North,Clothing,Woolen Sweater,1,0.0,1899.39,546.14,Express,28.75,2024-08,2024
ORD-01343,2024-10-22,CUST-0841,Corporate,East,Clothing,Hoodie,2,0.0,3115.6,647.55,Express,20.78,2024-10,2024
ORD-01118,2024-03-05,CUST-0222,Consumer,East,Electronics,Smartwatch,1,0.0,1651.05,436.58,Standard,26.44,2024-03,2024
ORD-03064,2024-06-01,CUST-0342,Consumer,North,Office Supplies,Ballpoint Pen Box,1,0.1,72.29,22.39,Standard,30.97,2024-06,2024
ORD-01984,2025-05-13,CUST-0706,Consumer,South,Furniture,Study Table,1,0.0,6547.2,770.82,Standard,11.77,2025-05,2025
ORD-02947,2024-10-11,CUST-0167,Consumer,West,Office Supplies,File Folder Pack,1,0.05,156.97,48.46,Standard,30.87,2024-10,2024
ORD-01640,2024-09-14,CUST-0106,Corporate,West,Furniture,Wall Shelf,1,0.0,8917.06,1764.81,Standard,19.79,2024-09,2024
ORD-01306,2025-03-31,CUST-0284,Consumer,South,Clothing,Running Shoes,2,0.0,2126.22,509.33,Same Day,23.95,2025-03,2025
ORD-01520,2024-02-09,CUST-0879,Consumer,West,Furniture,Office Chair,2,0.0,25381.92,7734.13,Standard,30.47,2024-02,2024
ORD-01034,2024-10-20,CUST-0455,Consumer,South,Office Supplies,File Folder Pack,1,0.0,165.23,53.49,Standard,32.37,2024-10,2024
ORD-03029,2025-05-15,CUST-0060,Corporate,East,Electronics,Smartwatch,2,0.15,2806.78,615.87,Express,21.94,2025-05,2025
ORD-02699,2024-11-09,CUST-0551,Corporate,South,Electronics,Power Bank 10000mAh,1,0.0,1623.15,423.4,Standard,26.09,2024-11,2024
ORD-01132,2025-05-05,CUST-1351,Corporate,North,Electronics,Wireless Mouse,2,0.0,9558.72,1007.76,Standard,10.54,2025-05,2025
ORD-02815,2025-05-02,CUST-0243,Consumer,West,Furniture,Bean Bag,1,0.0,7533.04,835.59,Standard,11.09,2025-05,2025
ORD-01003,2024-01-14,CUST-0584,Corporate,South,Clothing,Woolen Sweater,1,0.15,1614.48,391.57,Standard,24.25,2024-01,2024
ORD-02992,2025-12-05,CUST-0503,Corporate,South,Clothing,Sports Cap,2,0.1,2733.98,216.85,Standard,7.93,2025-12,2025
ORD-02794,2024-07-06,CUST-1190,Corporate,North,Office Supplies,Stapler,1,0.2,201.97,31.36,Standard,15.53,2024-07,2024
ORD-01452,2024-07-15,CUST-0198,Home Office,East,Electronics,Smartwatch,1,0.0,1651.05,436.58,Express,26.44,2024-07,2024
ORD-02642,2024-11-06,CUST-0991,Consumer,South,Electronics,Noise Cancelling Headphones,1,0.2,3754.94,864.25,Standard,23.02,2024-11,2024
ORD-01157,2025-12-17,CUST-0641,Corporate,South,Electronics,Noise Cancelling Headphones,3,0.0,14081.01,4085.8,Standard,29.02,2025-12,2025
ORD-02557,2025-10-31,CUST-1059,Corporate,West,Electronics,Laptop Stand,1,0.0,1827.09,457.78,Same Day,25.06,2025-10,2025
ORD-02398,2025-05-01,CUST-0406,Consumer,North,Electronics,Power Bank 10000mAh,2,0.0,3246.3,846.8,Standard,26.09,2025-05,2025
ORD-02496,2025-09-29,CUST-0797,Consumer,South,Office Supplies,Desk Organizer,1,0.0,180.74,23.09,Express,12.78,2025-09,2025
ORD-01901,2025-04-19,CUST-0329,Consumer,East,Furniture,Wall Shelf,2,0.1,16050.71,2695.13,Express,16.79,2025-04,2025
ORD-01810,2024-09-03,CUST-1308,Home Office,North,Furniture,Wall Shelf,1,0.0,8917.06,1764.81,Standard,19.79,2024-09,2024
ORD-01241,2025-09-03,CUST-0966,Consumer,North,Office Supplies,A4 Paper Ream,1,0.0,414.45,35.7,Express,8.61,2025-09,2025
ORD-02439,2025-07-15,CUST-0239,Consumer,South,Electronics,USB-C Charger,1,0.0,2602.31,519.74,Express,19.97,2025-07,2025
ORD-01184,2024-06-11,CUST-0480,Consumer,South,Furniture,Office Chair,1,0.0,12690.96,3867.06,Standard,30.47,2024-06,2024
ORD-02623,2025-11-23,CUST-0499,Consumer,North,Electronics,USB-C Charger,2,0.1,4684.16,795.0,Standard,16.97,2025-11,2025
ORD-03004,2024-07-01,CUST-0289,Consumer,West,Electronics,USB-C Charger,1,0.0,2602.31,519.74,Express,19.97,2024-07,2024
ORD-01535,2025-04-09,CUST-0601,Corporate,North,Furniture,Office Chair,1,0.0,12690.96,3867.06,Standard,30.47,2025-04,2025
ORD-03053,2024-08-02,CUST-0200,Home Office,West,Office Supplies,Ballpoint Pen Box,1,0.0,80.32,27.29,Same Day,33.98,2024-08,2024
ORD-01134,2024-02-08,CUST-0682,Consumer,South,Furniture,Bookshelf,1,0.0,1301.6,351.95,Standard,27.04,2024-02,2024
ORD-01224,2025-12-27,CUST-0483,Consumer,East,Office Supplies,Stapler,2,0.0,504.92,108.7,Express,21.53,2025-12,2025
ORD-01451,2025-07-10,CUST-0079,Consumer,West,Office Supplies,File Folder Pack,1,0.0,165.23,53.49,Standard,32.37,2025-07,2025
ORD-01154,2025-05-10,CUST-0443,Consumer,East,Office Supplies,Ballpoint Pen Box,1,0.0,80.32,27.29,Express,33.98,2025-05,2025
ORD-02054,2025-09-14,CUST-1391,Corporate,North,Clothing,Denim Jeans,1,0.0,527.49,125.89,Express,23.87,2025-09,2025
ORD-02039,2025-10-20,CUST-0058,Consumer,South,Furniture,Study Table,2,0.15,11130.24,809.54,Standard,7.27,2025-10,2025
ORD-02589,2025-05-27,CUST-0584,Consumer,North,Clothing,Running Shoes,2,0.0,2126.22,509.33,Standard,23.95,2025-05,2025
ORD-02944,2025-12-11,CUST-0429,Corporate,West,Electronics,Smartwatch,2,0.1,2971.89,696.68,Express,23.44,2025-12,2025
ORD-02489,2024-11-12,CUST-0971,Consumer,South,Electronics,Webcam HD,2,0.15,7856.92,1271.09,Express,16.18,2024-11,2024
ORD-02972,2025-06-21,CUST-0978,Consumer,East,Electronics,Wireless Mouse,2,0.0,9558.72,1007.76,Standard,10.54,2025-06,2025
ORD-01586,2024-07-22,CUST-0598,Consumer,South,Furniture,Office Chair,1,0.2,10152.77,2484.49,Standard,24.47,2024-07,2024
ORD-02522,2025-02-10,CUST-0837,Consumer,East,Furniture,Wall Shelf,1,0.0,8917.06,1764.81,Standard,19.79,2025-02,2025
ORD-02679,2024-10-23,CUST-1139,Consumer,West,Office Supplies,Desk Organizer,1,0.0,180.74,23.09,Express,12.78,2024-10,2024
ORD-01075,2025-01-06,CUST-0366,Consumer,East,Electronics,Power Bank 10000mAh,1,0.0,1623.15,423.4,Same Day,26.09,2025-01,2025
ORD-01488,2025-04-10,CUST-0839,Consumer,West,Electronics,Wireless Mouse,1,0.0,4779.36,503.88,Standard,10.54,2025-04,2025
ORD-01842,2025-08-16,CUST-0797,Corporate,North,Furniture,Recliner Sofa,2,0.05,12991.63,1048.97,Standard,8.07,2025-08,2025
ORD-02504,2025-05-20,CUST-0253,Consumer,East,Clothing,Woolen Sweater,1,0.15,1614.48,391.57,Standard,24.25,2025-05,2025
ORD-02576,2024-08-28,CUST-0910,Home Office,South,Office Supplies,Stapler,1,0.0,252.46,54.35,Standard,21.53,2024-08,2024
ORD-03016,2024-05-03,CUST-0431,Consumer,South,Electronics,Smartwatch,1,0.15,1403.39,307.94,Express,21.94,2024-05,2024
ORD-01212,2025-03-26,CUST-1362,Consumer,South,Clothing,Cotton T-Shirt,1,0.0,1214.78,110.83,Standard,9.12,2025-03,2025
ORD-03051,2025-08-11,CUST-0593,Corporate,East,Office Supplies,File Folder Pack,1,0.0,165.23,53.49,Standard,32.37,2025-08,2025
ORD-02725,2024-02-15,CUST-0972,Consumer,South,Electronics,Bluetooth Speaker,1,0.0,5868.36,1183.09,Express,20.16,2024-02,2024
ORD-01494,2024-04-26,CUST-0900,Corporate,North,Furniture,Recliner Sofa,1,0.1,6153.93,404.57,Standard,6.57,2024-04,2024
ORD-01208,2025-11-10,CUST-0666,Corporate,West,Office Supplies,Desk Organizer,1,0.1,162.67,15.9,Standard,9.77,2025-11,2025
ORD-01235,2024-02-24,CUST-0646,Consumer,North,Electronics,Wireless Mouse,2,0.0,9558.72,1007.76,Standard,10.54,2024-02,2024
ORD-01970,2025-11-04,CUST-0172,Corporate,East,Clothing,Cotton T-Shirt,1,0.0,1214.78,110.83,Standard,9.12,2025-11,2025
ORD-02956,2024-04-14,CUST-0060,Consumer,East,Furniture,Bed Side Table,1,0.0,5251.59,1531.64,Express,29.17,2024-04,2024
ORD-01051,2024-06-12,CUST-0396,Home Office,North,Electronics,Bluetooth Speaker,1,0.0,5868.36,1183.09,Standard,20.16,2024-06,2024
ORD-01452,2024-07-15,CUST-0198,Home Office,East,Furniture,Wall Shelf,2,0.0,17834.12,3529.62,Express,19.79,2024-07,2024
ORD-01417,2024-11-24,CUST-0728,Consumer,South,Clothing,Running Shoes,2,0.1,1913.6,400.99,Standard,20.95,2024-11,2024
ORD-02663,2024-11-12,CUST-0052,Corporate,North,Electronics,Laptop Stand,1,0.0,1827.09,457.78,Standard,25.06,2024-11,2024
ORD-01793,2024-01-14,CUST-0465,Corporate,East,Furniture,Filing Cabinet,2,0.0,15402.26,3871.73,Express,25.14,2024-01,2024
ORD-02826,2024-12-07,CUST-1189,Consumer,North,Office Supplies,Ballpoint Pen Box,2,0.0,160.64,54.57,Same Day,33.97,2024-12,2024
ORD-01602,2024-08-24,CUST-0796,Consumer,North,Office Supplies,Whiteboard Marker Set,1,0.05,154.18,42.44,Standard,27.53,2024-08,2024
ORD-01213,2024-01-12,CUST-0974,Consumer,North,Office Supplies,File Folder Pack,1,0.1,148.71,43.68,Express,29.37,2024-01,2024
ORD-01334,2024-03-06,CUST-0966,Consumer,West,Office Supplies,Sticky Notes Pack,1,0.0,245.23,39.58,Standard,16.14,2024-03,2024
ORD-02823,2025-12-08,CUST-0662,Corporate,North,Electronics,Power Bank 10000mAh,1,0.05,1541.99,379.1,Standard,24.59,2025-12,2025
ORD-01174,2025-07-19,CUST-1083,Consumer,South,Furniture,Wall Shelf,1,0.05,8471.21,1549.5,Express,18.29,2025-07,2025
ORD-02714,2024-11-16,CUST-1286,Home Office,North,Clothing,Cotton T-Shirt,2,0.0,2429.56,221.66,Standard,9.12,2024-11,2024
ORD-02686,2024-01-18,CUST-0583,Consumer,North,Electronics,Smartwatch,3,0.05,4705.49,1173.66,Same Day,24.94,2024-01,2024
ORD-02522,2025-02-10,CUST-0837,Consumer,East,Office Supplies,Stapler,2,0.0,504.92,108.7,Standard,21.53,2025-02,2025
ORD-02350,2024-05-29,CUST-0505,Consumer,North,Electronics,Laptop Stand,2,0.1,3288.76,725.33,Standard,22.05,2024-05,2024
ORD-02565,2025-09-21,CUST-1312,Corporate,East,Clothing,Rain Jacket,2,0.1,2278.1,127.2,Express,5.58,2025-09,2025
ORD-02852,2025-01-15,CUST-0807,Home Office,South,Office Supplies,Whiteboard Marker Set,1,0.1,146.07,38.02,Standard,26.03,2025-01,2025
ORD-02272,2024-07-24,CUST-0425,Consumer,South,Clothing,Hoodie,1,0.05,1479.91,285.39,Standard,19.28,2024-07,2024
ORD-02229,2025-12-20,CUST-1061,Consumer,South,Office Supplies,A4 Paper Ream,1,0.0,414.45,35.7,Express,8.61,2025-12,2025
ORD-01864,2024-05-02,CUST-1122,Corporate,South,Office Supplies,Whiteboard Marker Set,1,0.05,154.18,42.44,Express,27.53,2024-05,2024
ORD-02363,2024-01-20,CUST-1049,Consumer,South,Clothing,Cotton T-Shirt,2,0.1,2186.6,133.9,Express,6.12,2024-01,2024
ORD-01008,2024-12-13,CUST-0330,Corporate,East,Clothing,Sports Cap,1,0.0,1518.88,166.04,Standard,10.93,2024-12,2024
ORD-02574,2025-05-22,CUST-0872,Corporate,West,Clothing,Denim Jeans,2,0.1,949.48,198.12,Standard,20.87,2025-05,2025
ORD-01595,2025-04-12,CUST-1279,Consumer,East,Furniture,Filing Cabinet,1,0.0,7701.13,1935.86,Express,25.14,2025-04,2025
ORD-01227,2025-10-04,CUST-0431,Consumer,South,Electronics,Laptop Stand,1,0.0,1827.09,457.78,Express,25.06,2025-10,2025
ORD-01900,2024-08-25,CUST-1275,Corporate,North,Clothing,Hoodie,1,0.2,1246.24,184.25,Standard,14.78,2024-08,2024
ORD-02704,2024-10-06,CUST-0858,Consumer,East,Clothing,Rain Jacket,2,0.1,2278.1,127.2,Express,5.58,2024-10,2024
ORD-02162,2024-01-17,CUST-0890,Home Office,East,Electronics,Bluetooth Speaker,2,0.0,11736.72,2366.17,Express,20.16,2024-01,2024
ORD-02466,2025-02-23,CUST-0488,Consumer,West,Furniture,Bed Side Table,1,0.05,4989.01,1380.22,Standard,27.67,2025-02,2025
ORD-01447,2024-11-11,CUST-0691,Corporate,North,Electronics,USB-C Charger,2,0.0,5204.62,1039.48,Standard,19.97,2024-11,2024
ORD-03024,2024-10-11,CUST-0719,Consumer,North,Electronics,Bluetooth Speaker,2,0.0,11736.72,2366.17,Standard,20.16,2024-10,2024
ORD-02511,2024-10-27,CUST-0189,Consumer,East,Office Supplies,Sticky Notes Pack,4,0.1,882.83,116.01,Standard,13.14,2024-10,2024
ORD-02686,2024-01-18,CUST-0583,Consumer,North,Office Supplies,A4 Paper Ream,1,0.1,373.0,20.94,Same Day,5.61,2024-01,2024
ORD-02339,2025-03-22,CUST-0641,Consumer,South,Clothing,Rain Jacket,1,0.0,1265.61,108.63,Standard,8.58,2025-03,2025
ORD-02595,2025-12-11,CUST-0816,Consumer,North,Clothing,Running Shoes,1,0.1,956.8,200.49,Express,20.95,2025-12,2025
ORD-01135,2024-12-12,CUST-0604,Corporate,West,Clothing,Hoodie,2,0.05,2959.82,570.78,Express,19.28,2024-12,2024
ORD-01577,2025-08-07,CUST-0493,Home Office,East,Clothing,Woolen Sweater,1,0.2,1519.51,245.59,Express,16.16,2025-08,2025
ORD-02689,2025-12-18,CUST-1030,Consumer,West,Furniture,Recliner Sofa,1,0.05,6495.82,524.48,Express,8.07,2025-12,2025
ORD-01298,2024-10-30,CUST-0559,Home Office,South,Electronics,Wireless Mouse,2,0.05,9080.78,821.16,Same Day,9.04,2024-10,2024
ORD-01562,2025-12-26,CUST-1127,Home Office,South,Office Supplies,Stapler,1,0.1,227.21,42.1,Standard,18.53,2025-12,2025
ORD-01185,2024-10-26,CUST-0150,Corporate,North,Electronics,Power Bank 10000mAh,1,0.0,1623.15,423.4,Same Day,26.09,2024-10,2024
ORD-02383,2025-02-02,CUST-0082,Consumer,South,Furniture,Recliner Sofa,1,0.0,6837.7,654.65,Express,9.57,2025-02,2025
ORD-02186,2024-04-23,CUST-0375,Corporate,North,Clothing,Formal Shirt,1,0.0,2022.02,206.93,Standard,10.23,2024-04,2024
ORD-01829,2024-11-01,CUST-0279,Corporate,North,Electronics,Webcam HD,2,0.0,9243.44,1911.36,Express,20.68,2024-11,2024
ORD-03045,2025-07-25,CUST-0122,Home Office,South,Electronics,Smartwatch,1,0.1,1485.94,348.34,Standard,23.44,2025-07,2025
ORD-01507,2024-04-14,CUST-0444,Consumer,South,Electronics,Webcam HD,3,0.0,13865.16,2867.04,Standard,20.68,2024-04,2024
ORD-01706,2025-09-27,CUST-0473,Corporate,East,Office Supplies,Desk Organizer,1,0.0,180.74,23.09,Standard,12.78,2025-09,2025
ORD-01503,2024-08-26,CUST-0087,Consumer,West,Furniture,Bookshelf,1,0.0,1301.6,351.95,Standard,27.04,2024-08,2024
ORD-01424,2025-12-06,CUST-0716,Consumer,North,Electronics,Noise Cancelling Headphones,1,0.0,4693.67,1361.93,Standard,29.02,2025-12,2025
ORD-02422,2025-05-24,CUST-0141,Consumer,North,Electronics,USB-C Charger,4,0.05,9888.78,1826.67,Standard,18.47,2025-05,2025
ORD-02706,2024-06-12,CUST-0206,Corporate,North,Office Supplies,Desk Organizer,1,0.0,180.74,23.09,Standard,12.78,2024-06,2024
ORD-01708,2024-07-17,CUST-0671,Corporate,North,Office Supplies,Ballpoint Pen Box,2,0.0,160.64,54.57,Standard,33.97,2024-07,2024
ORD-01996,2025-05-16,CUST-1099,Consumer,North,Office Supplies,Sticky Notes Pack,1,0.0,245.23,39.58,Express,16.14,2025-05,2025
ORD-01106,2025-03-05,CUST-0343,Consumer,North,Electronics,Bluetooth Speaker,1,0.0,5868.36,1183.09,Same Day,20.16,2025-03,2025
ORD-01063,2025-02-28,CUST-0244,Consumer,South,Office Supplies,Whiteboard Marker Set,1,0.05,154.18,42.44,Standard,27.53,2025-02,2025
ORD-01759,2024-02-13,CUST-0679,Corporate,East,Office Supplies,Printer Ink Cartridge,3,0.0,1112.85,277.52,Standard,24.94,2024-02,2024
ORD-02587,2024-12-28,CUST-1222,Corporate,North,Furniture,Wall Shelf,2,0.1,16050.71,2695.13,Standard,16.79,2024-12,2024
ORD-02202,2025-05-28,CUST-0324,Home Office,North,Furniture,Recliner Sofa,1,0.0,6837.7,654.65,Standard,9.57,2025-05,2025
ORD-01549,2025-01-08,CUST-0632,Consumer,North,Office Supplies,Sticky Notes Pack,1,0.0,245.23,39.58,Standard,16.14,2025-01,2025
ORD-01578,2025-09-27,CUST-0561,Corporate,North,Office Supplies,Stapler,1,0.0,252.46,54.35,Standard,21.53,2025-09,2025
ORD-03004,2024-07-01,CUST-0289,Consumer,West,Furniture,Bean Bag,1,0.1,6779.74,548.64,Express,8.09,2024-07,2024
ORD-01372,2025-02-17,CUST-0009,Corporate,West,Clothing,Cotton T-Shirt,1,0.1,1093.3,66.95,Standard,6.12,2025-02,2025
ORD-02419,2024-01-23,CUST-1087,Consumer,East,Office Supplies,File Folder Pack,1,0.0,165.23,53.49,Express,32.37,2024-01,2024
ORD-01541,2025-03-21,CUST-0199,Consumer,North,Clothing,Hoodie,2,0.0,3115.6,647.55,Standard,20.78,2025-03,2025
ORD-02020,2024-08-09,CUST-0754,Corporate,East,Electronics,Power Bank 10000mAh,1,0.05,1541.99,379.1,Standard,24.59,2024-08,2024
ORD-01041,2024-07-16,CUST-0947,Consumer,East,Office Supplies,Printer Ink Cartridge,1,0.0,370.95,92.51,Standard,24.94,2024-07,2024
ORD-01285,2024-10-21,CUST-1016,Corporate,East,Office Supplies,Ballpoint Pen Box,1,0.0,80.32,27.29,Standard,33.98,2024-10,2024
ORD-01992,2025-10-17,CUST-1138,Corporate,East,Electronics,Smartwatch,1,0.05,1568.5,391.22,Standard,24.94,2025-10,2025
ORD-01861,2024-06-11,CUST-1009,Home Office,West,Furniture,Bean Bag,1,0.0,7533.04,835.59,Standard,11.09,2024-06,2024
ORD-02239,2025-11-09,CUST-1083,Corporate,South,Office Supplies,Desk Organizer,1,0.0,180.74,23.09,Standard,12.78,2025-11,2025
ORD-02342,2025-10-14,CUST-0527,Consumer,North,Furniture,Office Chair,1,0.0,12690.96,3867.06,Standard,30.47,2025-10,2025
ORD-01659,2025-04-12,CUST-0395,Home Office,West,Office Supplies,Printer Ink Cartridge,2,0.0,741.9,185.01,Express,24.94,2025-04,2025
ORD-02142,2024-12-26,CUST-0822,Consumer,West,Furniture,Wall Shelf,1,0.0,8917.06,1764.81,Standard,19.79,2024-12,2024
ORD-01746,2025-11-15,CUST-1063,Home Office,West,Office Supplies,File Folder Pack,1,0.2,132.18,34.86,Standard,26.37,2025-11,2025
ORD-01087,2025-12-01,CUST-0956,Home Office,North,Electronics,Wireless Mouse,2,0.0,9558.72,1007.76,Express,10.54,2025-12,2025
ORD-01499,2025-03-06,CUST-0714,Consumer,North,Electronics,USB-C Charger,1,0.0,2602.31,519.74,Standard,19.97,2025-03,2025
ORD-02754,2024-10-28,CUST-0086,Home Office,West,Office Supplies,Desk Organizer,3,0.0,542.22,69.26,Standard,12.77,2024-10,2024
ORD-01415,2024-12-14,CUST-0782,Consumer,East,Clothing,Sports Cap,1,0.0,1518.88,166.04,Standard,10.93,2024-12,2024
ORD-02086,2025-02-15,CUST-1376,Home Office,East,Furniture,Recliner Sofa,1,0.0,6837.7,654.65,Standard,9.57,2025-02,2025
ORD-02840,2025-11-16,CUST-0550,Home Office,North,Office Supplies,Whiteboard Marker Set,1,0.0,162.3,47.11,Standard,29.03,2025-11,2025
ORD-01155,2025-11-01,CUST-0098,Consumer,North,Office Supplies,Printer Ink Cartridge,2,0.0,741.9,185.01,Standard,24.94,2025-11,2025
ORD-01009,2025-06-07,CUST-0892,Consumer,West,Electronics,Wireless Mouse,4,0.1,17205.7,1297.79,Standard,7.54,2025-06,2025
ORD-02847,2025-08-03,CUST-0319,Consumer,West,Electronics,Webcam HD,2,0.0,9243.44,1911.36,Standard,20.68,2025-08,2025
ORD-01801,2025-10-03,CUST-0661,Corporate,South,Office Supplies,A4 Paper Ream,2,0.0,828.9,71.4,Standard,8.61,2025-10,2025
ORD-02862,2025-09-09,CUST-0066,Home Office,West,Furniture,Wall Shelf,1,0.0,8917.06,1764.81,Standard,19.79,2025-09,2025
ORD-02468,2025-07-20,CUST-0061,Corporate,South,Electronics,USB-C Charger,2,0.0,5204.62,1039.48,Standard,19.97,2025-07,2025
ORD-01201,2024-10-30,CUST-0598,Home Office,North,Office Supplies,Sticky Notes Pack,2,0.0,490.46,79.16,Express,16.14,2024-10,2024
ORD-01491,2025-07-24,CUST-0178,Consumer,West,Electronics,Power Bank 10000mAh,1,0.1,1460.84,337.23,Standard,23.08,2025-07,2025
ORD-01336,2024-10-26,CUST-0616,Consumer,South,Electronics,Laptop Stand,1,0.15,1553.03,319.22,Express,20.55,2024-10,2024
ORD-01043,2025-08-03,CUST-1118,Consumer,South,Office Supplies,Desk Organizer,1,0.0,180.74,23.09,Standard,12.78,2025-08,2025
ORD-02267,2025-08-19,CUST-1009,Corporate,North,Electronics,Smartwatch,1,0.0,1651.05,436.58,Express,26.44,2025-08,2025
ORD-01693,2024-01-08,CUST-0734,Consumer,East,Clothing,Rain Jacket,1,0.0,1265.61,108.63,Standard,8.58,2024-01,2024
ORD-01560,2024-04-22,CUST-1205,Home Office,South,Electronics,Wireless Mouse,2,0.0,9558.72,1007.76,Standard,10.54,2024-04,2024
ORD-02763,2025-07-22,CUST-0017,Consumer,East,Office Supplies,Ballpoint Pen Box,1,0.0,80.32,27.29,Standard,33.98,2025-07,2025
ORD-02575,2024-07-30,CUST-0038,Home Office,West,Furniture,Filing Cabinet,2,0.15,13091.92,2701.83,Express,20.64,2024-07,2024
ORD-01038,2024-12-24,CUST-0135,Consumer,West,Electronics,Noise Cancelling Headphones,1,0.0,4693.67,1361.93,Standard,29.02,2024-12,2024
ORD-01624,2024-07-12,CUST-1268,Consumer,South,Clothing,Sports Cap,1,0.15,1291.05,208.66,Standard,16.16,2024-07,2024
ORD-01530,2025-10-19,CUST-1310,Corporate,South,Clothing,Woolen Sweater,2,0.1,3418.9,880.49,Standard,25.75,2025-10,2025
ORD-02544,2025-08-16,CUST-1252,Home Office,East,Furniture,Filing Cabinet,2,0.0,15402.26,3871.73,Standard,25.14,2025-08,2025
ORD-01711,2024-09-17,CUST-0227,Corporate,East,Office Supplies,Desk Organizer,1,0.0,180.74,23.09,Standard,12.78,2024-09,2024
ORD-02567,2025-03-31,CUST-1014,Consumer,East,Clothing,Running Shoes,1,0.05,1009.95,226.78,Standard,22.45,2025-03,2025
ORD-01042,2025-04-20,CUST-0479,Consumer,South,Office Supplies,Desk Organizer,2,0.0,361.48,46.17,Standard,12.77,2025-04,2025
ORD-02519,2025-05-06,CUST-1167,Home Office,East,Electronics,USB-C Charger,1,0.15,2211.96,342.24,Standard,15.47,2025-05,2025
ORD-02696,2024-09-19,CUST-0055,Home Office,East,Electronics,Webcam HD,1,0.0,4621.72,955.68,Standard,20.68,2024-09,2024
ORD-02370,2025-01-19,CUST-0575,Consumer,East,Office Supplies,Ballpoint Pen Box,2,0.0,160.64,54.57,Standard,33.97,2025-01,2025
ORD-02475,2025-03-20,CUST-0235,Corporate,West,Electronics,Wireless Mouse,1,0.0,4779.36,503.88,Express,10.54,2025-03,2025
ORD-01702,2025-10-13,CUST-1326,Consumer,South,Furniture,Filing Cabinet,1,0.0,7701.13,1935.86,Same Day,25.14,2025-10,2025
ORD-02640,2025-10-27,CUST-0193,Consumer,North,Furniture,Recliner Sofa,2,0.0,13675.4,1309.31,Express,9.57,2025-10,2025
ORD-02131,2025-07-25,CUST-0668,Home Office,West,Furniture,Bookshelf,1,0.0,1301.6,351.95,Standard,27.04,2025-07,2025
ORD-01486,2025-08-08,CUST-0167,Consumer,East,Electronics,Webcam HD,1,0.05,4390.63,842.04,Standard,19.18,2025-08,2025
ORD-02450,2024-03-22,CUST-0250,Home Office,West,Office Supplies,Desk Organizer,1,0.0,180.74,23.09,Express,12.78,2024-03,2024
ORD-01962,2024-08-25,CUST-0117,Consumer,West,Furniture,Bookshelf,3,0.0,3904.8,1055.84,Same Day,27.04,2024-08,2024
ORD-01293,2025-03-05,CUST-0446,Corporate,East,Clothing,Rain Jacket,1,0.0,1265.61,108.63,Express,8.58,2025-03,2025
ORD-01469,2024-10-19,CUST-0782,Consumer,North,Electronics,Noise Cancelling Headphones,1,0.0,4693.67,1361.93,Standard,29.02,2024-10,2024
ORD-01228,2025-01-15,CUST-0072,Corporate,South,Office Supplies,File Folder Pack,2,0.1,297.41,87.35,Standard,29.37,2025-01,2025
ORD-01454,2024-01-24,CUST-0248,Corporate,South,Furniture,Filing Cabinet,2,0.1,13862.03,3068.69,Express,22.14,2024-01,2024
ORD-02799,2024-10-19,CUST-0702,Corporate,South,Electronics,USB-C Charger,4,0.0,10409.24,2078.95,Same Day,19.97,2024-10,2024
ORD-02036,2024-12-23,CUST-0638,Consumer,West,Clothing,Formal Shirt,2,0.0,4044.04,413.86,Express,10.23,2024-12,2024
ORD-02036,2024-12-23,CUST-0638,Consumer,West,Electronics,USB-C Charger,1,0.1,2342.08,397.5,Express,16.97,2024-12,2024
ORD-01835,2024-06-30,CUST-1191,Home Office,North,Electronics,Noise Cancelling Headphones,1,0.05,4458.99,1226.95,Standard,27.52,2024-06,2024
ORD-02516,2025-06-17,CUST-0756,Home Office,East,Furniture,Bed Side Table,4,0.0,21006.36,6126.56,Same Day,29.17,2025-06,2025
ORD-02843,2024-08-23,CUST-0876,Consumer,North,Office Supplies,Printer Ink Cartridge,1,0.05,352.4,82.59,Standard,23.44,2024-08,2024
ORD-01623,2025-10-14,CUST-1295,Home Office,North,Furniture,Office Chair,2,0.0,25381.92,7734.13,Standard,30.47,2025-10,2025
ORD-01446,2025-06-18,CUST-0549,Corporate,South,Office Supplies,Whiteboard Marker Set,2,0.0,324.6,69.33,Express,21.36,2025-06,2025
ORD-01214,2025-05-01,CUST-1343,Consumer,West,Clothing,Woolen Sweater,1,0.0,1899.39,546.14,Standard,28.75,2025-05,2025
ORD-01863,2024-02-13,CUST-1176,Consumer,West,Electronics,Bluetooth Speaker,1,0.0,5868.36,1183.09,Standard,20.16,2024-02,2024
ORD-01884,2024-06-01,CUST-1256,Consumer,North,Electronics,Power Bank 10000mAh,2,0.0,3246.3,846.8,Standard,26.09,2024-06,2024
ORD-01450,2025-10-22,CUST-0273,Corporate,South,Electronics,USB-C Charger,2,0.0,5204.62,1039.48,Express,19.97,2025-10,2025
ORD-02698,2025-11-02,CUST-1074,Consumer,North,Office Supplies,File Folder Pack,1,0.0,165.23,53.49,Standard,32.37,2025-11,2025
ORD-01756,2025-04-06,CUST-1176,Consumer,West,Office Supplies,Ballpoint Pen Box,1,0.0,80.32,27.29,Standard,33.98,2025-04,2025
ORD-01731,2024-09-02,CUST-0369,Consumer,East,Clothing,Denim Jeans,1,0.0,527.49,125.89,Same Day,23.87,2024-09,2024
ORD-02434,2025-11-14,CUST-0661,Corporate,East,Electronics,Webcam HD,1,0.0,4621.72,955.68,Standard,20.68,2025-11,2025
ORD-02745,2024-12-25,CUST-0198,Corporate,West,Furniture,Bean Bag,1,0.05,7156.39,686.46,Standard,9.59,2024-12,2024
ORD-01090,2024-07-10,CUST-0917,Home Office,North,Clothing,Sports Cap,1,0.0,1518.88,166.04,Standard,10.93,2024-07,2024
ORD-02673,2025-11-26,CUST-1254,Consumer,South,Clothing,Sports Cap,1,0.0,1518.88,166.04,Standard,10.93,2025-11,2025
ORD-03015,2025-10-23,CUST-0845,Consumer,East,Electronics,Power Bank 10000mAh,1,0.05,1541.99,379.1,Standard,24.59,2025-10,2025
ORD-01767,2024-02-13,CUST-0406,Corporate,West,Office Supplies,A4 Paper Ream,1,0.0,414.45,35.7,Standard,8.61,2024-02,2024
ORD-02441,2024-02-13,CUST-1278,Consumer,West,Clothing,Rain Jacket,2,0.0,2531.22,217.27,Standard,8.58,2024-02,2024
ORD-02034,2024-10-23,CUST-0048,Consumer,North,Electronics,Wireless Mouse,1,0.2,3823.49,173.69,Standard,4.54,2024-10,2024
ORD-02688,2024-08-14,CUST-0621,Corporate,South,Office Supplies,Desk Organizer,2,0.1,325.33,31.79,Standard,9.77,2024-08,2024
ORD-02065,2025-02-03,CUST-0200,Consumer,West,Clothing,Formal Shirt,2,0.0,4044.04,413.86,Express,10.23,2025-02,2025
ORD-02090,2024-06-21,CUST-0262,Corporate,North,Furniture,Office Chair,3,0.0,38072.88,11601.19,Standard,30.47,2024-06,2024
ORD-02265,2025-11-23,CUST-0020,Consumer,West,Clothing,Denim Jeans,1,0.1,474.74,99.06,Standard,20.87,2025-11,2025
ORD-02849,2024-10-14,CUST-0619,Corporate,South,Office Supplies,Printer Ink Cartridge,2,0.0,741.9,185.01,Same Day,24.94,2024-10,2024
ORD-01256,2025-09-15,CUST-1018,Consumer,South,Furniture,Filing Cabinet,1,0.0,7701.13,1935.86,Standard,25.14,2025-09,2025
ORD-01844,2024-04-16,CUST-0268,Home Office,East,Office Supplies,Printer Ink Cartridge,1,0.0,370.95,92.51,Standard,24.94,2024-04,2024
ORD-02940,2024-08-15,CUST-1154,Consumer,North,Office Supplies,Sticky Notes Pack,1,0.0,245.23,39.58,Express,16.14,2024-08,2024
ORD-02042,2025-07-07,CUST-0632,Corporate,West,Electronics,Noise Cancelling Headphones,1,0.0,4693.67,1361.93,Standard,29.02,2025-07,2025
ORD-02066,2025-07-24,CUST-0900,Home Office,East,Furniture,Bookshelf,3,0.0,3904.8,1055.84,Standard,27.04,2025-07,2025
ORD-03065,2025-09-17,CUST-0859,Corporate,North,Electronics,Noise Cancelling Headphones,1,0.0,4693.67,1361.93,Express,29.02,2025-09,2025
ORD-02305,2024-09-28,CUST-0081,Home Office,North,Furniture,Bean Bag,1,0.1,6779.74,548.64,Standard,8.09,2024-09,2024
ORD-02474,2025-01-16,CUST-0458,Consumer,North,Electronics,USB-C Charger,1,0.0,2602.31,519.74,Standard,19.97,2025-01,2025
ORD-01226,2024-03-17,CUST-0592,Home Office,North,Furniture,Bookshelf,1,0.0,1301.6,351.95,Standard,27.04,2024-03,2024
ORD-02598,2025-11-23,CUST-1318,Consumer,West,Furniture,Filing Cabinet,1,0.0,7701.13,1935.86,Express,25.14,2025-11,2025
ORD-02095,2024-08-12,CUST-0136,Corporate,South,Furniture,Recliner Sofa,1,0.1,6153.93,404.57,Express,6.57,2024-08,2024
ORD-02870,2024-10-17,CUST-1018,Consumer,West,Office Supplies,A4 Paper Ream,1,0.0,414.45,35.7,Standard,8.61,2024-10,2024
ORD-02424,2024-09-27,CUST-0814,Corporate,North,Office Supplies,Desk Organizer,4,0.0,722.96,92.34,Standard,12.77,2024-09,2024
ORD-02732,2024-12-18,CUST-1199,Consumer,North,Furniture,Bean Bag,3,0.1,20339.21,1645.91,Standard,8.09,2024-12,2024
ORD-02375,2025-10-08,CUST-0513,Consumer,West,Furniture,Bed Side Table,2,0.0,10503.18,3063.28,Express,29.17,2025-10,2025
ORD-02869,2024-05-20,CUST-0450,Consumer,South,Furniture,Office Chair,1,0.0,12690.96,3867.06,Express,30.47,2024-05,2024
ORD-01381,2024-11-15,CUST-0958,Consumer,North,Office Supplies,A4 Paper Ream,1,0.0,414.45,35.7,Express,8.61,2024-11,2024
ORD-02287,2025-06-21,CUST-1281,Consumer,West,Clothing,Woolen Sweater,1,0.1,1709.45,440.24,Standard,25.75,2025-06,2025
ORD-02595,2025-12-11,CUST-0816,Consumer,North,Clothing,Hoodie,1,0.0,1557.8,323.78,Express,20.78,2025-12,2025
ORD-01378,2024-02-21,CUST-0237,Corporate,West,Electronics,Wireless Mouse,2,0.0,9558.72,1007.76,Standard,10.54,2024-02,2024
ORD-01681,2025-02-09,CUST-1173,Consumer,North,Office Supplies,Sticky Notes Pack,1,0.0,245.23,39.58,Express,16.14,2025-02,2025
ORD-01864,2024-05-02,CUST-1122,Corporate,South,Furniture,Filing Cabinet,2,0.0,15402.26,3871.73,Express,25.14,2024-05,2024
ORD-02393,2025-08-23,CUST-0981,Home Office,East,Furniture,Filing Cabinet,1,0.15,6545.96,1350.92,Standard,20.64,2025-08,2025
ORD-02423,2025-09-21,CUST-0539,Consumer,North,Office Supplies,Ballpoint Pen Box,1,0.15,68.27,20.12,Standard,29.47,2025-09,2025
ORD-01836,2025-03-30,CUST-0102,Corporate,East,Clothing,Sports Cap,2,0.1,2733.98,216.85,Same Day,7.93,2025-03,2025
ORD-02584,2025-07-15,CUST-1368,Consumer,West,Office Supplies,Ballpoint Pen Box,1,0.05,76.3,24.78,Express,32.48,2025-07,2025
ORD-01389,2024-11-23,CUST-0761,Corporate,East,Furniture,Wall Shelf,1,0.0,8917.06,1764.81,Standard,19.79,2024-11,2024
ORD-01170,2025-09-26,CUST-0474,Consumer,South,Electronics,Wireless Mouse,1,0.0,4779.36,503.88,Standard,10.54,2025-09,2025
ORD-02680,2024-03-18,CUST-0452,Consumer,West,Furniture,Wall Shelf,1,0.15,7579.5,1159.01,Standard,15.29,2024-03,2024
ORD-02983,2025-10-18,CUST-1066,Consumer,West,Electronics,Bluetooth Speaker,1,0.0,5868.36,1183.09,Standard,20.16,2025-10,2025
ORD-02168,2024-12-21,CUST-0850,Consumer,West,Clothing,Rain Jacket,1,0.1,1139.05,63.6,Standard,5.58,2024-12,2024
ORD-03065,2025-09-17,CUST-0859,Corporate,North,Office Supplies,Stapler,3,0.2,605.9,94.09,Express,15.53,2025-09,2025
ORD-01829,2024-11-01,CUST-0279,Corporate,North,Furniture,Bean Bag,1,0.0,7533.04,835.59,Express,11.09,2024-11,2024
ORD-01301,2024-11-17,CUST-0367,Consumer,North,Clothing,Hoodie,1,0.0,1557.8,323.78,Standard,20.78,2024-11,2024
ORD-02688,2024-08-14,CUST-0621,Corporate,South,Furniture,Study Table,1,0.0,6547.2,770.82,Standard,11.77,2024-08,2024
ORD-02549,2025-08-31,CUST-1060,Consumer,South,Electronics,Smartwatch,1,0.05,1568.5,391.22,Express,24.94,2025-08,2025
ORD-01068,2024-11-17,CUST-0348,Consumer,North,Clothing,Formal Shirt,1,0.0,2022.02,206.93,Standard,10.23,2024-11,2024
ORD-01651,2024-06-30,CUST-0131,Home Office,North,Furniture,Bookshelf,1,0.1,1171.44,281.61,Same Day,24.04,2024-06,2024
ORD-02916,2024-06-12,CUST-0903,Corporate,South,Clothing,Running Shoes,1,0.0,1063.11,254.67,Express,23.96,2024-06,2024
ORD-02969,2024-12-19,CUST-1035,Consumer,West,Office Supplies,Stapler,1,0.0,252.46,54.35,Standard,21.53,2024-12,2024
ORD-01998,2024-03-29,CUST-0336,Corporate,East,Furniture,Bed Side Table,1,0.0,5251.59,1531.64,Standard,29.17,2024-03,2024
ORD-02091,2024-03-29,CUST-1359,Consumer,North,Electronics,Smartwatch,2,0.0,3302.1,873.15,Express,26.44,2024-03,2024
ORD-01986,2024-06-13,CUST-0771,Corporate,East,Electronics,Noise Cancelling Headphones,1,0.2,3754.94,864.25,Express,23.02,2024-06,2024
ORD-02803,2024-10-17,CUST-0922,Consumer,West,Clothing,Woolen Sweater,1,0.0,1899.39,546.14,Standard,28.75,2024-10,2024
ORD-01434,2024-12-07,CUST-1253,Consumer,North,Furniture,Recliner Sofa,1,0.0,6837.7,654.65,Standard,9.57,2024-12,2024
ORD-01689,2024-10-27,CUST-0744,Consumer,West,Furniture,Recliner Sofa,1,0.0,6837.7,654.65,Express,9.57,2024-10,2024
ORD-01372,2025-02-17,CUST-0009,Corporate,West,Office Supplies,Printer Ink Cartridge,1,0.05,352.4,82.59,Standard,23.44,2025-02,2025
ORD-02499,2024-12-15,CUST-1108,Consumer,North,Office Supplies,A4 Paper Ream,1,0.0,414.45,35.7,Standard,8.61,2024-12,2024
ORD-01755,2024-06-17,CUST-1003,Corporate,North,Electronics,Power Bank 10000mAh,1,0.0,1623.15,423.4,Express,26.09,2024-06,2024
ORD-02050,2025-10-17,CUST-0789,Corporate,North,Clothing,Denim Jeans,1,0.1,474.74,99.06,Standard,20.87,2025-10,2025
ORD-02287,2025-06-21,CUST-1281,Consumer,West,Electronics,USB-C Charger,1,0.0,2602.31,519.74,Standard,19.97,2025-06,2025
ORD-02241,2025-01-30,CUST-0495,Consumer,East,Electronics,Laptop Stand,2,0.0,3654.18,915.55,Express,25.05,2025-01,2025
ORD-02346,2025-12-25,CUST-0926,Consumer,West,Furniture,Filing Cabinet,1,0.0,7701.13,1935.86,Standard,25.14,2025-12,2025
ORD-02015,2025-02-06,CUST-0265,Corporate,East,Clothing,Running Shoes,1,0.05,1009.95,226.78,Standard,22.45,2025-02,2025
ORD-02640,2025-10-27,CUST-0193,Consumer,North,Clothing,Cotton T-Shirt,1,0.0,1214.78,110.83,Express,9.12,2025-10,2025
ORD-02278,2024-07-10,CUST-0515,Corporate,North,Electronics,Bluetooth Speaker,1,0.15,4988.11,781.16,Express,15.66,2024-07,2024
ORD-01538,2024-06-28,CUST-0074,Consumer,East,Furniture,Filing Cabinet,1,0.1,6931.02,1534.35,Express,22.14,2024-06,2024
ORD-01360,2025-11-21,CUST-0769,Consumer,North,Office Supplies,Whiteboard Marker Set,1,0.0,162.3,47.11,Express,29.03,2025-11,2025
ORD-01187,2025-07-19,CUST-0681,Corporate,South,Electronics,Webcam HD,2,0.0,9243.44,1911.36,Standard,20.68,2025-07,2025
ORD-01779,2025-01-04,CUST-0149,Corporate,North,Office Supplies,A4 Paper Ream,1,0.0,414.45,35.7,Standard,8.61,2025-01,2025
ORD-02182,2025-03-22,CUST-0993,Consumer,West,Electronics,Wireless Mouse,2,0.0,9558.72,1007.76,Same Day,10.54,2025-03,2025
ORD-02314,2025-12-22,CUST-0491,Consumer,North,Office Supplies,Printer Ink Cartridge,1,0.0,370.95,92.51,Standard,24.94,2025-12,2025
ORD-02835,2024-01-13,CUST-0067,Consumer,North,Office Supplies,Sticky Notes Pack,4,0.0,980.92,158.33,Express,16.14,2024-01,2024
ORD-02904,2025-10-22,CUST-0721,Corporate,South,Furniture,Filing Cabinet,1,0.0,7701.13,1935.86,Express,25.14,2025-10,2025
ORD-02057,2024-07-13,CUST-0654,Consumer,North,Office Supplies,Ballpoint Pen Box,2,0.0,160.64,54.57,Standard,33.97,2024-07,2024
ORD-02831,2025-08-11,CUST-0278,Corporate,North,Electronics,Webcam HD,1,0.0,4621.72,955.68,Standard,20.68,2025-08,2025
ORD-02279,2024-10-17,CUST-1346,Corporate,North,Office Supplies,File Folder Pack,1,0.0,165.23,53.49,Standard,32.37,2024-10,2024
ORD-02210,2025-06-16,CUST-0677,Corporate,East,Electronics,Power Bank 10000mAh,1,0.0,1623.15,423.4,Standard,26.09,2025-06,2025
ORD-02449,2024-01-30,CUST-1215,Corporate,East,Furniture,Bookshelf,1,0.1,1171.44,281.61,Standard,24.04,2024-01,2024
ORD-01877,2024-01-01,CUST-0836,Corporate,South,Furniture,Filing Cabinet,2,0.1,13862.03,3068.69,Standard,22.14,2024-01,2024
ORD-02091,2024-03-29,CUST-1359,Consumer,North,Electronics,Power Bank 10000mAh,1,0.0,1623.15,423.4,Express,26.09,2024-03,2024
ORD-01163,2025-08-05,CUST-0656,Corporate,North,Furniture,Bookshelf,1,0.0,1301.6,351.95,Same Day,27.04,2025-08,2025
ORD-01263,2024-02-23,CUST-0341,Home Office,East,Electronics,Wireless Mouse,1,0.1,4301.42,324.45,Standard,7.54,2024-02,2024
ORD-01708,2024-07-17,CUST-0671,Corporate,North,Furniture,Wall Shelf,1,0.0,8917.06,1764.81,Standard,19.79,2024-07,2024
ORD-01261,2025-03-10,CUST-1003,Consumer,East,Electronics,USB-C Charger,1,0.0,2602.31,519.74,Standard,19.97,2025-03,2025
ORD-02980,2025-02-25,CUST-0840,Corporate,East,Electronics,Webcam HD,1,0.0,4621.72,955.68,Standard,20.68,2025-02,2025
ORD-02683,2025-10-16,CUST-0936,Consumer,East,Office Supplies,File Folder Pack,1,0.05,156.97,48.46,Standard,30.87,2025-10,2025
ORD-02001,2024-04-29,CUST-1052,Corporate,East,Electronics,Webcam HD,2,0.05,8781.27,1684.07,Express,19.18,2024-04,2024
ORD-02890,2025-10-13,CUST-0872,Corporate,North,Electronics,Bluetooth Speaker,1,0.0,5868.36,1183.09,Standard,20.16,2025-10,2025
ORD-02495,2024-10-11,CUST-1126,Consumer,North,Clothing,Denim Jeans,1,0.0,527.49,85.25,Standard,16.16,2024-10,2024
ORD-02165,2025-02-10,CUST-0909,Consumer,North,Clothing,Formal Shirt,1,0.0,2022.02,206.93,Same Day,10.23,2025-02,2025
ORD-02101,2024-09-30,CUST-1042,Consumer,North,Clothing,Woolen Sweater,2,0.1,3418.9,880.49,Express,25.75,2024-09,2024
ORD-02410,2025-08-26,CUST-0210,Consumer,North,Office Supplies,Desk Organizer,3,0.1,488.0,47.69,Standard,9.77,2025-08,2025
ORD-01604,2024-01-26,CUST-0551,Consumer,East,Electronics,Webcam HD,2,0.15,7856.92,1271.09,Express,16.18,2024-01,2024
ORD-01181,2025-10-10,CUST-0981,Corporate,East,Clothing,Sports Cap,1,0.0,1518.88,166.04,Standard,10.93,2025-10,2025
ORD-02051,2024-06-01,CUST-0865,Consumer,West,Office Supplies,Sticky Notes Pack,1,0.0,245.23,39.58,Standard,16.14,2024-06,2024
ORD-01540,2025-05-28,CUST-0374,Corporate,North,Office Supplies,Desk Organizer,1,0.0,180.74,23.09,Standard,12.78,2025-05,2025
ORD-02828,2024-11-20,CUST-0135,Consumer,South,Electronics,Laptop Stand,1,0.0,1827.09,457.78,Express,25.06,2024-11,2024
ORD-02528,2024-11-13,CUST-0055,Corporate,East,Furniture,Bed Side Table,1,0.2,4201.27,973.23,Standard,23.17,2024-11,2024
ORD-01032,2024-04-29,CUST-0043,Consumer,North,Electronics,Bluetooth Speaker,1,0.0,5868.36,1183.09,Same Day,20.16,2024-04,2024
ORD-01991,2024-01-08,CUST-0349,Consumer,West,Clothing,Formal Shirt,2,0.2,3235.23,136.97,Standard,4.23,2024-01,2024
ORD-01032,2024-04-29,CUST-0043,Consumer,North,Electronics,Noise Cancelling Headphones,2,0.0,9387.34,2723.86,Same Day,29.02,2024-04,2024
ORD-02961,2025-10-13,CUST-0258,Consumer,South,Office Supplies,Sticky Notes Pack,2,0.05,465.94,68.22,Express,14.64,2025-10,2025
ORD-02335,2025-08-14,CUST-1176,Home Office,South,Electronics,Smartwatch,1,0.0,1651.05,436.58,Standard,26.44,2025-08,2025
ORD-02094,2025-10-01,CUST-1109,Consumer,East,Office Supplies,Whiteboard Marker Set,2,0.0,324.6,94.22,Same Day,29.03,2025-10,2025
ORD-01831,2025-09-04,CUST-0453,Consumer,West,Electronics,Webcam HD,1,0.0,4621.72,955.68,Standard,20.68,2025-09,2025
ORD-02936,2024-04-24,CUST-0459,Consumer,North,Clothing,Denim Jeans,1,0.0,527.49,125.89,Express,23.87,2024-04,2024
ORD-02818,2024-05-26,CUST-0744,Corporate,West,Office Supplies,File Folder Pack,1,0.0,165.23,53.49,Express,32.37,2024-05,2024
ORD-01313,2025-01-07,CUST-1114,Corporate,East,Furniture,Study Table,1,0.0,6547.2,770.82,Standard,11.77,2025-01,2025
ORD-01517,2025-01-01,CUST-1395,Home Office,West,Clothing,Cotton T-Shirt,1,0.0,1214.78,110.83,Standard,9.12,2025-01,2025
ORD-01454,2024-01-24,CUST-0248,Corporate,South,Electronics,Wireless Mouse,2,0.0,9558.72,1007.76,Express,10.54,2024-01,2024
ORD-02411,2024-11-17,CUST-1392,Corporate,West,Electronics,Noise Cancelling Headphones,1,0.0,4693.67,1361.93,Standard,29.02,2024-11,2024
ORD-02442,2024-11-11,CUST-0477,Corporate,North,Office Supplies,Whiteboard Marker Set,1,0.0,162.3,47.11,Standard,29.03,2024-11,2024
ORD-02423,2025-09-21,CUST-0539,Consumer,North,Electronics,Wireless Mouse,4,0.0,19117.44,2015.51,Standard,10.54,2025-09,2025
ORD-01865,2024-08-07,CUST-0736,Consumer,South,Furniture,Bookshelf,1,0.0,1301.6,351.95,Standard,27.04,2024-08,2024
ORD-02660,2024-04-15,CUST-0524,Consumer,West,Clothing,Running Shoes,2,0.0,2126.22,509.33,Standard,23.95,2024-04,2024
ORD-02758,2025-04-29,CUST-1071,Consumer,South,Clothing,Cotton T-Shirt,4,0.0,4859.12,443.33,Standard,9.12,2025-04,2025
ORD-01418,2025-07-24,CUST-0956,Consumer,North,Electronics,Noise Cancelling Headphones,1,0.0,4693.67,1361.93,Standard,29.02,2025-07,2025
ORD-02991,2024-12-08,CUST-1043,Consumer,North,Office Supplies,Stapler,2,0.0,504.92,108.7,Standard,21.53,2024-12,2024
ORD-01300,2024-03-01,CUST-1176,Consumer,South,Office Supplies,File Folder Pack,1,0.0,165.23,53.49,Same Day,32.37,2024-03,2024
ORD-03027,2025-01-28,CUST-0546,Corporate,West,Clothing,Woolen Sweater,1,0.0,1899.39,546.14,Standard,28.75,2025-01,2025
ORD-02939,2025-07-10,CUST-0838,Consumer,East,Electronics,Smartwatch,1,0.0,1651.05,436.58,Standard,26.44,2025-07,2025
ORD-02312,2024-08-22,CUST-0579,Home Office,East,Clothing,Rain Jacket,2,0.1,2278.1,127.2,Same Day,5.58,2024-08,2024
ORD-01556,2024-12-22,CUST-0541,Consumer,West,Electronics,Power Bank 10000mAh,1,0.0,1623.15,423.4,Standard,26.09,2024-12,2024
ORD-02907,2025-09-11,CUST-0324,Consumer,North,Furniture,Study Table,2,0.0,13094.4,1541.65,Standard,11.77,2025-09,2025
ORD-02381,2024-05-09,CUST-1018,Consumer,West,Clothing,Formal Shirt,1,0.0,2022.02,206.93,Standard,10.23,2024-05,2024
ORD-02360,2024-12-02,CUST-1300,Corporate,East,Clothing,Denim Jeans,1,0.05,501.12,112.08,Standard,22.37,2024-12,2024
ORD-02103,2024-06-24,CUST-1160,Consumer,North,Electronics,Laptop Stand,1,0.05,1735.74,408.85,Standard,23.55,2024-06,2024
ORD-02338,2025-07-08,CUST-0191,Home Office,West,Furniture,Study Table,1,0.0,6547.2,770.82,Express,11.77,2025-07,2025
ORD-02469,2024-09-13,CUST-0740,Corporate,West,Office Supplies,Sticky Notes Pack,1,0.0,245.23,39.58,Standard,16.14,2024-09,2024
ORD-01342,2024-10-02,CUST-1316,Corporate,South,Electronics,Smartwatch,1,0.1,1485.94,348.34,Express,23.44,2024-10,2024
ORD-01912,2025-11-02,CUST-0104,Consumer,East,Electronics,Bluetooth Speaker,2,0.0,11736.72,2366.17,Standard,20.16,2025-11,2025
ORD-01989,2025-07-11,CUST-1227,Corporate,West,Electronics,Wireless Mouse,1,0.0,4779.36,503.88,Standard,10.54,2025-07,2025
ORD-02915,2025-09-10,CUST-0199,Consumer,North,Clothing,Formal Shirt,1,0.1,1819.82,131.64,Standard,7.23,2025-09,2025
ORD-01206,2024-10-15,CUST-1147,Home Office,West,Electronics,Bluetooth Speaker,1,0.0,5868.36,1183.09,Express,20.16,2024-10,2024
ORD-02104,2025-04-12,CUST-1136,Consumer,East,Office Supplies,Ballpoint Pen Box,1,0.0,80.32,27.29,Standard,33.98,2025-04,2025
ORD-01542,2025-04-24,CUST-0014,Home Office,East,Electronics,Bluetooth Speaker,1,0.0,5868.36,1246.94,Same Day,21.25,2025-04,2025
ORD-01312,2025-07-17,CUST-0241,Consumer,East,Clothing,Denim Jeans,1,0.0,527.49,125.89,Standard,23.87,2025-07,2025
ORD-02311,2025-11-07,CUST-1354,Home Office,North,Office Supplies,Ballpoint Pen Box,2,0.0,160.64,54.57,Standard,33.97,2025-11,2025
ORD-02795,2024-01-23,CUST-0724,Consumer,South,Electronics,Noise Cancelling Headphones,1,0.1,4224.3,1099.01,Standard,26.02,2024-01,2024
ORD-02156,2024-03-15,CUST-0886,Consumer,North,Furniture,Bookshelf,1,0.1,1171.44,281.61,Standard,24.04,2024-03,2024
ORD-02440,2024-10-11,CUST-0679,Corporate,South,Furniture,Bookshelf,2,0.05,2473.04,631.6,Express,25.54,2024-10,2024
ORD-01259,2025-11-15,CUST-0852,Corporate,North,Furniture,Bed Side Table,1,0.0,5251.59,1531.64,Standard,29.17,2025-11,2025
ORD-01113,2024-08-08,CUST-0465,Consumer,North,Electronics,USB-C Charger,1,0.05,2472.19,456.67,Standard,18.47,2024-08,2024
ORD-02767,2024-05-17,CUST-0742,Consumer,South,Office Supplies,File Folder Pack,3,0.0,495.69,160.46,Same Day,32.37,2024-05,2024
ORD-01124,2025-09-13,CUST-0739,Corporate,East,Office Supplies,Desk Organizer,2,0.1,325.33,31.79,Standard,9.77,2025-09,2025
ORD-02838,2025-03-07,CUST-1361,Consumer,South,Furniture,Bean Bag,1,0.05,7156.39,686.46,Express,9.59,2025-03,2025
ORD-01838,2024-04-21,CUST-1131,Corporate,East,Furniture,Filing Cabinet,2,0.1,13862.03,3068.69,Standard,22.14,2024-04,2024
ORD-01191,2024-05-11,CUST-1361,Consumer,North,Electronics,Noise Cancelling Headphones,1,0.0,4693.67,1361.93,Express,29.02,2024-05,2024
ORD-01057,2025-11-01,CUST-0664,Home Office,East,Office Supplies,Printer Ink Cartridge,1,0.1,333.86,73.24,Standard,21.94,2025-11,2025
ORD-01019,2024-07-19,CUST-0479,Corporate,North,Furniture,Bed Side Table,2,0.0,10503.18,3063.28,Express,29.17,2024-07,2024
ORD-02713,2024-01-31,CUST-0048,Consumer,North,Clothing,Rain Jacket,1,0.0,1265.61,108.63,Standard,8.58,2024-01,2024
ORD-01896,2024-09-18,CUST-1392,Consumer,North,Office Supplies,Stapler,2,0.0,504.92,108.7,Standard,21.53,2024-09,2024
ORD-02718,2025-04-28,CUST-0431,Consumer,North,Electronics,Laptop Stand,1,0.1,1644.38,362.67,Standard,22.06,2025-04,2025
ORD-01862,2024-01-24,CUST-0429,Corporate,North,Furniture,Recliner Sofa,1,0.0,6837.7,654.65,Express,9.57,2024-01,2024
ORD-01330,2024-03-14,CUST-0691,Home Office,North,Electronics,Laptop Stand,1,0.0,1827.09,457.78,Express,25.06,2024-03,2024
ORD-02134,2024-10-23,CUST-0023,Consumer,North,Office Supplies,Sticky Notes Pack,3,0.0,735.69,118.75,Standard,16.14,2024-10,2024
ORD-01721,2024-06-04,CUST-0854,Corporate,East,Office Supplies,A4 Paper Ream,4,0.0,1657.8,142.79,Standard,8.61,2024-06,2024
ORD-02722,2025-11-14,CUST-1211,Corporate,South,Electronics,Bluetooth Speaker,1,0.05,5574.94,1040.31,Standard,18.66,2025-11,2025
ORD-02922,2025-10-25,CUST-0573,Consumer,West,Electronics,Webcam HD,1,0.0,4621.72,955.68,Same Day,20.68,2025-10,2025
ORD-01862,2024-01-24,CUST-0429,Corporate,North,Furniture,Bed Side Table,1,0.0,5251.59,1531.64,Express,29.17,2024-01,2024
ORD-03020,2024-04-24,CUST-0884,Consumer,North,Clothing,Woolen Sweater,2,0.05,3608.84,983.53,Standard,27.25,2024-04,2024
ORD-01385,2024-07-19,CUST-0439,Corporate,South,Furniture,Recliner Sofa,3,0.05,19487.44,1573.45,Standard,8.07,2024-07,2024
ORD-01828,2024-08-05,CUST-0617,Consumer,South,Clothing,Cotton T-Shirt,2,0.05,2308.08,175.96,Same Day,7.62,2024-08,2024
ORD-02050,2025-10-17,CUST-0789,Corporate,North,Clothing,Hoodie,1,0.0,1557.8,323.78,Standard,20.78,2025-10,2025
ORD-01455,2024-03-28,CUST-0241,Corporate,East,Office Supplies,Printer Ink Cartridge,1,0.0,370.95,92.51,Standard,24.94,2024-03,2024
ORD-02832,2025-02-01,CUST-0734,Consumer,North,Electronics,Power Bank 10000mAh,1,0.0,1623.15,423.4,Standard,26.09,2025-02,2025
ORD-03010,2024-09-27,CUST-0082,Consumer,South,Office Supplies,Stapler,2,0.0,504.92,108.7,Standard,21.53,2024-09,2024
ORD-01410,2025-07-23,CUST-0408,Consumer,North,Furniture,Study Table,3,0.0,19641.6,2312.47,Express,11.77,2025-07,2025
ORD-01696,2025-09-11,CUST-0841,Corporate,East,Electronics,Noise Cancelling Headphones,1,0.0,4693.67,1361.93,Standard,29.02,2025-09,2025
ORD-02527,2024-05-15,CUST-0734,Home Office,West,Clothing,Cotton T-Shirt,1,0.15,1032.56,47.74,Standard,4.62,2024-05,2024
ORD-02074,2024-11-27,CUST-0174,Consumer,South,Electronics,Laptop Stand,3,0.0,5481.27,1373.33,Standard,25.05,2024-11,2024
ORD-02667,2025-09-18,CUST-0225,Corporate,West,Office Supplies,Ballpoint Pen Box,1,0.0,80.32,27.29,Standard,33.98,2025-09,2025
ORD-01382,2024-10-20,CUST-1029,Consumer,West,Electronics,Smartwatch,2,0.0,3302.1,873.15,Standard,26.44,2024-10,2024
ORD-01193,2025-02-06,CUST-0462,Consumer,East,Office Supplies,A4 Paper Ream,2,0.0,828.9,71.4,Express,8.61,2025-02,2025
ORD-02327,2025-12-19,CUST-0150,Corporate,North,Office Supplies,Stapler,1,0.0,252.46,54.35,Standard,21.53,2025-12,2025
ORD-02917,2024-11-03,CUST-0359,Corporate,West,Office Supplies,Whiteboard Marker Set,1,0.05,154.18,42.44,Standard,27.53,2024-11,2024
ORD-01307,2024-08-27,CUST-0851,Home Office,West,Clothing,Running Shoes,1,0.0,1063.11,254.67,Standard,23.96,2024-08,2024
ORD-02854,2025-11-19,CUST-0378,Consumer,West,Clothing,Formal Shirt,1,0.05,1920.92,167.77,Standard,8.73,2025-11,2025
ORD-01145,2024-08-18,CUST-0203,Consumer,West,Furniture,Study Table,1,0.0,6547.2,770.82,Standard,11.77,2024-08,2024
ORD-02169,2025-11-14,CUST-1235,Home Office,West,Furniture,Bean Bag,1,0.2,6026.43,306.88,Standard,5.09,2025-11,2025
ORD-01635,2024-04-29,CUST-1399,Corporate,North,Electronics,Webcam HD,1,0.0,4621.72,955.68,Standard,20.68,2024-04,2024
ORD-01289,2025-06-15,CUST-0313,Consumer,North,Electronics,USB-C Charger,1,0.0,2602.31,519.74,Standard,19.97,2025-06,2025
ORD-01494,2024-04-26,CUST-0900,Corporate,North,Clothing,Formal Shirt,1,0.0,2022.02,206.93,Standard,10.23,2024-04,2024
ORD-02291,2024-05-28,CUST-0934,Home Office,North,Electronics,Wireless Mouse,1,0.0,4779.36,503.88,Same Day,10.54,2024-05,2024
ORD-02843,2024-08-23,CUST-0876,Consumer,North,Office Supplies,Printer Ink Cartridge,1,0.0,370.95,92.51,Standard,24.94,2024-08,2024
ORD-02769,2024-07-05,CUST-0551,Consumer,West,Electronics,Bluetooth Speaker,2,0.1,10563.05,1812.66,Standard,17.16,2024-07,2024
ORD-01976,2025-06-04,CUST-1295,Consumer,West,Electronics,Webcam HD,2,0.0,9243.44,1911.36,Standard,20.68,2025-06,2025
ORD-02612,2024-12-19,CUST-1199,Corporate,West,Electronics,USB-C Charger,1,0.1,2342.08,397.5,Standard,16.97,2024-12,2024
ORD-02859,2025-09-19,CUST-0486,Consumer,South,Electronics,Power Bank 10000mAh,1,0.0,1623.15,423.4,Express,26.09,2025-09,2025
ORD-01152,2024-08-11,CUST-1019,Home Office,East,Furniture,Filing Cabinet,2,0.0,15402.26,3871.73,Standard,25.14,2024-08,2024
ORD-02483,2025-08-27,CUST-0332,Consumer,East,Clothing,Woolen Sweater,1,0.0,1899.39,546.14,Express,28.75,2025-08,2025
ORD-02320,2024-07-01,CUST-0539,Corporate,South,Electronics,USB-C Charger,1,0.1,2342.08,397.5,Standard,16.97,2024-07,2024
ORD-03015,2025-10-23,CUST-0845,Consumer,East,Office Supplies,Printer Ink Cartridge,2,0.0,741.9,185.01,Standard,24.94,2025-10,2025
ORD-03042,2024-07-08,CUST-1318,Home Office,West,Office Supplies,Whiteboard Marker Set,2,0.0,324.6,94.22,Standard,29.03,2024-07,2024
ORD-02937,2025-04-26,CUST-1266,Corporate,North,Furniture,Recliner Sofa,2,0.0,13675.4,1309.31,Same Day,9.57,2025-04,2025
ORD-01358,2024-01-22,CUST-0239,Consumer,North,Office Supplies,Whiteboard Marker Set,1,0.0,162.3,47.11,Standard,29.03,2024-01,2024
ORD-01817,2025-08-09,CUST-1163,Home Office,South,Clothing,Sports Cap,2,0.0,3037.76,332.07,Standard,10.93,2025-08,2025
ORD-01930,2025-05-10,CUST-0106,Corporate,North,Electronics,Power Bank 10000mAh,1,0.0,1623.15,423.4,Express,26.09,2025-05,2025
ORD-02315,2025-11-27,CUST-0945,Corporate,South,Furniture,Filing Cabinet,2,0.0,15402.26,3871.73,Same Day,25.14,2025-11,2025
ORD-01777,2025-11-09,CUST-0919,Corporate,East,Electronics,USB-C Charger,1,0.1,2342.08,397.5,Express,16.97,2025-11,2025
ORD-02390,2024-08-02,CUST-1347,Corporate,East,Clothing,Woolen Sweater,1,0.0,1899.39,546.14,Express,28.75,2024-08,2024
ORD-01369,2025-05-07,CUST-1093,Consumer,West,Furniture,Recliner Sofa,1,0.05,6495.82,524.48,Standard,8.07,2025-05,2025
ORD-01247,2024-02-29,CUST-1154,Consumer,North,Electronics,Smartwatch,2,0.0,3302.1,873.15,Standard,26.44,2024-02,2024
ORD-01851,2024-11-29,CUST-0355,Consumer,North,Office Supplies,File Folder Pack,1,0.0,165.23,53.49,Standard,32.37,2024-11,2024
ORD-01869,2025-08-30,CUST-0102,Consumer,North,Electronics,USB-C Charger,1,0.0,2602.31,519.74,Express,19.97,2025-08,2025
ORD-01485,2024-07-07,CUST-0801,Corporate,East,Electronics,Wireless Mouse,1,0.2,3823.49,173.69,Standard,4.54,2024-07,2024
ORD-01820,2024-02-22,CUST-1329,Corporate,West,Office Supplies,File Folder Pack,2,0.0,330.46,106.97,Standard,32.37,2024-02,2024
ORD-02346,2025-12-25,CUST-0926,Consumer,West,Office Supplies,Stapler,1,0.0,252.46,54.35,Standard,21.53,2025-12,2025
ORD-02875,2024-12-02,CUST-0746,Home Office,South,Furniture,Bookshelf,2,0.15,2212.72,498.74,Standard,22.54,2024-12,2024
ORD-01506,2024-12-01,CUST-0219,Corporate,West,Clothing,Rain Jacket,1,0.15,1075.77,43.93,Standard,4.08,2024-12,2024
ORD-01282,2025-07-17,CUST-0122,Consumer,North,Electronics,Smartwatch,2,0.0,3302.1,873.15,Standard,26.44,2025-07,2025
ORD-02398,2025-05-01,CUST-0406,Consumer,North,Electronics,Smartwatch,1,0.0,1651.05,350.82,Standard,21.25,2025-05,2025
ORD-01459,2025-11-19,CUST-0057,Home Office,East,Office Supplies,File Folder Pack,1,0.05,156.97,48.46,Same Day,30.87,2025-11,2025
ORD-02504,2025-05-20,CUST-0253,Consumer,East,Furniture,Office Chair,1,0.05,12056.41,3492.86,Standard,28.97,2025-05,2025
ORD-01325,2024-01-10,CUST-0303,Home Office,West,Electronics,Laptop Stand,1,0.0,1827.09,457.78,Standard,25.06,2024-01,2024
ORD-03021,2025-12-06,CUST-1125,Consumer,West,Electronics,USB-C Charger,2,0.0,5204.62,1039.48,Same Day,19.97,2025-12,2025
ORD-02366,2024-06-06,CUST-1033,Consumer,East,Electronics,Bluetooth Speaker,1,0.1,5281.52,906.33,Standard,17.16,2024-06,2024
ORD-02245,2024-10-23,CUST-0792,Consumer,North,Electronics,Power Bank 10000mAh,1,0.0,1623.15,423.4,Standard,26.09,2024-10,2024
ORD-01625,2025-05-16,CUST-0997,Consumer,East,Clothing,Running Shoes,1,0.0,1063.11,254.67,Express,23.96,2025-05,2025
ORD-02478,2024-03-02,CUST-1092,Corporate,North,Office Supplies,Stapler,1,0.0,252.46,54.35,Standard,21.53,2024-03,2024
ORD-01319,2024-10-14,CUST-1167,Corporate,North,Office Supplies,File Folder Pack,1,0.0,165.23,53.49,Express,32.37,2024-10,2024
ORD-01112,2024-04-04,CUST-0222,Consumer,North,Clothing,Running Shoes,1,0.05,1009.95,226.78,Standard,22.45,2024-04,2024
ORD-01686,2024-08-23,CUST-0969,Consumer,North,Furniture,Recliner Sofa,2,0.0,13675.4,1309.31,Same Day,9.57,2024-08,2024
ORD-02569,2024-10-12,CUST-1356,Consumer,East,Clothing,Formal Shirt,2,0.0,4044.04,413.86,Standard,10.23,2024-10,2024
ORD-02254,2024-09-07,CUST-0805,Consumer,West,Clothing,Running Shoes,1,0.15,903.64,175.8,Express,19.45,2024-09,2024
ORD-02119,2025-01-04,CUST-0219,Consumer,North,Electronics,Bluetooth Speaker,1,0.0,5868.36,1183.09,Same Day,20.16,2025-01,2025
ORD-02530,2024-11-19,CUST-0080,Corporate,West,Clothing,Sports Cap,1,0.0,1518.88,166.04,Express,10.93,2024-11,2024
ORD-01640,2024-09-14,CUST-0106,Corporate,West,Office Supplies,Printer Ink Cartridge,1,0.0,370.95,92.51,Standard,24.94,2024-09,2024
ORD-02938,2024-04-20,CUST-0908,Consumer,South,Electronics,Laptop Stand,1,0.05,1735.74,408.85,Standard,23.55,2024-04,2024
ORD-01459,2025-11-19,CUST-0057,Home Office,East,Electronics,Noise Cancelling Headphones,1,0.0,4693.67,1361.93,Same Day,29.02,2025-11,2025
ORD-02491,2024-01-29,CUST-1262,Consumer,North,Electronics,Wireless Mouse,1,0.0,4779.36,503.88,Express,10.54,2024-01,2024
ORD-02898,2025-10-18,CUST-1193,Corporate,East,Office Supplies,Ballpoint Pen Box,2,0.1,144.58,44.78,Standard,30.97,2025-10,2025
ORD-02236,2025-04-26,CUST-1344,Corporate,South,Clothing,Running Shoes,1,0.1,956.8,200.49,Standard,20.95,2025-04,2025
ORD-01042,2025-04-20,CUST-0479,Consumer,South,Clothing,Woolen Sweater,2,0.0,3798.78,1092.28,Standard,28.75,2025-04,2025
ORD-01429,2025-12-25,CUST-1087,Consumer,East,Furniture,Recliner Sofa,2,0.0,13675.4,1309.31,Standard,9.57,2025-12,2025
ORD-02491,2024-01-29,CUST-1262,Consumer,North,Electronics,Laptop Stand,2,0.0,3654.18,915.55,Express,25.05,2024-01,2024
ORD-02248,2025-04-11,CUST-0680,Consumer,South,Electronics,Noise Cancelling Headphones,2,0.0,9387.34,2723.86,Same Day,29.02,2025-04,2025
ORD-01836,2025-03-30,CUST-0102,Corporate,East,Clothing,Cotton T-Shirt,1,0.0,1214.78,110.83,Same Day,9.12,2025-03,2025
ORD-01586,2024-07-22,CUST-0598,Consumer,South,Clothing,Cotton T-Shirt,1,0.05,1154.04,87.98,Standard,7.62,2024-07,2024
ORD-02966,2025-12-21,CUST-1190,Consumer,East,Furniture,Office Chair,2,0.0,25381.92,7734.13,Express,30.47,2025-12,2025
ORD-02637,2024-07-28,CUST-0632,Home Office,North,Clothing,Running Shoes,1,0.0,1063.11,254.67,Standard,23.96,2024-07,2024
ORD-02561,2025-11-06,CUST-0709,Consumer,North,Electronics,Power Bank 10000mAh,3,0.0,4869.45,1270.19,Standard,26.08,2025-11,2025
ORD-02002,2025-10-27,CUST-1059,Consumer,South,Electronics,Noise Cancelling Headphones,1,0.0,4693.67,1361.93,Standard,29.02,2025-10,2025
ORD-01052,2025-10-26,CUST-0981,Consumer,North,Clothing,Sports Cap,2,0.0,3037.76,332.07,Standard,10.93,2025-10,2025
ORD-02361,2024-10-27,CUST-0290,Corporate,East,Office Supplies,Ballpoint Pen Box,1,0.1,72.29,22.39,Express,30.97,2024-10,2024
ORD-02766,2024-07-04,CUST-0484,Consumer,West,Clothing,Woolen Sweater,1,0.0,1899.39,546.14,Standard,28.75,2024-07,2024
ORD-02517,2024-07-05,CUST-0277,Consumer,East,Electronics,USB-C Charger,2,0.0,5204.62,1039.48,Standard,19.97,2024-07,2024
ORD-01218,2025-10-07,CUST-1272,Consumer,East,Office Supplies,Desk Organizer,1,0.0,180.74,23.09,Standard,12.78,2025-10,2025
ORD-02477,2024-11-26,CUST-0368,Consumer,North,Clothing,Cotton T-Shirt,1,0.0,1214.78,110.83,Standard,9.12,2024-11,2024
ORD-02273,2025-10-14,CUST-1157,Corporate,West,Furniture,Wall Shelf,2,0.0,17834.12,3529.62,Standard,19.79,2025-10,2025
ORD-01183,2025-04-04,CUST-0216,Consumer,East,Office Supplies,Whiteboard Marker Set,2,0.0,324.6,94.22,Express,29.03,2025-04,2025
ORD-02782,2025-11-29,CUST-0719,Consumer,North,Furniture,Office Chair,1,0.15,10787.32,2801.58,Express,25.97,2025-11,2025
ORD-03036,2024-11-13,CUST-1032,Corporate,North,Furniture,Filing Cabinet,1,0.0,7701.13,1935.86,Standard,25.14,2024-11,2024
ORD-01082,2024-09-26,CUST-1169,Consumer,West,Office Supplies,Sticky Notes Pack,1,0.0,245.23,39.58,Standard,16.14,2024-09,2024
ORD-02178,2024-03-11,CUST-1144,Consumer,East,Clothing,Sports Cap,1,0.05,1442.94,136.09,Same Day,9.43,2024-03,2024
ORD-01669,2025-11-24,CUST-0914,Corporate,East,Office Supplies,Stapler,1,0.2,201.97,31.36,Same Day,15.53,2025-11,2025
ORD-01882,2025-03-29,CUST-0573,Consumer,East,Electronics,Smartwatch,1,0.05,1568.5,391.22,Standard,24.94,2025-03,2025
ORD-02556,2025-11-01,CUST-1039,Corporate,West,Electronics,Smartwatch,1,0.0,1651.05,436.58,Standard,26.44,2025-11,2025
ORD-01595,2025-04-12,CUST-1279,Consumer,East,Electronics,USB-C Charger,1,0.0,2602.31,519.74,Express,19.97,2025-04,2025
ORD-01256,2025-09-15,CUST-1018,Consumer,South,Electronics,Noise Cancelling Headphones,1,0.0,4693.67,1361.93,Standard,29.02,2025-09,2025
ORD-01543,2025-06-03,CUST-0405,Consumer,East,Electronics,USB-C Charger,4,0.2,8327.39,1163.52,Standard,13.97,2025-06,2025
ORD-01236,2025-12-24,CUST-1011,Consumer,North,Office Supplies,Sticky Notes Pack,1,0.0,245.23,39.58,Express,16.14,2025-12,2025
ORD-01129,2025-01-29,CUST-1364,Consumer,South,Electronics,Power Bank 10000mAh,2,0.1,2921.67,674.47,Standard,23.09,2025-01,2025
ORD-01439,2025-09-13,CUST-0070,Corporate,East,Office Supplies,A4 Paper Ream,1,0.0,414.45,35.7,Same Day,8.61,2025-09,2025
ORD-01979,2024-02-09,CUST-1013,Home Office,East,Electronics,Wireless Mouse,2,0.0,9558.72,1007.76,Express,10.54,2024-02,2024
ORD-01174,2025-07-19,CUST-1083,Consumer,South,Office Supplies,Ballpoint Pen Box,1,0.0,80.32,27.29,Express,33.98,2025-07,2025
ORD-01572,2024-07-25,CUST-0084,Corporate,North,Furniture,Wall Shelf,1,0.0,8917.06,1764.81,Standard,19.79,2024-07,2024
ORD-02226,2024-03-03,CUST-0289,Consumer,South,Office Supplies,File Folder Pack,2,0.0,330.46,106.97,Standard,32.37,2024-03,2024
ORD-01096,2024-08-15,CUST-0421,Home Office,East,Electronics,Bluetooth Speaker,2,0.0,11736.72,2366.17,Standard,20.16,2024-08,2024
ORD-01011,2025-09-29,CUST-0753,Consumer,West,Office Supplies,File Folder Pack,3,0.0,495.69,160.46,Standard,32.37,2025-09,2025
ORD-01146,2025-09-05,CUST-1005,Consumer,North,Electronics,USB-C Charger,2,0.0,5204.62,1039.48,Standard,19.97,2025-09,2025
ORD-03058,2025-07-17,CUST-0627,Consumer,South,Clothing,Running Shoes,2,0.15,1807.29,351.6,Standard,19.45,2025-07,2025
ORD-01866,2025-12-04,CUST-0675,Consumer,South,Clothing,Denim Jeans,2,0.2,843.98,150.79,Standard,17.87,2025-12,2025
ORD-02655,2025-01-20,CUST-1354,Consumer,North,Office Supplies,File Folder Pack,1,0.0,165.23,53.49,Express,32.37,2025-01,2025
ORD-02296,2025-12-22,CUST-0028,Corporate,South,Electronics,Wireless Mouse,1,0.2,3823.49,173.69,Standard,4.54,2025-12,2025
ORD-01471,2025-10-29,CUST-0563,Consumer,East,Office Supplies,Ballpoint Pen Box,2,0.0,160.64,54.57,Same Day,33.97,2025-10,2025
ORD-02056,2025-12-07,CUST-0524,Consumer,West,Office Supplies,Sticky Notes Pack,4,0.0,980.92,158.33,Express,16.14,2025-12,2025
ORD-02351,2024-10-27,CUST-0727,Consumer,South,Furniture,Study Table,1,0.0,6547.2,770.82,Standard,11.77,2024-10,2024
ORD-01014,2024-03-25,CUST-1199,Consumer,West,Office Supplies,A4 Paper Ream,1,0.0,414.45,35.7,Standard,8.61,2024-03,2024
ORD-02539,2025-10-16,CUST-0802,Consumer,North,Electronics,Power Bank 10000mAh,3,0.0,4869.45,1270.19,Standard,26.08,2025-10,2025
ORD-01892,2025-02-26,CUST-0195,Consumer,North,Office Supplies,Desk Organizer,1,0.0,180.74,23.09,Standard,12.78,2025-02,2025
ORD-01305,2024-05-14,CUST-1047,Corporate,West,Furniture,Filing Cabinet,1,0.05,7316.07,1729.33,Standard,23.64,2024-05,2024
ORD-02994,2024-04-02,CUST-0233,Corporate,North,Furniture,Bookshelf,1,0.0,1301.6,351.95,Standard,27.04,2024-04,2024
ORD-02661,2025-01-25,CUST-0891,Consumer,East,Clothing,Rain Jacket,2,0.0,2531.22,217.27,Standard,8.58,2025-01,2025
ORD-02454,2025-06-21,CUST-0930,Home Office,South,Office Supplies,Sticky Notes Pack,1,0.0,245.23,39.58,Express,16.14,2025-06,2025
ORD-01666,2025-12-27,CUST-0834,Home Office,West,Furniture,Bean Bag,1,0.1,6779.74,548.64,Express,8.09,2025-12,2025
ORD-01802,2024-06-11,CUST-0122,Corporate,East,Electronics,Laptop Stand,2,0.0,3654.18,915.55,Same Day,25.05,2024-06,2024
ORD-01203,2024-07-07,CUST-0709,Corporate,North,Electronics,USB-C Charger,1,0.1,2342.08,397.5,Express,16.97,2024-07,2024
ORD-02204,2024-12-29,CUST-0555,Consumer,East,Furniture,Filing Cabinet,1,0.05,7316.07,1729.33,Standard,23.64,2024-12,2024
ORD-01887,2025-03-08,CUST-0230,Home Office,North,Furniture,Bookshelf,1,0.0,1301.6,351.95,Standard,27.04,2025-03,2025
ORD-01390,2024-12-29,CUST-0156,Consumer,North,Electronics,Noise Cancelling Headphones,1,0.0,4693.67,1361.93,Express,29.02,2024-12,2024
ORD-01527,2024-07-18,CUST-0765,Corporate,South,Furniture,Office Chair,2,0.0,25381.92,7734.13,Same Day,30.47,2024-07,2024
ORD-01321,2024-06-10,CUST-1274,Corporate,East,Electronics,Smartwatch,1,0.0,1651.05,436.58,Standard,26.44,2024-06,2024
ORD-02685,2024-06-25,CUST-1170,Corporate,East,Furniture,Wall Shelf,2,0.0,17834.12,3529.62,Standard,19.79,2024-06,2024
ORD-01351,2024-01-01,CUST-0493,Consumer,North,Office Supplies,Stapler,1,0.2,201.97,31.36,Express,15.53,2024-01,2024
ORD-02456,2025-12-10,CUST-0203,Consumer,South,Clothing,Running Shoes,2,0.15,1807.29,351.6,Standard,19.45,2025-12,2025
ORD-02487,2025-07-22,CUST-1366,Corporate,North,Clothing,Denim Jeans,1,0.0,527.49,125.89,Standard,23.87,2025-07,2025
ORD-01774,2024-11-10,CUST-1236,Consumer,West,Electronics,Power Bank 10000mAh,4,0.05,6167.97,1516.39,Standard,24.58,2024-11,2024
ORD-01704,2024-06-10,CUST-0643,Consumer,North,Clothing,Hoodie,1,0.0,1557.8,323.78,Standard,20.78,2024-06,2024
ORD-02175,2024-04-03,CUST-0311,Corporate,East,Office Supplies,File Folder Pack,1,0.0,165.23,53.49,Express,32.37,2024-04,2024
ORD-02310,2024-09-13,CUST-1085,Consumer,West,Office Supplies,Stapler,2,0.0,504.92,108.7,Standard,21.53,2024-09,2024
ORD-01054,2025-06-22,CUST-1236,Corporate,North,Furniture,Bean Bag,2,0.0,15066.08,1671.18,Same Day,11.09,2025-06,2025
ORD-01213,2024-01-12,CUST-0974,Consumer,North,Office Supplies,Desk Organizer,1,0.1,162.67,15.9,Express,9.77,2024-01,2024
ORD-01611,2024-04-09,CUST-0696,Corporate,East,Office Supplies,Whiteboard Marker Set,1,0.0,162.3,47.11,Same Day,29.03,2024-04,2024
ORD-01101,2024-02-11,CUST-1204,Corporate,West,Furniture,Bean Bag,2,0.0,15066.08,1671.18,Standard,11.09,2024-02,2024
ORD-01792,2024-06-18,CUST-1292,Home Office,North,Electronics,USB-C Charger,1,0.0,2602.31,519.74,Standard,19.97,2024-06,2024
ORD-01153,2024-11-04,CUST-0723,Consumer,South,Furniture,Bean Bag,1,0.0,7533.04,835.59,Express,11.09,2024-11,2024
ORD-03002,2025-08-12,CUST-0769,Consumer,West,Office Supplies,Ballpoint Pen Box,2,0.15,136.54,40.24,Standard,29.47,2025-08,2025
ORD-02596,2025-02-21,CUST-0142,Corporate,South,Office Supplies,A4 Paper Ream,1,0.0,414.45,35.7,Same Day,8.61,2025-02,2025
ORD-02539,2025-10-16,CUST-0802,Consumer,North,Electronics,Power Bank 10000mAh,1,0.0,1623.15,423.4,Standard,26.09,2025-10,2025
ORD-01355,2025-02-03,CUST-1352,Consumer,East,Office Supplies,Stapler,1,0.0,252.46,54.35,Same Day,21.53,2025-02,2025
ORD-02214,2024-01-23,CUST-0733,Home Office,South,Electronics,Bluetooth Speaker,2,0.0,11736.72,2366.17,Standard,20.16,2024-01,2024
ORD-02415,2024-12-20,CUST-0753,Corporate,North,Office Supplies,Desk Organizer,2,0.2,289.18,19.59,Standard,6.77,2024-12,2024
ORD-01858,2025-10-28,CUST-0225,Consumer,South,Electronics,Laptop Stand,1,0.0,1827.09,457.78,Standard,25.06,2025-10,2025
ORD-02459,2024-05-28,CUST-1004,Corporate,West,Electronics,Noise Cancelling Headphones,1,0.0,4693.67,1361.93,Standard,29.02,2024-05,2024
ORD-01936,2025-10-11,CUST-0378,Consumer,West,Electronics,Laptop Stand,1,0.0,1827.09,457.78,Express,25.06,2025-10,2025
ORD-01430,2024-03-10,CUST-0032,Consumer,West,Electronics,Noise Cancelling Headphones,1,0.05,4458.99,1226.95,Express,27.52,2024-03,2024
ORD-02088,2024-10-30,CUST-0093,Consumer,South,Furniture,Study Table,3,0.0,19641.6,2312.47,Express,11.77,2024-10,2024
ORD-01668,2025-03-09,CUST-0349,Consumer,East,Clothing,Woolen Sweater,1,0.05,1804.42,491.77,Standard,27.25,2025-03,2025
ORD-01835,2024-06-30,CUST-1191,Home Office,North,Office Supplies,A4 Paper Ream,3,0.0,1243.35,107.09,Standard,8.61,2024-06,2024
ORD-02822,2024-05-10,CUST-0814,Consumer,South,Office Supplies,Printer Ink Cartridge,1,0.0,370.95,92.51,Standard,24.94,2024-05,2024
ORD-01805,2024-12-02,CUST-0398,Consumer,North,Clothing,Sports Cap,3,0.0,4556.64,498.11,Standard,10.93,2024-12,2024
ORD-01744,2025-10-22,CUST-0918,Home Office,North,Electronics,Bluetooth Speaker,2,0.0,11736.72,2366.17,Standard,20.16,2025-10,2025
ORD-03061,2024-07-15,CUST-0592,Consumer,North,Electronics,Laptop Stand,2,0.0,3654.18,915.55,Express,25.05,2024-07,2024
ORD-02661,2025-01-25,CUST-0891,Consumer,East,Electronics,Wireless Mouse,2,0.0,9558.72,1007.76,Standard,10.54,2025-01,2025
ORD-02304,2025-01-13,CUST-0895,Consumer,North,Electronics,Wireless Mouse,2,0.0,9558.72,1007.76,Standard,10.54,2025-01,2025
ORD-03009,2025-05-04,CUST-0935,Corporate,East,Furniture,Bean Bag,1,0.15,6403.08,422.11,Express,6.59,2025-05,2025
ORD-02960,2024-05-16,CUST-0095,Consumer,North,Electronics,Laptop Stand,1,0.05,1735.74,408.85,Express,23.55,2024-05,2024
ORD-01799,2024-07-31,CUST-0896,Home Office,South,Electronics,Smartwatch,4,0.15,5613.57,1231.75,Express,21.94,2024-07,2024
ORD-02240,2024-02-09,CUST-0935,Consumer,East,Clothing,Rain Jacket,1,0.0,1265.61,108.63,Standard,8.58,2024-02,2024
ORD-02291,2024-05-28,CUST-0934,Home Office,North,Office Supplies,Whiteboard Marker Set,1,0.0,162.3,47.11,Same Day,29.03,2024-05,2024
ORD-02653,2025-06-02,CUST-0483,Consumer,North,Clothing,Sports Cap,1,0.15,1291.05,83.03,Standard,6.43,2025-06,2025
ORD-01062,2025-07-15,CUST-0216,Home Office,East,Office Supplies,Stapler,1,0.0,252.46,54.35,Standard,21.53,2025-07,2025
ORD-02723,2024-12-03,CUST-0582,Corporate,North,Office Supplies,Sticky Notes Pack,1,0.0,245.23,39.58,Standard,16.14,2024-12,2024
ORD-01527,2024-07-18,CUST-0765,Corporate,South,Office Supplies,Whiteboard Marker Set,4,0.0,649.2,188.44,Same Day,29.03,2024-07,2024
ORD-01778,2024-12-14,CUST-1153,Consumer,West,Electronics,Laptop Stand,1,0.0,1827.09,457.78,Express,25.06,2024-12,2024
ORD-02622,2025-02-18,CUST-0227,Consumer,East,Electronics,Laptop Stand,2,0.0,3654.18,915.55,Standard,25.05,2025-02,2025
ORD-01429,2025-12-25,CUST-1087,Consumer,East,Clothing,Hoodie,1,0.0,1557.8,323.78,Standard,20.78,2025-12,2025
ORD-01403,2024-07-07,CUST-1010,Consumer,South,Clothing,Hoodie,2,0.05,2959.82,570.78,Same Day,19.28,2024-07,2024
ORD-01993,2024-05-28,CUST-0859,Consumer,South,Furniture,Wall Shelf,2,0.0,17834.12,3529.62,Standard,19.79,2024-05,2024
ORD-01443,2025-07-28,CUST-0295,Corporate,North,Furniture,Wall Shelf,1,0.0,8917.06,1764.81,Standard,19.79,2025-07,2025
ORD-02999,2025-04-08,CUST-1115,Home Office,East,Furniture,Bed Side Table,1,0.0,5251.59,1531.64,Express,29.17,2025-04,2025
ORD-01990,2024-05-21,CUST-0761,Corporate,North,Office Supplies,Whiteboard Marker Set,1,0.0,162.3,47.11,Same Day,29.03,2024-05,2024
ORD-02849,2024-10-14,CUST-0619,Corporate,South,Office Supplies,Desk Organizer,1,0.15,153.63,12.71,Same Day,8.27,2024-10,2024
ORD-02446,2025-02-05,CUST-0434,Consumer,South,Office Supplies,Whiteboard Marker Set,1,0.0,162.3,47.11,Standard,29.03,2025-02,2025
ORD-01458,2025-07-12,CUST-1151,Home Office,South,Office Supplies,Whiteboard Marker Set,1,0.0,162.3,47.11,Standard,29.03,2025-07,2025
ORD-01196,2024-10-15,CUST-0154,Consumer,East,Electronics,USB-C Charger,1,0.0,2602.31,519.74,Standard,19.97,2024-10,2024
ORD-01290,2024-01-01,CUST-0826,Consumer,South,Clothing,Hoodie,1,0.15,1324.13,215.62,Standard,16.28,2024-01,2024
ORD-02013,2025-03-04,CUST-0762,Consumer,West,Office Supplies,Desk Organizer,1,0.0,180.74,23.09,Standard,12.78,2025-03,2025
ORD-01079,2024-12-22,CUST-0968,Corporate,South,Electronics,Wireless Mouse,1,0.0,4779.36,503.88,Standard,10.54,2024-12,2024
ORD-02424,2024-09-27,CUST-0814,Corporate,North,Clothing,Denim Jeans,2,0.0,1054.98,251.79,Standard,23.87,2024-09,2024
ORD-01567,2025-12-14,CUST-0310,Consumer,West,Office Supplies,Stapler,1,0.0,252.46,54.35,Standard,21.53,2025-12,2025
ORD-02098,2025-10-22,CUST-0844,Consumer,North,Clothing,Woolen Sweater,1,0.0,1899.39,546.14,Standard,28.75,2025-10,2025
ORD-01376,2025-03-19,CUST-0625,Consumer,South,Furniture,Bookshelf,2,0.05,2473.04,631.6,Standard,25.54,2025-03,2025
ORD-01571,2024-04-25,CUST-0332,Corporate,North,Clothing,Hoodie,1,0.0,1557.8,323.78,Standard,20.78,2024-04,2024
ORD-02096,2024-05-09,CUST-0491,Corporate,West,Furniture,Bookshelf,1,0.1,1171.44,232.74,Standard,19.87,2024-05,2024
ORD-01987,2024-11-05,CUST-1071,Home Office,West,Clothing,Rain Jacket,1,0.0,1265.61,108.63,Standard,8.58,2024-11,2024
ORD-01110,2024-06-30,CUST-1096,Corporate,East,Office Supplies,Stapler,1,0.0,252.46,54.35,Standard,21.53,2024-06,2024
ORD-02079,2025-10-12,CUST-0741,Consumer,West,Electronics,Noise Cancelling Headphones,1,0.2,3754.94,864.25,Standard,23.02,2025-10,2025
ORD-02191,2025-10-14,CUST-0539,Home Office,North,Clothing,Sports Cap,1,0.05,1442.94,136.09,Standard,9.43,2025-10,2025
ORD-02654,2024-10-06,CUST-0342,Home Office,West,Electronics,Power Bank 10000mAh,1,0.15,1379.68,297.8,Standard,21.58,2024-10,2024
ORD-01614,2025-11-22,CUST-1009,Corporate,North,Electronics,USB-C Charger,1,0.0,2602.31,519.74,Same Day,19.97,2025-11,2025
ORD-01235,2024-02-24,CUST-0646,Consumer,North,Electronics,Wireless Mouse,2,0.0,9558.72,1007.76,Standard,10.54,2024-02,2024
ORD-02235,2024-10-22,CUST-0201,Consumer,East,Office Supplies,Desk Organizer,1,0.0,180.74,23.09,Express,12.78,2024-10,2024
ORD-01250,2024-10-02,CUST-1128,Consumer,East,Furniture,Bookshelf,1,0.1,1171.44,232.74,Standard,19.87,2024-10,2024
ORD-02744,2024-05-13,CUST-0906,Consumer,East,Electronics,Smartwatch,1,0.0,1651.05,436.58,Express,26.44,2024-05,2024
ORD-01600,2024-01-20,CUST-0573,Corporate,North,Electronics,Bluetooth Speaker,1,0.0,5868.36,1183.09,Express,20.16,2024-01,2024
ORD-01378,2024-02-21,CUST-0237,Corporate,West,Clothing,Rain Jacket,1,0.0,1265.61,108.63,Standard,8.58,2024-02,2024
ORD-02825,2024-07-19,CUST-1360,Home Office,East,Clothing,Rain Jacket,2,0.0,2531.22,217.27,Express,8.58,2024-07,2024
ORD-01351,2024-01-01,CUST-0493,Consumer,North,Office Supplies,Stapler,1,0.0,252.46,54.35,Express,21.53,2024-01,2024
ORD-01363,2025-11-08,CUST-0406,Consumer,West,Electronics,USB-C Charger,2,0.15,4423.93,684.48,Standard,15.47,2025-11,2025
ORD-01757,2025-12-09,CUST-1184,Corporate,East,Office Supplies,File Folder Pack,1,0.0,165.23,53.49,Standard,32.37,2025-12,2025
ORD-02293,2025-10-25,CUST-1221,Home Office,North,Office Supplies,Ballpoint Pen Box,1,0.0,80.32,27.29,Express,33.98,2025-10,2025
ORD-02014,2025-04-17,CUST-0829,Corporate,North,Clothing,Denim Jeans,2,0.0,1054.98,251.79,Standard,23.87,2025-04,2025
ORD-01071,2025-06-04,CUST-0727,Consumer,North,Office Supplies,Sticky Notes Pack,2,0.0,490.46,79.16,Standard,16.14,2025-06,2025
ORD-01980,2025-10-20,CUST-1385,Consumer,East,Electronics,Laptop Stand,3,0.1,4933.14,1088.0,Standard,22.05,2025-10,2025
ORD-02832,2025-02-01,CUST-0734,Consumer,North,Electronics,Wireless Mouse,4,0.1,17205.7,1297.79,Standard,7.54,2025-02,2025
ORD-02627,2024-05-20,CUST-0638,Consumer,North,Clothing,Sports Cap,1,0.0,1518.88,166.04,Standard,10.93,2024-05,2024
ORD-01249,2024-02-09,CUST-1030,Consumer,West,Office Supplies,Printer Ink Cartridge,1,0.15,315.31,64.44,Standard,20.44,2024-02,2024
ORD-02644,2025-12-17,CUST-1042,Consumer,West,Electronics,Wireless Mouse,1,0.05,4540.39,410.58,Standard,9.04,2025-12,2025
ORD-01153,2024-11-04,CUST-0723,Consumer,South,Office Supplies,Printer Ink Cartridge,1,0.0,370.95,92.51,Express,24.94,2024-11,2024
ORD-01881,2024-01-29,CUST-0738,Consumer,North,Electronics,Power Bank 10000mAh,1,0.05,1541.99,379.1,Standard,24.59,2024-01,2024
ORD-01449,2025-05-01,CUST-0507,Consumer,West,Electronics,Laptop Stand,2,0.05,3471.47,817.7,Express,23.55,2025-05,2025
ORD-01128,2025-03-22,CUST-0343,Corporate,West,Electronics,Noise Cancelling Headphones,2,0.05,8917.97,2453.9,Same Day,27.52,2025-03,2025
ORD-02553,2024-07-08,CUST-0069,Consumer,East,Furniture,Office Chair,1,0.0,12690.96,3867.06,Standard,30.47,2024-07,2024
ORD-02787,2025-06-16,CUST-1375,Corporate,West,Clothing,Sports Cap,1,0.0,1518.88,166.04,Same Day,10.93,2025-06,2025
ORD-01049,2024-04-03,CUST-1189,Consumer,North,Office Supplies,Ballpoint Pen Box,1,0.0,80.32,27.29,Same Day,33.98,2024-04,2024
ORD-02789,2025-11-27,CUST-0193,Corporate,South,Electronics,Bluetooth Speaker,2,0.0,11736.72,2366.17,Same Day,20.16,2025-11,2025
ORD-02639,2025-10-14,CUST-0881,Consumer,North,Office Supplies,Stapler,2,0.0,504.92,108.7,Standard,21.53,2025-10,2025
ORD-01260,2025-02-05,CUST-0069,Home Office,North,Electronics,Power Bank 10000mAh,2,0.0,3246.3,846.8,Standard,26.09,2025-02,2025
ORD-01390,2024-12-29,CUST-0156,Consumer,North,Office Supplies,File Folder Pack,1,0.0,165.23,53.49,Express,32.37,2024-12,2024
ORD-02120,2025-10-27,CUST-0303,Corporate,East,Electronics,USB-C Charger,1,0.15,2211.96,342.24,Standard,15.47,2025-10,2025
ORD-02138,2024-03-13,CUST-1245,Corporate,West,Electronics,Power Bank 10000mAh,1,0.0,1623.15,423.4,Same Day,26.09,2024-03,2024
ORD-02515,2025-02-16,CUST-1283,Consumer,East,Office Supplies,Desk Organizer,1,0.0,180.74,23.09,Express,12.78,2025-02,2025
ORD-01878,2024-08-01,CUST-0199,Consumer,West,Electronics,Smartwatch,1,0.0,1651.05,436.58,Standard,26.44,2024-08,2024
ORD-02774,2024-06-23,CUST-1067,Corporate,North,Furniture,Office Chair,1,0.0,12690.96,3867.06,Standard,30.47,2024-06,2024
ORD-01350,2024-09-02,CUST-0396,Consumer,East,Furniture,Wall Shelf,1,0.0,8917.06,1764.81,Express,19.79,2024-09,2024
ORD-01295,2024-12-30,CUST-0258,Corporate,North,Electronics,Wireless Mouse,1,0.0,4779.36,503.88,Express,10.54,2024-12,2024
ORD-01804,2025-11-13,CUST-0925,Consumer,East,Office Supplies,A4 Paper Ream,2,0.0,828.9,71.4,Same Day,8.61,2025-11,2025
ORD-02591,2025-11-24,CUST-0147,Consumer,West,Clothing,Rain Jacket,2,0.0,2531.22,217.27,Standard,8.58,2025-11,2025
ORD-01015,2025-12-23,CUST-0063,Consumer,West,Electronics,Noise Cancelling Headphones,1,0.0,4693.67,1361.93,Standard,29.02,2025-12,2025
ORD-02505,2025-01-13,CUST-0295,Corporate,North,Electronics,Webcam HD,1,0.0,4621.72,955.68,Express,20.68,2025-01,2025
ORD-01965,2024-07-23,CUST-1175,Consumer,East,Electronics,Power Bank 10000mAh,1,0.0,1623.15,423.4,Same Day,26.09,2024-07,2024
ORD-01413,2024-11-08,CUST-1271,Consumer,South,Clothing,Hoodie,2,0.0,3115.6,647.55,Standard,20.78,2024-11,2024
ORD-01891,2025-03-03,CUST-0786,Consumer,North,Office Supplies,File Folder Pack,1,0.0,165.23,53.49,Standard,32.37,2025-03,2025
ORD-02782,2025-11-29,CUST-0719,Consumer,North,Electronics,Noise Cancelling Headphones,1,0.15,3989.62,978.11,Express,24.52,2025-11,2025
ORD-02872,2024-09-22,CUST-1244,Home Office,East,Electronics,Power Bank 10000mAh,1,0.1,1460.84,337.23,Standard,23.08,2024-09,2024
ORD-01644,2025-01-02,CUST-0147,Corporate,East,Electronics,Wireless Mouse,2,0.05,9080.78,821.16,Standard,9.04,2025-01,2025
ORD-01121,2025-03-13,CUST-0436,Consumer,North,Office Supplies,Stapler,1,0.1,227.21,42.1,Standard,18.53,2025-03,2025
ORD-02437,2024-12-06,CUST-1105,Corporate,West,Furniture,Study Table,1,0.0,6547.2,770.82,Standard,11.77,2024-12,2024
ORD-01868,2024-03-30,CUST-0355,Consumer,North,Furniture,Filing Cabinet,3,0.0,23103.39,5807.59,Standard,25.14,2024-03,2024
ORD-01089,2024-01-01,CUST-0066,Consumer,North,Electronics,Bluetooth Speaker,1,0.0,5868.36,1183.09,Standard,20.16,2024-01,2024
ORD-01800,2024-05-26,CUST-0855,Corporate,East,Electronics,Laptop Stand,1,0.0,1827.09,457.78,Standard,25.06,2024-05,2024
ORD-01406,2025-01-16,CUST-0257,Consumer,East,Clothing,Cotton T-Shirt,1,0.0,1214.78,110.83,Same Day,9.12,2025-01,2025
ORD-02701,2024-05-15,CUST-0273,Consumer,South,Electronics,Power Bank 10000mAh,1,0.05,1541.99,379.1,Express,24.59,2024-05,2024
ORD-02723,2024-12-03,CUST-0582,Corporate,North,Office Supplies,A4 Paper Ream,3,0.0,1243.35,107.09,Standard,8.61,2024-12,2024
ORD-01883,2024-05-31,CUST-0528,Corporate,East,Clothing,Cotton T-Shirt,2,0.0,2429.56,221.66,Standard,9.12,2024-05,2024
ORD-01800,2024-05-26,CUST-0855,Corporate,East,Furniture,Bean Bag,4,0.0,30132.16,3342.35,Standard,11.09,2024-05,2024
ORD-02548,2024-11-15,CUST-1338,Corporate,West,Clothing,Cotton T-Shirt,1,0.0,1214.78,110.83,Standard,9.12,2024-11,2024
ORD-01456,2024-10-11,CUST-0205,Consumer,North,Office Supplies,Whiteboard Marker Set,2,0.0,324.6,94.22,Standard,29.03,2024-10,2024
ORD-02839,2025-05-18,CUST-0047,Consumer,South,Clothing,Rain Jacket,2,0.0,2531.22,217.27,Standard,8.58,2025-05,2025
ORD-01931,2025-02-15,CUST-0723,Consumer,West,Electronics,USB-C Charger,1,0.0,2602.31,519.74,Standard,19.97,2025-02,2025
ORD-01780,2025-04-26,CUST-0445,Corporate,West,Furniture,Bed Side Table,2,0.0,10503.18,3063.28,Same Day,29.17,2025-04,2025
ORD-02672,2025-05-02,CUST-0778,Consumer,North,Clothing,Running Shoes,1,0.0,1063.11,254.67,Express,23.96,2025-05,2025
ORD-01656,2025-01-20,CUST-1142,Consumer,South,Clothing,Hoodie,1,0.0,1557.8,323.78,Standard,20.78,2025-01,2025
ORD-02777,2025-09-10,CUST-0151,Consumer,West,Office Supplies,Whiteboard Marker Set,1,0.1,146.07,38.02,Standard,26.03,2025-09,2025
ORD-01538,2024-06-28,CUST-0074,Consumer,East,Electronics,USB-C Charger,1,0.05,2472.19,456.67,Express,18.47,2024-06,2024
ORD-01611,2024-04-09,CUST-0696,Corporate,East,Office Supplies,Whiteboard Marker Set,1,0.0,162.3,47.11,Same Day,29.03,2024-04,2024
ORD-01410,2025-07-23,CUST-0408,Consumer,North,Furniture,Wall Shelf,1,0.0,8917.06,1764.81,Express,19.79,2025-07,2025
ORD-02358,2025-11-21,CUST-0281,Consumer,West,Furniture,Bed Side Table,1,0.0,5251.59,1531.64,Express,29.17,2025-11,2025
ORD-02885,2025-07-17,CUST-0429,Consumer,South,Furniture,Study Table,1,0.0,6547.2,770.82,Express,11.77,2025-07,2025
ORD-02892,2025-12-21,CUST-0041,Corporate,East,Electronics,Wireless Mouse,1,0.0,4779.36,503.88,Standard,10.54,2025-12,2025
ORD-02064,2024-12-10,CUST-0576,Corporate,East,Clothing,Hoodie,4,0.05,5919.64,1141.56,Standard,19.28,2024-12,2024
ORD-01356,2024-05-30,CUST-0247,Home Office,West,Furniture,Bookshelf,1,0.15,1106.36,249.37,Express,22.54,2024-05,2024
ORD-02260,2025-01-04,CUST-0390,Consumer,South,Electronics,Wireless Mouse,1,0.0,4779.36,503.88,Standard,10.54,2025-01,2025
ORD-02694,2025-11-29,CUST-0168,Consumer,North,Furniture,Study Table,2,0.05,12439.68,1277.97,Standard,10.27,2025-11,2025
ORD-01244,2024-06-25,CUST-0265,Consumer,North,Electronics,Power Bank 10000mAh,1,0.05,1541.99,379.1,Same Day,24.59,2024-06,2024
ORD-01175,2024-02-12,CUST-1353,Consumer,South,Electronics,Noise Cancelling Headphones,1,0.1,4224.3,1099.01,Standard,26.02,2024-02,2024
ORD-01666,2025-12-27,CUST-0834,Home Office,West,Furniture,Bean Bag,2,0.0,15066.08,1671.18,Express,11.09,2025-12,2025
ORD-02503,2025-11-23,CUST-0964,Consumer,West,Furniture,Bean Bag,1,0.0,7533.04,835.59,Express,11.09,2025-11,2025
ORD-01278,2025-10-23,CUST-0225,Corporate,East,Office Supplies,Whiteboard Marker Set,2,0.0,324.6,94.22,Standard,29.03,2025-10,2025
ORD-02489,2024-11-12,CUST-0971,Consumer,South,Furniture,Bean Bag,1,0.0,7533.04,835.59,Express,11.09,2024-11,2024
ORD-02836,2025-12-04,CUST-1125,Consumer,North,Office Supplies,Sticky Notes Pack,1,0.0,245.23,39.58,Standard,16.14,2025-12,2025
ORD-02369,2025-01-22,CUST-1357,Consumer,East,Electronics,Smartwatch,1,0.0,1651.05,436.58,Express,26.44,2025-01,2025
ORD-02065,2025-02-03,CUST-0200,Consumer,West,Furniture,Recliner Sofa,1,0.0,6837.7,654.65,Express,9.57,2025-02,2025
ORD-02128,2024-12-12,CUST-0679,Home Office,West,Clothing,Denim Jeans,1,0.0,527.49,125.89,Express,23.87,2024-12,2024
ORD-01564,2024-06-22,CUST-0618,Consumer,West,Office Supplies,Stapler,2,0.0,504.92,108.7,Standard,21.53,2024-06,2024
ORD-01436,2025-10-27,CUST-1167,Consumer,South,Electronics,Noise Cancelling Headphones,1,0.05,4458.99,1226.95,Standard,27.52,2025-10,2025
ORD-02231,2025-11-11,CUST-0455,Consumer,West,Furniture,Filing Cabinet,1,0.0,7701.13,1935.86,Standard,25.14,2025-11,2025
ORD-01474,2025-06-17,CUST-0456,Corporate,West,Electronics,Smartwatch,1,0.0,1651.05,436.58,Express,26.44,2025-06,2025
ORD-01806,2024-05-06,CUST-0958,Corporate,North,Clothing,Running Shoes,1,0.0,1063.11,254.67,Standard,23.96,2024-05,2024
ORD-01787,2025-05-03,CUST-0738,Consumer,East,Office Supplies,Desk Organizer,2,0.0,361.48,46.17,Express,12.77,2025-05,2025
ORD-02420,2025-05-25,CUST-0312,Consumer,West,Office Supplies,Ballpoint Pen Box,1,0.0,80.32,27.29,Standard,33.98,2025-05,2025
ORD-01182,2025-02-21,CUST-0304,Consumer,East,Furniture,Bed Side Table,1,0.1,4726.43,1236.68,Standard,26.17,2025-02,2025
ORD-02630,2024-12-26,CUST-1374,Consumer,South,Furniture,Bed Side Table,1,0.0,5251.59,1531.64,Standard,29.17,2024-12,2024
ORD-01970,2025-11-04,CUST-0172,Corporate,East,Electronics,Noise Cancelling Headphones,1,0.0,4693.67,1361.93,Standard,29.02,2025-11,2025
ORD-02759,2024-07-12,CUST-0065,Home Office,East,Clothing,Woolen Sweater,2,0.0,3798.78,1092.28,Express,28.75,2024-07,2024
ORD-02146,2025-01-13,CUST-0232,Corporate,West,Electronics,USB-C Charger,1,0.0,2602.31,519.74,Standard,19.97,2025-01,2025
ORD-01272,2025-06-24,CUST-0186,Home Office,North,Furniture,Office Chair,2,0.0,25381.92,7734.13,Same Day,30.47,2025-06,2025
ORD-01773,2025-07-20,CUST-1010,Consumer,North,Office Supplies,A4 Paper Ream,1,0.0,414.45,35.7,Standard,8.61,2025-07,2025
ORD-01545,2025-07-19,CUST-0278,Consumer,East,Clothing,Rain Jacket,1,0.0,1265.61,108.63,Standard,8.58,2025-07,2025
ORD-02151,2024-10-21,CUST-0154,Consumer,South,Furniture,Bean Bag,1,0.0,7533.04,835.59,Standard,11.09,2024-10,2024
ORD-02988,2025-03-30,CUST-1155,Corporate,South,Clothing,Rain Jacket,1,0.0,1265.61,108.63,Standard,8.58,2025-03,2025
ORD-01639,2025-11-14,CUST-0170,Home Office,North,Office Supplies,Sticky Notes Pack,4,0.0,980.92,158.33,Standard,16.14,2025-11,2025
ORD-02563,2025-10-24,CUST-1048,Corporate,South,Clothing,Sports Cap,2,0.0,3037.76,332.07,Standard,10.93,2025-10,2025
ORD-01999,2025-08-31,CUST-0612,Consumer,East,Office Supplies,File Folder Pack,1,0.05,156.97,48.46,Standard,30.87,2025-08,2025
ORD-01692,2024-07-17,CUST-1094,Consumer,South,Electronics,Noise Cancelling Headphones,1,0.0,4693.67,1361.93,Standard,29.02,2024-07,2024
ORD-01562,2025-12-26,CUST-1127,Home Office,South,Furniture,Filing Cabinet,2,0.0,15402.26,3871.73,Standard,25.14,2025-12,2025
ORD-02897,2024-04-23,CUST-0585,Consumer,West,Electronics,Laptop Stand,2,0.1,3288.76,725.33,Same Day,22.05,2024-04,2024
ORD-01724,2024-12-01,CUST-1196,Corporate,North,Electronics,USB-C Charger,1,0.1,2342.08,397.5,Standard,16.97,2024-12,2024
ORD-02471,2025-11-14,CUST-0427,Corporate,East,Furniture,Bed Side Table,1,0.15,4463.85,1101.02,Standard,24.67,2025-11,2025
ORD-02564,2025-02-22,CUST-0938,Consumer,North,Office Supplies,Ballpoint Pen Box,3,0.1,216.86,67.16,Standard,30.97,2025-02,2025
ORD-02879,2024-10-22,CUST-1045,Consumer,West,Clothing,Running Shoes,2,0.1,1913.6,400.99,Express,20.95,2024-10,2024
ORD-01005,2025-05-11,CUST-1225,Home Office,South,Office Supplies,Whiteboard Marker Set,1,0.0,162.3,47.11,Standard,29.03,2025-05,2025
ORD-02339,2025-03-22,CUST-0641,Consumer,South,Office Supplies,Sticky Notes Pack,1,0.0,245.23,39.58,Standard,16.14,2025-03,2025
ORD-02223,2025-12-28,CUST-0344,Consumer,South,Clothing,Hoodie,2,0.1,2804.04,498.68,Standard,17.78,2025-12,2025
ORD-02804,2024-06-23,CUST-0313,Corporate,East,Office Supplies,Whiteboard Marker Set,1,0.05,154.18,42.44,Standard,27.53,2024-06,2024
ORD-01872,2024-02-17,CUST-0826,Home Office,North,Furniture,Office Chair,1,0.0,12690.96,3867.06,Standard,30.47,2024-02,2024
ORD-01784,2024-11-17,CUST-1110,Home Office,North,Clothing,Hoodie,1,0.0,1557.8,323.78,Express,20.78,2024-11,2024
ORD-01116,2024-03-03,CUST-0244,Consumer,North,Clothing,Rain Jacket,1,0.0,1265.61,108.63,Standard,8.58,2024-03,2024
ORD-01347,2025-07-19,CUST-1103,Home Office,East,Furniture,Filing Cabinet,1,0.0,7701.13,1935.86,Standard,25.14,2025-07,2025
ORD-02107,2024-07-24,CUST-0650,Corporate,West,Furniture,Filing Cabinet,1,0.0,7701.13,1935.86,Express,25.14,2024-07,2024
ORD-02578,2024-12-04,CUST-0849,Consumer,West,Electronics,USB-C Charger,2,0.0,5204.62,1039.48,Standard,19.97,2024-12,2024
ORD-01159,2024-05-23,CUST-0575,Corporate,North,Furniture,Bean Bag,1,0.0,7533.04,835.59,Express,11.09,2024-05,2024
ORD-01523,2024-10-30,CUST-1148,Corporate,South,Office Supplies,Printer Ink Cartridge,1,0.0,370.95,92.51,Standard,24.94,2024-10,2024
ORD-02762,2024-11-25,CUST-0559,Consumer,South,Office Supplies,A4 Paper Ream,1,0.0,414.45,35.7,Standard,8.61,2024-11,2024
ORD-02905,2025-03-01,CUST-0238,Corporate,North,Electronics,USB-C Charger,1,0.0,2602.31,519.74,Standard,19.97,2025-03,2025
ORD-01729,2024-10-27,CUST-1189,Corporate,East,Office Supplies,Whiteboard Marker Set,2,0.0,324.6,94.22,Standard,29.03,2024-10,2024
ORD-01250,2024-10-02,CUST-1128,Consumer,East,Clothing,Cotton T-Shirt,1,0.0,1214.78,110.83,Standard,9.12,2024-10,2024
ORD-01770,2024-08-11,CUST-1260,Corporate,North,Electronics,Webcam HD,1,0.2,3697.38,542.7,Standard,14.68,2024-08,2024
ORD-02584,2025-07-15,CUST-1368,Consumer,West,Electronics,USB-C Charger,1,0.0,2602.31,519.74,Express,19.97,2025-07,2025
ORD-02627,2024-05-20,CUST-0638,Consumer,North,Electronics,Wireless Mouse,1,0.0,4779.36,503.88,Standard,10.54,2024-05,2024
ORD-01995,2025-08-20,CUST-0331,Corporate,West,Clothing,Denim Jeans,1,0.0,527.49,125.89,Standard,23.87,2025-08,2025
ORD-01835,2024-06-30,CUST-1191,Home Office,North,Electronics,Smartwatch,1,0.0,1651.05,436.58,Standard,26.44,2024-06,2024
ORD-01193,2025-02-06,CUST-0462,Consumer,East,Furniture,Bookshelf,2,0.0,2603.2,703.89,Express,27.04,2025-02,2025
ORD-01352,2024-01-23,CUST-0055,Corporate,East,Clothing,Sports Cap,1,0.0,1518.88,166.04,Express,10.93,2024-01,2024
ORD-01610,2024-01-17,CUST-0465,Corporate,South,Clothing,Hoodie,1,0.1,1402.02,226.6,Standard,16.16,2024-01,2024
ORD-02986,2025-11-10,CUST-0480,Corporate,West,Electronics,Smartwatch,1,0.0,1651.05,436.58,Standard,26.44,2025-11,2025
ORD-01618,2024-03-20,CUST-1197,Consumer,North,Electronics,Noise Cancelling Headphones,1,0.1,4224.3,1099.01,Standard,26.02,2024-03,2024
ORD-01954,2024-06-03,CUST-0731,Consumer,North,Office Supplies,A4 Paper Ream,4,0.0,1657.8,142.79,Standard,8.61,2024-06,2024
ORD-02899,2025-11-22,CUST-0524,Consumer,South,Furniture,Bed Side Table,1,0.0,5251.59,1531.64,Standard,29.17,2025-11,2025
ORD-02347,2024-11-01,CUST-0256,Consumer,North,Office Supplies,Stapler,1,0.1,227.21,42.1,Standard,18.53,2024-11,2024
ORD-01643,2025-06-03,CUST-0196,Consumer,North,Office Supplies,Stapler,4,0.0,1009.84,217.4,Express,21.53,2025-06,2025
ORD-01590,2025-12-10,CUST-0070,Consumer,South,Electronics,Power Bank 10000mAh,1,0.0,1623.15,423.4,Same Day,26.09,2025-12,2025
ORD-01339,2024-11-08,CUST-0987,Consumer,North,Clothing,Woolen Sweater,1,0.0,1899.39,546.14,Standard,28.75,2024-11,2024
ORD-01851,2024-11-29,CUST-0355,Consumer,North,Electronics,Wireless Mouse,4,0.05,18161.57,1642.31,Standard,9.04,2024-11,2024
ORD-02131,2025-07-25,CUST-0668,Home Office,West,Clothing,Rain Jacket,1,0.0,1265.61,108.63,Standard,8.58,2025-07,2025
ORD-02669,2024-07-12,CUST-0340,Consumer,South,Furniture,Recliner Sofa,1,0.0,6837.7,654.65,Same Day,9.57,2024-07,2024
ORD-01997,2024-09-11,CUST-0843,Consumer,West,Clothing,Woolen Sweater,1,0.0,1899.39,546.14,Standard,28.75,2024-09,2024
ORD-01479,2025-03-13,CUST-0884,Home Office,North,Office Supplies,Sticky Notes Pack,3,0.0,735.69,118.75,Standard,16.14,2025-03,2025
ORD-02166,2024-12-08,CUST-1103,Home Office,North,Furniture,Bean Bag,1,0.0,7533.04,835.59,Standard,11.09,2024-12,2024
ORD-01756,2025-04-06,CUST-1176,Consumer,West,Office Supplies,Printer Ink Cartridge,3,0.0,1112.85,237.68,Standard,21.36,2025-04,2025
ORD-01262,2025-05-29,CUST-0061,Corporate,West,Clothing,Woolen Sweater,1,0.0,1899.39,546.14,Same Day,28.75,2025-05,2025
ORD-01897,2024-06-04,CUST-0964,Consumer,East,Office Supplies,Whiteboard Marker Set,2,0.0,324.6,94.22,Standard,29.03,2024-06,2024
ORD-01322,2024-01-17,CUST-0446,Consumer,West,Furniture,Bed Side Table,2,0.0,10503.18,3063.28,Standard,29.17,2024-01,2024
ORD-02121,2024-02-23,CUST-0563,Home Office,North,Clothing,Rain Jacket,2,0.0,2531.22,217.27,Standard,8.58,2024-02,2024
ORD-01522,2024-05-04,CUST-1360,Home Office,West,Electronics,Bluetooth Speaker,2,0.2,9389.38,1329.58,Standard,14.16,2024-05,2024
ORD-02890,2025-10-13,CUST-0872,Corporate,North,Office Supplies,Ballpoint Pen Box,1,0.15,68.27,20.12,Standard,29.47,2025-10,2025
ORD-02495,2024-10-11,CUST-1126,Consumer,North,Electronics,Webcam HD,2,0.05,8781.27,1684.07,Standard,19.18,2024-10,2024
ORD-02404,2024-12-22,CUST-0171,Consumer,East,Electronics,Wireless Mouse,1,0.1,4301.42,324.45,Standard,7.54,2024-12,2024
ORD-01464,2024-08-12,CUST-0763,Consumer,North,Electronics,USB-C Charger,1,0.0,2602.31,519.74,Standard,19.97,2024-08,2024
ORD-03031,2024-09-24,CUST-0570,Corporate,North,Office Supplies,Printer Ink Cartridge,2,0.2,593.52,112.4,Standard,18.94,2024-09,2024
ORD-01592,2025-05-14,CUST-0619,Consumer,East,Electronics,Wireless Mouse,1,0.0,4779.36,503.88,Standard,10.54,2025-05,2025
ORD-01363,2025-11-08,CUST-0406,Consumer,West,Clothing,Rain Jacket,1,0.0,1265.61,108.63,Standard,8.58,2025-11,2025
ORD-02720,2024-12-11,CUST-0899,Consumer,West,Clothing,Running Shoes,1,0.0,1063.11,254.67,Express,23.96,2024-12,2024
ORD-02137,2024-04-08,CUST-0002,Consumer,North,Electronics,USB-C Charger,1,0.0,2602.31,519.74,Express,19.97,2024-04,2024
ORD-02282,2024-05-01,CUST-0753,Consumer,East,Electronics,Smartwatch,2,0.0,3302.1,873.15,Standard,26.44,2024-05,2024
ORD-01888,2025-07-26,CUST-0612,Consumer,North,Furniture,Bookshelf,2,0.0,2603.2,703.89,Standard,27.04,2025-07,2025
ORD-01795,2024-04-14,CUST-1299,Consumer,South,Electronics,USB-C Charger,1,0.0,2602.31,519.74,Standard,19.97,2024-04,2024
ORD-02954,2024-10-10,CUST-0161,Consumer,South,Office Supplies,Printer Ink Cartridge,1,0.1,333.86,73.24,Express,21.94,2024-10,2024
ORD-02807,2025-12-30,CUST-0293,Consumer,North,Electronics,USB-C Charger,2,0.0,5204.62,1039.48,Same Day,19.97,2025-12,2025
ORD-01521,2025-07-25,CUST-0597,Consumer,East,Office Supplies,Desk Organizer,1,0.05,171.7,19.36,Standard,11.28,2025-07,2025
ORD-02706,2024-06-12,CUST-0206,Corporate,North,Clothing,Hoodie,1,0.0,1557.8,323.78,Standard,20.78,2024-06,2024
ORD-01458,2025-07-12,CUST-1151,Home Office,South,Office Supplies,File Folder Pack,1,0.0,165.23,53.49,Standard,32.37,2025-07,2025
ORD-02549,2025-08-31,CUST-1060,Consumer,South,Electronics,Laptop Stand,1,0.0,1827.09,457.78,Express,25.06,2025-08,2025
ORD-02048,2025-01-16,CUST-1152,Corporate,West,Electronics,Noise Cancelling Headphones,1,0.0,4693.67,1361.93,Standard,29.02,2025-01,2025
ORD-01292,2024-11-08,CUST-0583,Corporate,East,Electronics,Webcam HD,1,0.05,4390.63,842.04,Standard,19.18,2024-11,2024
ORD-01161,2024-06-17,CUST-0038,Consumer,West,Office Supplies,Sticky Notes Pack,2,0.1,441.41,58.0,Standard,13.14,2024-06,2024
ORD-02643,2024-12-14,CUST-0284,Consumer,North,Electronics,Noise Cancelling Headphones,1,0.0,4693.67,1361.93,Standard,29.02,2024-12,2024
ORD-01595,2025-04-12,CUST-1279,Consumer,East,Electronics,Smartwatch,2,0.15,2806.78,615.87,Express,21.94,2025-04,2025
ORD-02216,2025-02-01,CUST-0744,Corporate,North,Clothing,Sports Cap,1,0.0,1518.88,166.04,Standard,10.93,2025-02,2025
ORD-02957,2024-01-26,CUST-1250,Consumer,North,Electronics,Smartwatch,1,0.0,1651.05,436.58,Standard,26.44,2024-01,2024
ORD-01910,2024-04-04,CUST-0923,Consumer,South,Clothing,Cotton T-Shirt,1,0.05,1154.04,87.98,Standard,7.62,2024-04,2024
ORD-01890,2024-03-15,CUST-1145,Consumer,East,Furniture,Bed Side Table,1,0.2,4201.27,973.23,Standard,23.17,2024-03,2024
ORD-02668,2025-10-04,CUST-0776,Corporate,West,Furniture,Bed Side Table,1,0.0,5251.59,1531.64,Standard,29.17,2025-10,2025
ORD-01226,2024-03-17,CUST-0592,Home Office,North,Furniture,Recliner Sofa,2,0.2,10940.32,391.03,Standard,3.57,2024-03,2024
ORD-02319,2024-08-16,CUST-0618,Corporate,East,Electronics,USB-C Charger,1,0.0,2602.31,519.74,Standard,19.97,2024-08,2024
ORD-02288,2025-08-14,CUST-1105,Consumer,East,Electronics,Power Bank 10000mAh,1,0.0,1623.15,423.4,Standard,26.09,2025-08,2025
ORD-02490,2025-11-23,CUST-0475,Consumer,East,Electronics,Wireless Mouse,2,0.0,9558.72,1007.76,Standard,10.54,2025-11,2025
ORD-02146,2025-01-13,CUST-0232,Corporate,West,Electronics,Smartwatch,1,0.0,1651.05,436.58,Standard,26.44,2025-01,2025
ORD-01313,2025-01-07,CUST-1114,Corporate,East,Clothing,Cotton T-Shirt,1,0.15,1032.56,47.74,Standard,4.62,2025-01,2025
ORD-02625,2024-05-03,CUST-1177,Corporate,North,Furniture,Wall Shelf,1,0.0,8917.06,1764.81,Standard,19.79,2024-05,2024
ORD-02996,2024-06-28,CUST-1158,Home Office,North,Electronics,Smartwatch,3,0.0,4953.15,1309.73,Standard,26.44,2024-06,2024
ORD-02636,2025-05-19,CUST-1204,Consumer,East,Clothing,Formal Shirt,4,0.0,8088.08,827.71,Express,10.23,2025-05,2025
ORD-01140,2025-01-21,CUST-0369,Consumer,South,Furniture,Bookshelf,1,0.0,1301.6,351.95,Standard,27.04,2025-01,2025
ORD-03018,2025-09-23,CUST-0156,Home Office,East,Furniture,Bed Side Table,3,0.0,15754.77,4594.92,Standard,29.17,2025-09,2025
ORD-01914,2025-02-13,CUST-0135,Consumer,East,Furniture,Wall Shelf,2,0.05,16942.41,3099.0,Standard,18.29,2025-02,2025
ORD-01079,2024-12-22,CUST-0968,Corporate,South,Clothing,Cotton T-Shirt,2,0.0,2429.56,221.66,Standard,9.12,2024-12,2024
ORD-01870,2024-07-04,CUST-1389,Home Office,East,Clothing,Denim Jeans,1,0.1,474.74,99.06,Standard,20.87,2024-07,2024
ORD-01822,2024-05-08,CUST-0115,Consumer,South,Office Supplies,Printer Ink Cartridge,1,0.0,370.95,92.51,Standard,24.94,2024-05,2024
ORD-02292,2025-03-13,CUST-1287,Home Office,East,Clothing,Running Shoes,1,0.0,1063.11,254.67,Standard,23.96,2025-03,2025
ORD-01050,2025-11-14,CUST-0094,Corporate,South,Furniture,Office Chair,1,0.1,11421.86,3137.7,Standard,27.47,2025-11,2025
ORD-02684,2024-04-23,CUST-0475,Corporate,North,Furniture,Filing Cabinet,1,0.0,7701.13,1935.86,Standard,25.14,2024-04,2024
ORD-01211,2025-11-24,CUST-0859,Consumer,South,Electronics,Laptop Stand,1,0.0,1827.09,457.78,Express,25.06,2025-11,2025
ORD-01694,2025-05-18,CUST-0009,Consumer,West,Electronics,Laptop Stand,1,0.0,1827.09,457.78,Standard,25.06,2025-05,2025
ORD-02726,2024-02-16,CUST-0745,Corporate,West,Electronics,Webcam HD,1,0.0,4621.72,955.68,Standard,20.68,2024-02,2024
ORD-01500,2025-06-18,CUST-1358,Consumer,South,Furniture,Bookshelf,1,0.0,1301.6,351.95,Standard,27.04,2025-06,2025
ORD-01022,2025-12-01,CUST-0538,Consumer,North,Electronics,Power Bank 10000mAh,1,0.0,1623.15,423.4,Express,26.09,2025-12,2025
ORD-01865,2024-08-07,CUST-0736,Consumer,South,Furniture,Recliner Sofa,2,0.0,13675.4,1309.31,Standard,9.57,2024-08,2024
ORD-01500,2025-06-18,CUST-1358,Consumer,South,Electronics,USB-C Charger,2,0.05,4944.39,913.34,Standard,18.47,2025-06,2025
ORD-01730,2025-09-23,CUST-1212,Corporate,West,Clothing,Cotton T-Shirt,1,0.1,1093.3,66.95,Same Day,6.12,2025-09,2025
ORD-01066,2025-06-19,CUST-0650,Home Office,North,Electronics,Power Bank 10000mAh,1,0.1,1460.84,337.23,Express,23.08,2025-06,2025
ORD-02174,2024-06-23,CUST-0622,Home Office,East,Electronics,Smartwatch,1,0.0,1651.05,436.58,Standard,26.44,2024-06,2024
ORD-02309,2025-03-24,CUST-0370,Consumer,North,Furniture,Office Chair,1,0.0,12690.96,3867.06,Express,30.47,2025-03,2025
ORD-02944,2025-12-11,CUST-0429,Corporate,West,Office Supplies,Whiteboard Marker Set,1,0.0,162.3,47.11,Express,29.03,2025-12,2025
ORD-01126,2025-10-19,CUST-0621,Corporate,North,Office Supplies,File Folder Pack,1,0.1,148.71,31.76,Standard,21.36,2025-10,2025
ORD-01674,2025-11-10,CUST-0932,Consumer,East,Electronics,Power Bank 10000mAh,1,0.0,1623.15,344.89,Same Day,21.25,2025-11,2025
ORD-01921,2024-02-07,CUST-1132,Corporate,East,Furniture,Recliner Sofa,1,0.0,6837.7,654.65,Standard,9.57,2024-02,2024
ORD-02688,2024-08-14,CUST-0621,Corporate,South,Clothing,Hoodie,2,0.05,2959.82,570.78,Standard,19.28,2024-08,2024
ORD-03053,2024-08-02,CUST-0200,Home Office,West,Furniture,Bookshelf,1,0.0,1301.6,351.95,Same Day,27.04,2024-08,2024
ORD-02910,2024-10-07,CUST-0303,Consumer,East,Office Supplies,Stapler,1,0.0,252.46,54.35,Standard,21.53,2024-10,2024
ORD-02383,2025-02-02,CUST-0082,Consumer,South,Office Supplies,Sticky Notes Pack,1,0.1,220.71,29.0,Express,13.14,2025-02,2025
ORD-02113,2024-02-25,CUST-0020,Consumer,South,Clothing,Denim Jeans,1,0.15,448.37,86.83,Standard,19.37,2024-02,2024
ORD-02480,2025-07-24,CUST-0493,Corporate,East,Furniture,Office Chair,1,0.0,25381.92,7734.13,Express,30.47,2025-07,2025
ORD-02582,2025-04-11,CUST-1297,Corporate,East,Office Supplies,A4 Paper Ream,1,0.0,414.45,35.7,Standard,8.61,2025-04,2025
ORD-02058,2024-02-07,CUST-0323,Home Office,North,Electronics,USB-C Charger,1,0.0,2602.31,519.74,Standard,19.97,2024-02,2024
ORD-01393,2024-08-05,CUST-1285,Consumer,West,Clothing,Woolen Sweater,2,0.0,3798.78,1092.28,Standard,28.75,2024-08,2024
ORD-01286,2025-10-09,CUST-0696,Home Office,North,Office Supplies,Stapler,1,0.0,252.46,54.35,Standard,21.53,2025-10,2025
ORD-02269,2024-02-15,CUST-0296,Consumer,North,Electronics,USB-C Charger,1,0.0,2602.31,519.74,Standard,19.97,2024-02,2024
ORD-01756,2025-04-06,CUST-1176,Consumer,West,Clothing,Sports Cap,1,0.05,1442.94,136.09,Standard,9.43,2025-04,2025
ORD-02518,2025-09-24,CUST-1145,Home Office,West,Clothing,Sports Cap,1,0.05,1442.94,136.09,Standard,9.43,2025-09,2025
ORD-01265,2024-10-06,CUST-1007,Home Office,West,Office Supplies,A4 Paper Ream,1,0.0,414.45,35.7,Standard,8.61,2024-10,2024
ORD-02934,2025-11-04,CUST-1302,Corporate,East,Office Supplies,Whiteboard Marker Set,1,0.0,162.3,47.11,Standard,29.03,2025-11,2025
ORD-02544,2025-08-16,CUST-1252,Home Office,East,Clothing,Cotton T-Shirt,2,0.05,2308.08,175.96,Standard,7.62,2025-08,2025
ORD-02387,2025-03-07,CUST-0492,Consumer,West,Furniture,Study Table,2,0.1,11784.96,1033.93,Standard,8.77,2025-03,2025
ORD-01957,2025-06-15,CUST-1274,Consumer,East,Office Supplies,Stapler,1,0.0,252.46,54.35,Express,21.53,2025-06,2025
ORD-01141,2024-01-02,CUST-1004,Home Office,South,Office Supplies,Printer Ink Cartridge,2,0.0,741.9,185.01,Express,24.94,2024-01,2024
ORD-02454,2025-06-21,CUST-0930,Home Office,South,Furniture,Filing Cabinet,4,0.0,30804.52,7743.45,Express,25.14,2025-06,2025
ORD-01361,2025-11-03,CUST-1047,Home Office,East,Office Supplies,Desk Organizer,1,0.0,180.74,23.09,Express,12.78,2025-11,2025
ORD-01832,2024-11-14,CUST-0230,Corporate,North,Clothing,Cotton T-Shirt,1,0.0,1214.78,110.83,Same Day,9.12,2024-11,2024
ORD-02058,2024-02-07,CUST-0323,Home Office,North,Office Supplies,A4 Paper Ream,2,0.0,828.9,71.4,Standard,8.61,2024-02,2024
ORD-01265,2024-10-06,CUST-1007,Home Office,West,Electronics,Power Bank 10000mAh,1,0.0,1623.15,423.4,Standard,26.09,2024-10,2024
ORD-01881,2024-01-29,CUST-0738,Consumer,North,Furniture,Recliner Sofa,1,0.0,6837.7,654.65,Standard,9.57,2024-01,2024
ORD-01387,2025-03-01,CUST-0855,Consumer,East,Office Supplies,Stapler,1,0.05,239.84,48.04,Express,20.03,2025-03,2025
ORD-02263,2024-06-12,CUST-0443,Consumer,East,Office Supplies,Printer Ink Cartridge,2,0.05,704.8,165.19,Standard,23.44,2024-06,2024
ORD-01017,2025-07-24,CUST-0616,Corporate,East,Clothing,Denim Jeans,1,0.0,527.49,125.89,Express,23.87,2025-07,2025
ORD-01013,2025-10-09,CUST-1120,Consumer,East,Furniture,Office Chair,1,0.1,11421.86,3137.7,Express,27.47,2025-10,2025
ORD-01452,2024-07-15,CUST-0198,Home Office,East,Office Supplies,A4 Paper Ream,1,0.0,414.45,35.7,Express,8.61,2024-07,2024
ORD-01044,2025-12-07,CUST-0737,Corporate,East,Clothing,Sports Cap,1,0.0,1518.88,166.04,Standard,10.93,2025-12,2025
ORD-02740,2024-11-01,CUST-0208,Corporate,North,Electronics,USB-C Charger,1,0.1,2342.08,397.5,Same Day,16.97,2024-11,2024
ORD-02252,2025-10-19,CUST-0308,Consumer,South,Furniture,Bed Side Table,1,0.0,5251.59,1531.64,Express,29.17,2025-10,2025
ORD-02147,2025-08-19,CUST-1160,Home Office,North,Clothing,Cotton T-Shirt,2,0.0,2429.56,221.66,Same Day,9.12,2025-08,2025
ORD-02277,2024-12-25,CUST-0095,Corporate,West,Furniture,Study Table,1,0.0,6547.2,770.82,Standard,11.77,2024-12,2024
ORD-02362,2024-09-13,CUST-1217,Consumer,South,Electronics,Smartwatch,1,0.0,1651.05,436.58,Express,26.44,2024-09,2024
ORD-01865,2024-08-07,CUST-0736,Consumer,South,Office Supplies,Whiteboard Marker Set,1,0.0,162.3,47.11,Standard,29.03,2024-08,2024
ORD-01443,2025-07-28,CUST-0295,Corporate,North,Office Supplies,Desk Organizer,1,0.0,180.74,23.09,Standard,12.78,2025-07,2025
ORD-01070,2025-01-01,CUST-1203,Consumer,South,Electronics,Laptop Stand,1,0.0,1827.09,457.78,Standard,25.06,2025-01,2025
ORD-01848,2025-01-06,CUST-0791,Home Office,East,Electronics,USB-C Charger,2,0.0,5204.62,1039.48,Standard,19.97,2025-01,2025
ORD-01549,2025-01-08,CUST-0632,Consumer,North,Office Supplies,Printer Ink Cartridge,1,0.1,333.86,73.24,Standard,21.94,2025-01,2025
ORD-02053,2025-05-13,CUST-0041,Home Office,South,Electronics,Noise Cancelling Headphones,1,0.0,4693.67,1361.93,Same Day,29.02,2025-05,2025
ORD-01921,2024-02-07,CUST-1132,Corporate,East,Office Supplies,Desk Organizer,3,0.0,542.22,69.26,Standard,12.77,2024-02,2024
ORD-01468,2024-03-28,CUST-0347,Consumer,East,Electronics,Power Bank 10000mAh,1,0.15,1379.68,297.8,Express,21.58,2024-03,2024
ORD-01268,2025-09-22,CUST-0242,Corporate,North,Office Supplies,File Folder Pack,1,0.0,165.23,53.49,Standard,32.37,2025-09,2025
ORD-03018,2025-09-23,CUST-0156,Home Office,East,Clothing,Rain Jacket,4,0.05,4809.32,340.67,Standard,7.08,2025-09,2025
ORD-02336,2024-08-22,CUST-1330,Corporate,East,Electronics,USB-C Charger,1,0.0,2602.31,519.74,Express,19.97,2024-08,2024
ORD-02638,2025-12-17,CUST-0933,Consumer,South,Office Supplies,File Folder Pack,1,0.15,140.45,39.14,Standard,27.87,2025-12,2025
ORD-01407,2024-11-12,CUST-0958,Consumer,South,Furniture,Office Chair,1,0.05,12056.41,3492.86,Standard,28.97,2024-11,2024
ORD-03030,2025-02-02,CUST-0104,Consumer,North,Electronics,Wireless Mouse,1,0.0,4779.36,503.88,Standard,10.54,2025-02,2025
ORD-01195,2025-09-29,CUST-0075,Consumer,South,Electronics,Wireless Mouse,1,0.1,4301.42,324.45,Standard,7.54,2025-09,2025
ORD-01249,2024-02-09,CUST-1030,Consumer,West,Electronics,Smartwatch,1,0.0,1651.05,436.58,Standard,26.44,2024-02,2024
ORD-01849,2024-05-17,CUST-0373,Corporate,North,Electronics,Laptop Stand,1,0.0,1827.09,457.78,Same Day,25.06,2024-05,2024
ORD-01553,2024-06-02,CUST-0338,Consumer,East,Clothing,Hoodie,1,0.0,1557.8,323.78,Same Day,20.78,2024-06,2024
ORD-01303,2025-11-15,CUST-1364,Corporate,South,Office Supplies,Ballpoint Pen Box,2,0.1,144.58,44.78,Standard,30.97,2025-11,2025
ORD-02302,2025-10-23,CUST-0463,Corporate,East,Clothing,Sports Cap,2,0.0,3037.76,332.07,Standard,10.93,2025-10,2025
ORD-02923,2025-05-11,CUST-0173,Consumer,South,Clothing,Cotton T-Shirt,1,0.0,1214.78,110.83,Standard,9.12,2025-05,2025
ORD-01798,2024-05-17,CUST-0413,Corporate,North,Electronics,Laptop Stand,2,0.0,3654.18,915.55,Express,25.05,2024-05,2024
ORD-01252,2024-01-22,CUST-0931,Corporate,North,Office Supplies,Desk Organizer,2,0.05,343.41,38.71,Standard,11.27,2024-01,2024
ORD-01890,2024-03-15,CUST-1145,Consumer,East,Office Supplies,Ballpoint Pen Box,1,0.2,64.26,17.97,Standard,27.96,2024-03,2024
ORD-01295,2024-12-30,CUST-0258,Corporate,North,Office Supplies,Ballpoint Pen Box,1,0.15,68.27,20.12,Express,29.47,2024-12,2024
ORD-01893,2025-01-02,CUST-1066,Consumer,West,Furniture,Study Table,1,0.0,6547.2,770.82,Standard,11.77,2025-01,2025
ORD-01308,2025-01-14,CUST-0548,Consumer,North,Electronics,Webcam HD,2,0.0,9243.44,1911.36,Standard,20.68,2025-01,2025
ORD-02416,2024-07-06,CUST-0156,Consumer,East,Office Supplies,Printer Ink Cartridge,1,0.0,370.95,92.51,Standard,24.94,2024-07,2024
ORD-02607,2024-02-16,CUST-0447,Consumer,North,Office Supplies,Whiteboard Marker Set,1,0.0,162.3,47.11,Express,29.03,2024-02,2024
ORD-01328,2024-04-03,CUST-0079,Consumer,North,Electronics,Laptop Stand,1,0.0,1827.09,388.23,Standard,21.25,2024-04,2024
ORD-02654,2024-10-06,CUST-0342,Home Office,West,Furniture,Recliner Sofa,1,0.0,6837.7,654.65,Standard,9.57,2024-10,2024
ORD-02798,2025-03-11,CUST-0614,Consumer,South,Office Supplies,Desk Organizer,1,0.05,171.7,19.36,Express,11.28,2025-03,2025
ORD-01908,2025-04-29,CUST-1190,Consumer,East,Office Supplies,Stapler,2,0.0,504.92,108.7,Same Day,21.53,2025-04,2025
ORD-03008,2025-11-12,CUST-0241,Consumer,East,Office Supplies,Printer Ink Cartridge,1,0.1,333.86,73.24,Standard,21.94,2025-11,2025
ORD-02068,2024-02-20,CUST-1022,Corporate,East,Office Supplies,Desk Organizer,1,0.2,144.59,9.79,Standard,6.77,2024-02,2024
ORD-01989,2025-07-11,CUST-1227,Corporate,West,Clothing,Cotton T-Shirt,1,0.0,1214.78,110.83,Standard,9.12,2025-07,2025
ORD-02468,2025-07-20,CUST-0061,Corporate,South,Electronics,Smartwatch,2,0.0,3302.1,873.15,Standard,26.44,2025-07,2025
ORD-02921,2024-09-26,CUST-0474,Consumer,West,Electronics,Wireless Mouse,1,0.0,4779.36,503.88,Express,10.54,2024-09,2024
ORD-02543,2024-05-20,CUST-0265,Home Office,East,Electronics,Smartwatch,1,0.05,1568.5,391.22,Standard,24.94,2024-05,2024
ORD-01774,2024-11-10,CUST-1236,Consumer,West,Furniture,Study Table,2,0.0,13094.4,1541.65,Standard,11.77,2024-11,2024
ORD-01231,2024-07-30,CUST-0767,Consumer,South,Electronics,Laptop Stand,1,0.15,1553.03,319.22,Standard,20.55,2024-07,2024
ORD-01470,2025-11-06,CUST-0696,Consumer,East,Office Supplies,Sticky Notes Pack,3,0.0,735.69,118.75,Standard,16.14,2025-11,2025
ORD-02605,2025-07-03,CUST-0492,Corporate,North,Electronics,Laptop Stand,1,0.0,1827.09,457.78,Standard,25.06,2025-07,2025
ORD-01204,2024-01-23,CUST-0539,Consumer,South,Electronics,Power Bank 10000mAh,1,0.15,1379.68,297.8,Express,21.58,2024-01,2024
ORD-02857,2025-12-23,CUST-0758,Corporate,North,Clothing,Sports Cap,1,0.0,1518.88,166.04,Express,10.93,2025-12,2025
ORD-02932,2024-06-14,CUST-1237,Consumer,West,Electronics,Wireless Mouse,1,0.0,4779.36,503.88,Express,10.54,2024-06,2024
ORD-01967,2025-11-25,CUST-0214,Corporate,South,Office Supplies,Whiteboard Marker Set,1,0.0,162.3,47.11,Standard,29.03,2025-11,2025
ORD-01722,2024-06-24,CUST-0485,Corporate,North,Electronics,Wireless Mouse,1,0.0,4779.36,503.88,Standard,10.54,2024-06,2024
ORD-02876,2024-08-13,CUST-0046,Corporate,West,Office Supplies,File Folder Pack,1,0.0,165.23,53.49,Standard,32.37,2024-08,2024
ORD-02830,2025-12-22,CUST-0118,Consumer,South,Office Supplies,A4 Paper Ream,1,0.0,414.45,35.7,Standard,8.61,2025-12,2025
ORD-02205,2024-03-30,CUST-0945,Consumer,East,Office Supplies,Ballpoint Pen Box,1,0.0,80.32,27.29,Standard,33.98,2024-03,2024
ORD-01955,2024-10-24,CUST-0767,Home Office,North,Electronics,Webcam HD,1,0.05,4390.63,842.04,Express,19.18,2024-10,2024
ORD-02247,2025-09-19,CUST-1285,Home Office,North,Electronics,Power Bank 10000mAh,1,0.0,1623.15,423.4,Standard,26.09,2025-09,2025
ORD-01055,2025-10-24,CUST-0357,Consumer,North,Furniture,Bed Side Table,2,0.0,10503.18,3063.28,Same Day,29.17,2025-10,2025
ORD-02877,2025-07-22,CUST-0932,Corporate,North,Furniture,Bean Bag,3,0.05,21469.16,2059.39,Standard,9.59,2025-07,2025
ORD-01589,2024-02-09,CUST-0960,Home Office,North,Electronics,USB-C Charger,2,0.0,5204.62,1039.48,Same Day,19.97,2024-02,2024
ORD-01772,2024-12-27,CUST-0063,Corporate,East,Furniture,Office Chair,2,0.0,25381.92,7734.13,Express,30.47,2024-12,2024
ORD-02231,2025-11-11,CUST-0455,Consumer,West,Furniture,Office Chair,2,0.0,25381.92,7734.13,Standard,30.47,2025-11,2025
ORD-01478,2024-07-29,CUST-0349,Consumer,East,Office Supplies,Printer Ink Cartridge,1,0.05,352.4,82.59,Express,23.44,2024-07,2024
ORD-02474,2025-01-16,CUST-0458,Consumer,North,Electronics,Noise Cancelling Headphones,1,0.0,4693.67,1361.93,Standard,29.02,2025-01,2025
ORD-01661,2024-02-25,CUST-0291,Corporate,North,Office Supplies,Printer Ink Cartridge,1,0.0,370.95,92.51,Standard,24.94,2024-02,2024
ORD-01758,2024-05-01,CUST-0509,Consumer,East,Office Supplies,Printer Ink Cartridge,1,0.0,370.95,92.51,Express,24.94,2024-05,2024
ORD-02808,2025-10-27,CUST-1323,Consumer,West,Furniture,Bean Bag,1,0.2,6026.43,306.88,Express,5.09,2025-10,2025
ORD-02906,2024-04-26,CUST-1202,Corporate,North,Office Supplies,Ballpoint Pen Box,2,0.0,160.64,54.57,Standard,33.97,2024-04,2024
ORD-01439,2025-09-13,CUST-0070,Corporate,East,Office Supplies,Desk Organizer,1,0.0,180.74,23.09,Same Day,12.78,2025-09,2025
ORD-01009,2025-06-07,CUST-0892,Consumer,West,Office Supplies,Whiteboard Marker Set,1,0.1,146.07,38.02,Standard,26.03,2025-06,2025
ORD-02086,2025-02-15,CUST-1376,Home Office,East,Clothing,Sports Cap,1,0.0,1518.88,166.04,Standard,10.93,2025-02,2025
ORD-01323,2025-02-20,CUST-1310,Corporate,East,Office Supplies,File Folder Pack,1,0.0,165.23,53.49,Standard,32.37,2025-02,2025
ORD-01109,2024-08-01,CUST-1039,Consumer,South,Clothing,Denim Jeans,2,0.0,1054.98,251.79,Standard,23.87,2024-08,2024
ORD-02192,2024-03-04,CUST-0864,Corporate,North,Electronics,Wireless Mouse,1,0.0,4779.36,503.88,Standard,10.54,2024-03,2024
ORD-02040,2025-04-03,CUST-0176,Consumer,East,Office Supplies,Whiteboard Marker Set,1,0.0,162.3,47.11,Standard,29.03,2025-04,2025
ORD-01156,2025-10-30,CUST-1067,Consumer,North,Furniture,Wall Shelf,1,0.0,8917.06,1764.81,Standard,19.79,2025-10,2025
ORD-01922,2024-11-30,CUST-1094,Consumer,North,Electronics,Laptop Stand,2,0.0,3654.18,915.55,Express,25.05,2024-11,2024
ORD-02833,2024-07-08,CUST-0842,Consumer,North,Clothing,Running Shoes,1,0.0,1063.11,254.67,Express,23.96,2024-07,2024
ORD-02323,2025-07-22,CUST-0571,Corporate,North,Office Supplies,Printer Ink Cartridge,1,0.0,370.95,92.51,Same Day,24.94,2025-07,2025
ORD-01551,2025-10-01,CUST-0468,Consumer,North,Electronics,Power Bank 10000mAh,1,0.0,1623.15,423.4,Express,26.09,2025-10,2025
ORD-02164,2024-01-20,CUST-0738,Corporate,South,Furniture,Bed Side Table,2,0.0,10503.18,3063.28,Express,29.17,2024-01,2024
ORD-01024,2025-05-30,CUST-0692,Corporate,East,Clothing,Cotton T-Shirt,1,0.0,1214.78,110.83,Express,9.12,2025-05,2025
ORD-01574,2024-01-11,CUST-0810,Consumer,East,Electronics,Noise Cancelling Headphones,1,0.0,4693.67,1361.93,Standard,29.02,2024-01,2024
ORD-01312,2025-07-17,CUST-0241,Consumer,East,Office Supplies,Stapler,2,0.0,504.92,108.7,Standard,21.53,2025-07,2025
ORD-02185,2024-02-20,CUST-1167,Consumer,North,Furniture,Bean Bag,1,0.0,7533.04,835.59,Standard,11.09,2024-02,2024
ORD-02649,2024-11-15,CUST-0399,Corporate,West,Office Supplies,Ballpoint Pen Box,1,0.15,68.27,20.12,Express,29.47,2024-11,2024
ORD-01752,2024-05-10,CUST-0679,Consumer,East,Office Supplies,Desk Organizer,2,0.0,361.48,46.17,Express,12.77,2024-05,2024
ORD-02926,2024-01-14,CUST-1211,Consumer,South,Electronics,USB-C Charger,1,0.15,2211.96,342.24,Standard,15.47,2024-01,2024
ORD-02723,2024-12-03,CUST-0582,Corporate,North,Clothing,Denim Jeans,1,0.0,527.49,125.89,Standard,23.87,2024-12,2024
ORD-01266,2024-08-27,CUST-0475,Consumer,North,Office Supplies,Sticky Notes Pack,1,0.1,441.41,58.0,Standard,13.14,2024-08,2024
ORD-01794,2025-12-22,CUST-0592,Corporate,North,Electronics,Bluetooth Speaker,2,0.0,11736.72,2366.17,Standard,20.16,2025-12,2025
ORD-02756,2024-12-13,CUST-1260,Consumer,East,Electronics,Laptop Stand,2,0.0,3654.18,915.55,Same Day,25.05,2024-12,2024
ORD-02724,2025-02-02,CUST-0293,Consumer,West,Clothing,Hoodie,2,0.0,3115.6,647.55,Standard,20.78,2025-02,2025
ORD-01041,2024-07-16,CUST-0947,Consumer,East,Electronics,Noise Cancelling Headphones,1,0.0,4693.67,1361.93,Standard,29.02,2024-07,2024
ORD-02986,2025-11-10,CUST-0480,Corporate,West,Office Supplies,Ballpoint Pen Box,1,0.0,80.32,27.29,Standard,33.98,2025-11,2025
ORD-02512,2025-07-03,CUST-0075,Home Office,North,Electronics,Noise Cancelling Headphones,2,0.0,9387.34,2723.86,Standard,29.02,2025-07,2025
ORD-02854,2025-11-19,CUST-0378,Consumer,West,Electronics,Laptop Stand,1,0.05,1735.74,408.85,Standard,23.55,2025-11,2025
ORD-02448,2025-03-07,CUST-1139,Consumer,North,Electronics,Webcam HD,1,0.0,4621.72,955.68,Standard,20.68,2025-03,2025
ORD-01607,2024-11-12,CUST-0351,Consumer,North,Electronics,Wireless Mouse,1,0.0,4779.36,503.88,Standard,10.54,2024-11,2024
ORD-02621,2024-05-07,CUST-0824,Consumer,North,Electronics,Noise Cancelling Headphones,1,0.05,4458.99,1226.95,Express,27.52,2024-05,2024
ORD-01933,2024-12-08,CUST-0870,Consumer,South,Furniture,Wall Shelf,1,0.15,7579.5,1159.01,Standard,15.29,2024-12,2024
ORD-02113,2024-02-25,CUST-0020,Consumer,South,Furniture,Office Chair,1,0.0,12690.96,3867.06,Standard,30.47,2024-02,2024
ORD-02780,2024-10-18,CUST-0893,Consumer,North,Office Supplies,A4 Paper Ream,1,0.0,414.45,35.7,Express,8.61,2024-10,2024
ORD-02912,2025-10-23,CUST-0882,Corporate,East,Electronics,USB-C Charger,2,0.0,5204.62,1039.48,Standard,19.97,2025-10,2025
ORD-01954,2024-06-03,CUST-0731,Consumer,North,Electronics,Smartwatch,1,0.0,1651.05,436.58,Standard,26.44,2024-06,2024
ORD-02580,2024-11-25,CUST-0266,Consumer,West,Electronics,Bluetooth Speaker,1,0.0,5868.36,1183.09,Standard,20.16,2024-11,2024
ORD-02903,2025-07-26,CUST-1154,Corporate,South,Clothing,Rain Jacket,1,0.0,1265.61,108.63,Express,8.58,2025-07,2025
ORD-01839,2024-12-28,CUST-0302,Consumer,South,Electronics,Webcam HD,1,0.0,4621.72,955.68,Standard,20.68,2024-12,2024
ORD-01797,2024-12-16,CUST-0280,Corporate,East,Clothing,Formal Shirt,1,0.05,1920.92,167.77,Standard,8.73,2024-12,2024
ORD-02436,2025-06-06,CUST-0425,Corporate,North,Electronics,Webcam HD,2,0.0,9243.44,1911.36,Standard,20.68,2025-06,2025
ORD-02446,2025-02-05,CUST-0434,Consumer,South,Clothing,Hoodie,1,0.2,1246.24,184.25,Standard,14.78,2025-02,2025
ORD-01978,2025-09-16,CUST-0839,Corporate,East,Office Supplies,File Folder Pack,1,0.1,148.71,43.68,Standard,29.37,2025-09,2025
ORD-02195,2024-05-12,CUST-0357,Corporate,East,Clothing,Woolen Sweater,2,0.0,3798.78,1092.28,Standard,28.75,2024-05,2024
ORD-01847,2024-11-22,CUST-1068,Consumer,West,Electronics,Webcam HD,1,0.0,4621.72,955.68,Standard,20.68,2024-11,2024
ORD-02461,2025-11-02,CUST-1001,Corporate,South,Clothing,Denim Jeans,1,0.0,527.49,125.89,Standard,23.87,2025-11,2025
ORD-01382,2024-10-20,CUST-1029,Consumer,West,Electronics,Smartwatch,1,0.0,1651.05,436.58,Standard,26.44,2024-10,2024
ORD-02590,2024-12-23,CUST-0771,Consumer,East,Clothing,Cotton T-Shirt,1,0.0,1214.78,110.83,Standard,9.12,2024-12,2024
ORD-01837,2025-06-09,CUST-0474,Corporate,East,Electronics,Power Bank 10000mAh,1,0.0,1623.15,423.4,Standard,26.09,2025-06,2025
ORD-02142,2024-12-26,CUST-0822,Consumer,West,Clothing,Denim Jeans,1,0.0,527.49,125.89,Standard,23.87,2024-12,2024
ORD-02526,2024-07-10,CUST-1111,Consumer,North,Clothing,Sports Cap,1,0.1,1366.99,108.42,Express,7.93,2024-07,2024
ORD-02521,2025-03-11,CUST-0555,Corporate,North,Office Supplies,Whiteboard Marker Set,2,0.0,324.6,94.22,Standard,29.03,2025-03,2025
ORD-02605,2025-07-03,CUST-0492,Corporate,North,Clothing,Rain Jacket,1,0.05,1202.33,85.17,Standard,7.08,2025-07,2025
ORD-02785,2024-08-03,CUST-1125,Home Office,North,Office Supplies,Stapler,1,0.1,227.21,42.1,Same Day,18.53,2024-08,2024
ORD-02332,2025-11-04,CUST-0485,Consumer,West,Office Supplies,Sticky Notes Pack,1,0.0,245.23,39.58,Standard,16.14,2025-11,2025
ORD-02742,2024-04-05,CUST-1053,Consumer,South,Electronics,Webcam HD,1,0.05,4390.63,842.04,Same Day,19.18,2024-04,2024
ORD-02389,2025-06-17,CUST-0574,Consumer,West,Furniture,Study Table,2,0.0,13094.4,1541.65,Standard,11.77,2025-06,2025
ORD-01741,2025-06-29,CUST-1115,Consumer,South,Office Supplies,Desk Organizer,1,0.0,180.74,23.09,Standard,12.78,2025-06,2025
ORD-02496,2025-09-29,CUST-0797,Consumer,South,Office Supplies,File Folder Pack,1,0.0,165.23,53.49,Express,32.37,2025-09,2025
ORD-01964,2024-01-26,CUST-0957,Corporate,West,Clothing,Running Shoes,1,0.0,1063.11,254.67,Express,23.96,2024-01,2024
ORD-02420,2025-05-25,CUST-0312,Consumer,West,Clothing,Denim Jeans,1,0.0,527.49,125.89,Standard,23.87,2025-05,2025
ORD-02284,2024-12-09,CUST-0844,Consumer,West,Clothing,Woolen Sweater,1,0.0,1899.39,546.14,Express,28.75,2024-12,2024
ORD-01002,2025-10-14,CUST-0926,Consumer,East,Electronics,USB-C Charger,1,0.05,2472.19,456.67,Standard,18.47,2025-10,2025
ORD-02712,2024-07-06,CUST-0203,Corporate,West,Clothing,Running Shoes,2,0.0,2126.22,509.33,Standard,23.95,2024-07,2024
ORD-01536,2024-04-02,CUST-1354,Corporate,North,Office Supplies,A4 Paper Ream,2,0.15,704.56,28.98,Standard,4.11,2024-04,2024
ORD-01087,2025-12-01,CUST-0956,Home Office,North,Electronics,Webcam HD,3,0.15,11785.39,1906.64,Express,16.18,2025-12,2025
ORD-01070,2025-01-01,CUST-1203,Consumer,South,Clothing,Sports Cap,1,0.2,1215.1,59.92,Standard,4.93,2025-01,2025
ORD-01321,2024-06-10,CUST-1274,Corporate,East,Electronics,Webcam HD,1,0.1,4159.55,735.33,Standard,17.68,2024-06,2024
ORD-01207,2025-07-27,CUST-0655,Consumer,East,Clothing,Hoodie,1,0.0,1557.8,323.78,Standard,20.78,2025-07,2025
ORD-01555,2025-04-30,CUST-0809,Consumer,East,Electronics,Bluetooth Speaker,1,0.0,5868.36,1183.09,Standard,20.16,2025-04,2025
ORD-01728,2024-01-28,CUST-0425,Consumer,South,Furniture,Wall Shelf,2,0.0,17834.12,3529.62,Standard,19.79,2024-01,2024
ORD-02380,2025-06-25,CUST-1130,Home Office,West,Office Supplies,Whiteboard Marker Set,2,0.0,324.6,94.22,Standard,29.03,2025-06,2025
ORD-01083,2025-12-07,CUST-0414,Consumer,North,Electronics,USB-C Charger,1,0.0,2602.31,519.74,Standard,19.97,2025-12,2025
ORD-02243,2024-01-05,CUST-0452,Consumer,East,Electronics,Wireless Mouse,1,0.2,3823.49,173.69,Standard,4.54,2024-01,2024
ORD-01341,2024-05-11,CUST-0999,Consumer,East,Electronics,Power Bank 10000mAh,1,0.0,1623.15,423.4,Standard,26.09,2024-05,2024
ORD-02455,2024-12-14,CUST-0925,Corporate,East,Office Supplies,A4 Paper Ream,3,0.1,1119.01,62.81,Express,5.61,2024-12,2024
ORD-01899,2024-05-24,CUST-0236,Consumer,North,Furniture,Bean Bag,1,0.0,7533.04,835.59,Same Day,11.09,2024-05,2024
ORD-02555,2025-10-24,CUST-0069,Consumer,South,Furniture,Bookshelf,2,0.0,2603.2,703.89,Express,27.04,2025-10,2025
ORD-01958,2024-08-17,CUST-0570,Consumer,North,Furniture,Bookshelf,1,0.0,1301.6,351.95,Standard,27.04,2024-08,2024
ORD-02256,2024-07-01,CUST-0212,Consumer,East,Electronics,Smartwatch,2,0.0,3302.1,873.15,Standard,26.44,2024-07,2024
ORD-02912,2025-10-23,CUST-0882,Corporate,East,Furniture,Bean Bag,1,0.15,6403.08,422.11,Standard,6.59,2025-10,2025
ORD-02848,2024-08-01,CUST-0727,Consumer,North,Furniture,Bed Side Table,1,0.0,5251.59,1531.64,Standard,29.17,2024-08,2024
ORD-02992,2025-12-05,CUST-0503,Corporate,South,Office Supplies,Ballpoint Pen Box,1,0.0,80.32,27.29,Standard,33.98,2025-12,2025
ORD-01504,2025-08-28,CUST-0075,Consumer,North,Electronics,Bluetooth Speaker,1,0.0,5868.36,1183.09,Standard,20.16,2025-08,2025
ORD-02124,2025-02-02,CUST-0644,Corporate,East,Furniture,Bookshelf,1,0.05,1236.52,315.8,Standard,25.54,2025-02,2025
ORD-03001,2024-10-07,CUST-0316,Consumer,East,Office Supplies,A4 Paper Ream,2,0.0,828.9,71.4,Standard,8.61,2024-10,2024
ORD-01212,2025-03-26,CUST-1362,Consumer,South,Office Supplies,Ballpoint Pen Box,1,0.0,80.32,27.29,Standard,33.98,2025-03,2025
ORD-01129,2025-01-29,CUST-1364,Consumer,South,Furniture,Filing Cabinet,2,0.0,15402.26,3871.73,Standard,25.14,2025-01,2025
ORD-03000,2025-07-11,CUST-0511,Corporate,East,Electronics,Webcam HD,1,0.0,4621.72,955.68,Express,20.68,2025-07,2025
ORD-02580,2024-11-25,CUST-0266,Consumer,West,Furniture,Bed Side Table,1,0.0,5251.59,1531.64,Standard,29.17,2024-11,2024
ORD-02588,2025-10-23,CUST-1038,Home Office,North,Office Supplies,Whiteboard Marker Set,2,0.0,324.6,94.22,Express,29.03,2025-10,2025
ORD-01802,2024-06-11,CUST-0122,Corporate,East,Furniture,Wall Shelf,1,0.0,8917.06,1764.81,Same Day,19.79,2024-06,2024
ORD-02570,2024-08-30,CUST-0413,Consumer,South,Electronics,Smartwatch,2,0.0,3302.1,873.15,Standard,26.44,2024-08,2024
ORD-02552,2025-03-16,CUST-0758,Corporate,North,Clothing,Hoodie,1,0.1,1402.02,249.34,Express,17.78,2025-03,2025
ORD-01764,2024-03-20,CUST-1248,Corporate,West,Clothing,Cotton T-Shirt,1,0.1,1093.3,66.95,Same Day,6.12,2024-03,2024
ORD-01710,2025-07-18,CUST-0365,Home Office,West,Electronics,USB-C Charger,1,0.0,2602.31,519.74,Standard,19.97,2025-07,2025
ORD-02863,2025-01-07,CUST-0982,Corporate,North,Electronics,Power Bank 10000mAh,2,0.0,3246.3,846.8,Standard,26.09,2025-01,2025
ORD-01402,2024-04-13,CUST-1372,Corporate,East,Office Supplies,Desk Organizer,1,0.0,180.74,23.09,Standard,12.78,2024-04,2024
ORD-01271,2025-09-09,CUST-1148,Consumer,East,Clothing,Cotton T-Shirt,2,0.0,2429.56,221.66,Same Day,9.12,2025-09,2025
ORD-02460,2025-05-05,CUST-0859,Consumer,North,Electronics,Laptop Stand,3,0.0,5481.27,1373.33,Standard,25.05,2025-05,2025
ORD-02664,2024-12-11,CUST-1050,Home Office,East,Electronics,Smartwatch,1,0.05,1568.5,391.22,Standard,24.94,2024-12,2024
ORD-02785,2024-08-03,CUST-1125,Home Office,North,Clothing,Running Shoes,1,0.0,1063.11,254.67,Same Day,23.96,2024-08,2024
ORD-01487,2024-11-27,CUST-0328,Consumer,West,Furniture,Bookshelf,1,0.0,1301.6,351.95,Express,27.04,2024-11,2024
ORD-01421,2025-10-29,CUST-1287,Consumer,North,Electronics,Noise Cancelling Headphones,1,0.0,4693.67,1361.93,Standard,29.02,2025-10,2025
ORD-02214,2024-01-23,CUST-0733,Home Office,South,Clothing,Woolen Sweater,1,0.0,1899.39,546.14,Standard,28.75,2024-01,2024
ORD-01699,2025-05-26,CUST-0994,Consumer,South,Office Supplies,Sticky Notes Pack,1,0.0,245.23,39.58,Standard,16.14,2025-05,2025
ORD-02521,2025-03-11,CUST-0555,Corporate,North,Furniture,Office Chair,1,0.05,12056.41,2395.3,Standard,19.87,2025-03,2025
ORD-01720,2025-05-24,CUST-0324,Corporate,West,Office Supplies,Ballpoint Pen Box,1,0.0,80.32,27.29,Standard,33.98,2025-05,2025
ORD-01402,2024-04-13,CUST-1372,Corporate,East,Office Supplies,Stapler,1,0.0,252.46,54.35,Standard,21.53,2024-04,2024
ORD-01885,2025-11-29,CUST-1378,Consumer,West,Office Supplies,Desk Organizer,1,0.0,180.74,23.09,Express,12.78,2025-11,2025
ORD-02610,2024-11-10,CUST-0235,Consumer,North,Office Supplies,File Folder Pack,1,0.0,165.23,53.49,Same Day,32.37,2024-11,2024
ORD-02281,2024-12-15,CUST-1203,Consumer,North,Electronics,Power Bank 10000mAh,1,0.0,1623.15,423.4,Standard,26.09,2024-12,2024
ORD-01587,2024-02-02,CUST-1005,Corporate,West,Furniture,Wall Shelf,4,0.0,35668.24,7059.23,Standard,19.79,2024-02,2024
ORD-02913,2024-01-17,CUST-1196,Consumer,West,Clothing,Hoodie,1,0.05,1479.91,285.39,Standard,19.28,2024-01,2024
ORD-02100,2024-03-21,CUST-1052,Consumer,East,Office Supplies,A4 Paper Ream,1,0.0,414.45,35.7,Standard,8.61,2024-03,2024
ORD-02152,2024-03-08,CUST-0694,Consumer,South,Electronics,Wireless Mouse,1,0.0,4779.36,503.88,Standard,10.54,2024-03,2024
ORD-01573,2025-09-22,CUST-0926,Consumer,West,Office Supplies,Sticky Notes Pack,1,0.15,208.45,44.52,Same Day,21.36,2025-09,2025
ORD-02582,2025-04-11,CUST-1297,Corporate,East,Office Supplies,A4 Paper Ream,1,0.0,414.45,35.7,Standard,8.61,2025-04,2025
ORD-02486,2025-07-08,CUST-1127,Consumer,West,Clothing,Cotton T-Shirt,1,0.0,1214.78,110.83,Standard,9.12,2025-07,2025
ORD-03060,2024-11-26,CUST-0505,Consumer,North,Clothing,Woolen Sweater,3,0.0,5698.17,1638.42,Standard,28.75,2024-11,2024
ORD-02788,2025-05-25,CUST-1236,Consumer,South,Electronics,Laptop Stand,1,0.0,1827.09,457.78,Standard,25.06,2025-05,2025
ORD-01985,2025-01-21,CUST-0041,Corporate,West,Electronics,Laptop Stand,1,0.0,1827.09,457.78,Express,25.06,2025-01,2025
ORD-03018,2025-09-23,CUST-0156,Home Office,East,Furniture,Wall Shelf,1,0.0,8917.06,1764.81,Standard,19.79,2025-09,2025
ORD-02197,2024-07-10,CUST-0101,Corporate,North,Electronics,Smartwatch,1,0.1,1485.94,348.34,Standard,23.44,2024-07,2024
ORD-02933,2024-04-11,CUST-0612,Consumer,East,Office Supplies,Desk Organizer,1,0.0,180.74,23.09,Standard,12.78,2024-04,2024
ORD-02700,2024-09-03,CUST-0238,Corporate,South,Office Supplies,Stapler,1,0.0,252.46,54.35,Standard,21.53,2024-09,2024
ORD-01510,2025-10-13,CUST-1320,Consumer,West,Electronics,Wireless Mouse,1,0.1,4301.42,324.45,Express,7.54,2025-10,2025
ORD-02005,2025-10-20,CUST-0678,Corporate,East,Electronics,Wireless Mouse,1,0.0,4779.36,503.88,Express,10.54,2025-10,2025
ORD-02176,2024-10-30,CUST-1184,Corporate,North,Furniture,Study Table,1,0.0,6547.2,770.82,Standard,11.77,2024-10,2024
ORD-01357,2024-09-16,CUST-0124,Home Office,East,Furniture,Bean Bag,1,0.0,7533.04,835.59,Same Day,11.09,2024-09,2024
ORD-02619,2025-05-19,CUST-0373,Home Office,North,Office Supplies,Printer Ink Cartridge,1,0.0,370.95,92.51,Standard,24.94,2025-05,2025
ORD-01649,2024-07-20,CUST-0695,Consumer,East,Clothing,Cotton T-Shirt,2,0.0,2429.56,221.66,Express,9.12,2024-07,2024
ORD-01975,2025-12-17,CUST-0338,Consumer,South,Electronics,Webcam HD,1,0.0,4621.72,955.68,Express,20.68,2025-12,2025
ORD-01216,2025-08-07,CUST-1392,Consumer,West,Electronics,Wireless Mouse,2,0.1,8602.85,648.89,Express,7.54,2025-08,2025
ORD-02781,2025-05-06,CUST-0414,Home Office,North,Electronics,Noise Cancelling Headphones,1,0.0,4693.67,1361.93,Standard,29.02,2025-05,2025
ORD-01748,2024-12-23,CUST-1333,Corporate,East,Electronics,Noise Cancelling Headphones,1,0.0,4693.67,1361.93,Standard,29.02,2024-12,2024
ORD-01310,2024-10-19,CUST-0389,Consumer,East,Office Supplies,Stapler,1,0.0,252.46,54.35,Standard,21.53,2024-10,2024
ORD-02041,2024-12-20,CUST-0655,Consumer,East,Office Supplies,Desk Organizer,1,0.0,180.74,23.09,Standard,12.78,2024-12,2024
ORD-01242,2025-07-25,CUST-0806,Home Office,East,Clothing,Rain Jacket,1,0.0,1265.61,108.63,Standard,8.58,2025-07,2025
ORD-01286,2025-10-09,CUST-0696,Home Office,North,Furniture,Office Chair,2,0.0,25381.92,7734.13,Standard,30.47,2025-10,2025
ORD-02745,2024-12-25,CUST-0198,Corporate,West,Electronics,Wireless Mouse,1,0.0,4779.36,503.88,Standard,10.54,2024-12,2024
ORD-01961,2024-10-19,CUST-0587,Consumer,East,Electronics,Noise Cancelling Headphones,1,0.05,4458.99,1226.95,Standard,27.52,2024-10,2024
ORD-02907,2025-09-11,CUST-0324,Consumer,North,Electronics,Noise Cancelling Headphones,1,0.1,4224.3,1099.01,Standard,26.02,2025-09,2025
ORD-01789,2025-10-22,CUST-1310,Consumer,East,Office Supplies,Whiteboard Marker Set,1,0.05,154.18,42.44,Standard,27.53,2025-10,2025
ORD-02804,2024-06-23,CUST-0313,Corporate,East,Furniture,Wall Shelf,1,0.1,8025.35,1347.57,Standard,16.79,2024-06,2024
ORD-02097,2024-02-17,CUST-0519,Consumer,South,Office Supplies,Desk Organizer,1,0.0,180.74,23.09,Standard,12.78,2024-02,2024
ORD-02458,2025-02-25,CUST-1274,Consumer,East,Furniture,Bookshelf,1,0.0,1301.6,351.95,Standard,27.04,2025-02,2025
ORD-03035,2024-06-10,CUST-1268,Consumer,South,Electronics,Laptop Stand,1,0.0,1827.09,457.78,Standard,25.06,2024-06,2024
ORD-02378,2024-03-14,CUST-0313,Consumer,West,Office Supplies,Printer Ink Cartridge,1,0.1,333.86,73.24,Express,21.94,2024-03,2024
ORD-01754,2024-08-30,CUST-0151,Consumer,West,Clothing,Denim Jeans,4,0.0,2109.96,503.57,Standard,23.87,2024-08,2024
ORD-01571,2024-04-25,CUST-0332,Corporate,North,Office Supplies,Stapler,1,0.1,227.21,42.1,Standard,18.53,2024-04,2024
ORD-02855,2025-08-10,CUST-0174,Corporate,East,Office Supplies,Stapler,1,0.0,252.46,54.35,Standard,21.53,2025-08,2025
ORD-02575,2024-07-30,CUST-0038,Home Office,West,Electronics,USB-C Charger,2,0.0,5204.62,1039.48,Express,19.97,2024-07,2024
ORD-02601,2024-03-12,CUST-0347,Corporate,South,Office Supplies,Sticky Notes Pack,2,0.15,416.89,48.53,Express,11.64,2024-03,2024
ORD-01963,2024-10-07,CUST-1344,Corporate,North,Clothing,Rain Jacket,4,0.0,5062.44,434.54,Express,8.58,2024-10,2024
ORD-01732,2025-11-14,CUST-1354,Consumer,West,Office Supplies,File Folder Pack,3,0.0,495.69,160.46,Express,32.37,2025-11,2025
ORD-01393,2024-08-05,CUST-1285,Consumer,West,Furniture,Office Chair,1,0.0,12690.96,3867.06,Standard,30.47,2024-08,2024
ORD-01992,2025-10-17,CUST-1138,Corporate,East,Furniture,Recliner Sofa,2,0.0,13675.4,1309.31,Standard,9.57,2025-10,2025
ORD-02837,2025-07-12,CUST-0595,Consumer,East,Clothing,Hoodie,1,0.15,1324.13,215.62,Express,16.28,2025-07,2025
ORD-02495,2024-10-11,CUST-1126,Consumer,North,Office Supplies,Whiteboard Marker Set,1,0.0,162.3,47.11,Standard,29.03,2024-10,2024
ORD-01568,2024-06-23,CUST-0952,Consumer,East,Electronics,Smartwatch,2,0.0,3302.1,873.15,Standard,26.44,2024-06,2024
ORD-01003,2024-01-14,CUST-0584,Corporate,South,Office Supplies,Sticky Notes Pack,1,0.15,208.45,24.27,Standard,11.64,2024-01,2024
ORD-02809,2025-09-14,CUST-0925,Corporate,West,Electronics,Noise Cancelling Headphones,1,0.0,4693.67,1361.93,Standard,29.02,2025-09,2025
ORD-01834,2025-04-29,CUST-0463,Home Office,North,Furniture,Recliner Sofa,1,0.0,6837.7,654.65,Express,9.57,2025-04,2025
ORD-01126,2025-10-19,CUST-0621,Corporate,North,Clothing,Sports Cap,2,0.0,3037.76,332.07,Standard,10.93,2025-10,2025
ORD-02729,2025-09-28,CUST-1216,Consumer,East,Furniture,Office Chair,2,0.1,22843.73,6275.4,Standard,27.47,2025-09,2025
ORD-01050,2025-11-14,CUST-0094,Corporate,South,Furniture,Wall Shelf,1,0.05,8471.21,1549.5,Standard,18.29,2025-11,2025
ORD-01309,2025-09-20,CUST-0926,Corporate,West,Electronics,Bluetooth Speaker,2,0.0,11736.72,2366.17,Standard,20.16,2025-09,2025
ORD-02552,2025-03-16,CUST-0758,Corporate,North,Furniture,Bed Side Table,2,0.0,10503.18,3063.28,Express,29.17,2025-03,2025
ORD-01655,2025-07-31,CUST-1115,Consumer,West,Electronics,Noise Cancelling Headphones,2,0.15,7979.24,1956.22,Same Day,24.52,2025-07,2025
ORD-01577,2025-08-07,CUST-0493,Home Office,East,Electronics,Bluetooth Speaker,1,0.0,5868.36,1183.09,Express,20.16,2025-08,2025
ORD-01749,2024-12-09,CUST-0919,Consumer,South,Clothing,Denim Jeans,1,0.15,448.37,86.83,Express,19.37,2024-12,2024
ORD-02590,2024-12-23,CUST-0771,Consumer,East,Electronics,Power Bank 10000mAh,1,0.1,1460.84,337.23,Standard,23.08,2024-12,2024
ORD-01375,2024-04-08,CUST-0631,Consumer,South,Electronics,Noise Cancelling Headphones,1,0.0,4693.67,1361.93,Same Day,29.02,2024-04,2024
ORD-01884,2024-06-01,CUST-1256,Consumer,North,Office Supplies,Stapler,1,0.0,252.46,54.35,Standard,21.53,2024-06,2024
ORD-02200,2024-04-17,CUST-0047,Corporate,South,Electronics,Webcam HD,1,0.1,4159.55,735.33,Standard,17.68,2024-04,2024
ORD-01238,2025-04-11,CUST-0503,Consumer,West,Electronics,Smartwatch,1,0.05,1568.5,391.22,Standard,24.94,2025-04,2025
ORD-02421,2025-02-22,CUST-0414,Consumer,North,Clothing,Formal Shirt,1,0.0,2022.02,206.93,Express,10.23,2025-02,2025
ORD-01557,2025-10-08,CUST-0574,Consumer,North,Office Supplies,Desk Organizer,2,0.0,361.48,46.17,Express,12.77,2025-10,2025
ORD-02006,2025-03-24,CUST-0593,Consumer,South,Electronics,Smartwatch,1,0.15,1403.39,307.94,Standard,21.94,2025-03,2025
ORD-02470,2024-10-09,CUST-0908,Corporate,South,Furniture,Bookshelf,2,0.2,2082.56,438.16,Express,21.04,2024-10,2024
ORD-02198,2025-12-25,CUST-0781,Consumer,West,Electronics,Bluetooth Speaker,2,0.0,11736.72,2366.17,Standard,20.16,2025-12,2025
ORD-02508,2025-10-03,CUST-0554,Corporate,South,Clothing,Sports Cap,1,0.05,1442.94,136.09,Standard,9.43,2025-10,2025
ORD-01386,2024-03-21,CUST-0146,Consumer,North,Electronics,Laptop Stand,2,0.0,3654.18,915.55,Standard,25.05,2024-03,2024
ORD-01142,2024-12-12,CUST-0427,Consumer,South,Office Supplies,Desk Organizer,1,0.1,162.67,15.9,Standard,9.77,2024-12,2024
ORD-02081,2024-06-27,CUST-1116,Consumer,South,Electronics,Smartwatch,1,0.1,1485.94,348.34,Express,23.44,2024-06,2024
ORD-02271,2024-10-06,CUST-0446,Corporate,North,Office Supplies,Whiteboard Marker Set,1,0.15,137.96,33.84,Same Day,24.53,2024-10,2024
ORD-01021,2024-05-15,CUST-1337,Consumer,East,Electronics,Power Bank 10000mAh,1,0.0,1623.15,423.4,Standard,26.09,2024-05,2024
ORD-01324,2024-12-03,CUST-0254,Consumer,North,Electronics,Wireless Mouse,4,0.0,19117.44,2015.51,Standard,10.54,2024-12,2024
ORD-02395,2025-10-24,CUST-1059,Corporate,North,Office Supplies,Stapler,3,0.0,757.38,163.05,Standard,21.53,2025-10,2025
ORD-01042,2025-04-20,CUST-0479,Consumer,South,Office Supplies,Sticky Notes Pack,1,0.1,220.71,29.0,Standard,13.14,2025-04,2025
ORD-02155,2024-02-28,CUST-0398,Consumer,East,Clothing,Cotton T-Shirt,2,0.0,2429.56,221.66,Express,9.12,2024-02,2024
ORD-02791,2024-07-01,CUST-0588,Consumer,East,Furniture,Bookshelf,1,0.1,1171.44,281.61,Standard,24.04,2024-07,2024
ORD-01094,2024-12-24,CUST-0701,Consumer,East,Office Supplies,A4 Paper Ream,2,0.1,746.01,41.88,Express,5.61,2024-12,2024
ORD-02501,2025-11-08,CUST-0808,Home Office,West,Office Supplies,Stapler,2,0.0,504.92,108.7,Standard,21.53,2025-11,2025
ORD-01399,2025-07-31,CUST-1307,Home Office,South,Electronics,Webcam HD,2,0.0,9243.44,1911.36,Express,20.68,2025-07,2025
ORD-02825,2024-07-19,CUST-1360,Home Office,East,Clothing,Sports Cap,1,0.0,1518.88,166.04,Express,10.93,2024-07,2024
ORD-01065,2024-05-26,CUST-1332,Consumer,West,Clothing,Denim Jeans,4,0.0,2109.96,503.57,Express,23.87,2024-05,2024
ORD-03062,2024-01-24,CUST-0723,Corporate,West,Office Supplies,Sticky Notes Pack,1,0.05,232.97,34.11,Express,14.64,2024-01,2024
ORD-01374,2025-05-30,CUST-0802,Consumer,West,Clothing,Rain Jacket,1,0.0,1265.61,108.63,Standard,8.58,2025-05,2025
ORD-01477,2025-10-30,CUST-1133,Consumer,West,Furniture,Bed Side Table,2,0.0,10503.18,3063.28,Express,29.17,2025-10,2025
ORD-01375,2024-04-08,CUST-0631,Consumer,South,Office Supplies,A4 Paper Ream,1,0.05,393.73,28.01,Same Day,7.11,2024-04,2024
ORD-02188,2025-08-16,CUST-0104,Consumer,West,Electronics,Wireless Mouse,1,0.0,4779.36,503.88,Express,10.54,2025-08,2025
ORD-02086,2025-02-15,CUST-1376,Home Office,East,Furniture,Wall Shelf,1,0.0,8917.06,1764.81,Standard,19.79,2025-02,2025
ORD-01845,2024-01-04,CUST-1326,Corporate,West,Electronics,Webcam HD,1,0.15,3928.46,635.55,Standard,16.18,2024-01,2024
ORD-02592,2025-04-11,CUST-0647,Consumer,North,Electronics,Wireless Mouse,2,0.0,9558.72,1007.76,Express,10.54,2025-04,2025
ORD-02568,2024-01-08,CUST-0139,Home Office,South,Clothing,Formal Shirt,1,0.0,2022.02,206.93,Standard,10.23,2024-01,2024
ORD-02429,2025-05-19,CUST-0408,Corporate,East,Clothing,Sports Cap,1,0.0,1518.88,166.04,Standard,10.93,2025-05,2025
ORD-01706,2025-09-27,CUST-0473,Corporate,East,Clothing,Rain Jacket,1,0.0,1265.61,108.63,Standard,8.58,2025-09,2025
ORD-01871,2025-05-08,CUST-0053,Consumer,West,Furniture,Bean Bag,3,0.05,21469.16,2059.39,Standard,9.59,2025-05,2025
ORD-01836,2025-03-30,CUST-0102,Corporate,East,Furniture,Bed Side Table,1,0.0,5251.59,1531.64,Same Day,29.17,2025-03,2025
ORD-01648,2025-11-03,CUST-0637,Consumer,East,Electronics,Smartwatch,1,0.0,1651.05,436.58,Standard,26.44,2025-11,2025
ORD-02578,2024-12-04,CUST-0849,Consumer,West,Furniture,Study Table,1,0.1,5892.48,516.97,Standard,8.77,2024-12,2024
ORD-01052,2025-10-26,CUST-0981,Consumer,North,Furniture,Bookshelf,1,0.05,1236.52,315.8,Standard,25.54,2025-10,2025
ORD-02114,2025-11-12,CUST-1274,Home Office,North,Electronics,Wireless Mouse,1,0.0,4779.36,503.88,Same Day,10.54,2025-11,2025
ORD-01443,2025-07-28,CUST-0295,Corporate,North,Electronics,Noise Cancelling Headphones,1,0.15,3989.62,978.11,Standard,24.52,2025-07,2025
ORD-02087,2024-01-24,CUST-0009,Home Office,West,Clothing,Denim Jeans,1,0.0,527.49,125.89,Express,23.87,2024-01,2024
ORD-01948,2024-01-20,CUST-0693,Corporate,North,Electronics,Wireless Mouse,1,0.0,4779.36,503.88,Standard,10.54,2024-01,2024
ORD-01913,2025-01-24,CUST-1018,Corporate,North,Office Supplies,Whiteboard Marker Set,2,0.0,324.6,94.22,Express,29.03,2025-01,2025
ORD-02614,2025-07-13,CUST-1328,Consumer,South,Office Supplies,Ballpoint Pen Box,1,0.0,80.32,27.29,Standard,33.98,2025-07,2025
ORD-02736,2024-02-13,CUST-1273,Consumer,South,Furniture,Study Table,1,0.0,6547.2,770.82,Standard,11.77,2024-02,2024
ORD-01346,2025-07-19,CUST-1250,Consumer,North,Clothing,Cotton T-Shirt,2,0.0,2429.56,221.66,Express,9.12,2025-07,2025
ORD-02264,2024-05-26,CUST-0346,Corporate,East,Clothing,Denim Jeans,2,0.0,1054.98,251.79,Express,23.87,2024-05,2024
ORD-01484,2025-02-16,CUST-0374,Corporate,West,Electronics,Smartwatch,1,0.0,1651.05,436.58,Express,26.44,2025-02,2025
ORD-02928,2025-08-13,CUST-0815,Consumer,South,Furniture,Bed Side Table,1,0.0,5251.59,1531.64,Standard,29.17,2025-08,2025
ORD-02960,2024-05-16,CUST-0095,Consumer,North,Electronics,Noise Cancelling Headphones,1,0.0,4693.67,1361.93,Express,29.02,2024-05,2024
ORD-03030,2025-02-02,CUST-0104,Consumer,North,Electronics,Laptop Stand,1,0.0,1827.09,457.78,Standard,25.06,2025-02,2025
ORD-02069,2024-03-16,CUST-1028,Consumer,West,Electronics,Power Bank 10000mAh,2,0.05,3083.98,758.2,Standard,24.59,2024-03,2024
ORD-01763,2024-01-27,CUST-1085,Home Office,North,Electronics,USB-C Charger,1,0.0,2602.31,519.74,Express,19.97,2024-01,2024
ORD-01716,2025-08-22,CUST-1148,Consumer,North,Electronics,Laptop Stand,1,0.0,1827.09,457.78,Express,25.06,2025-08,2025
ORD-03033,2025-06-06,CUST-0648,Consumer,West,Furniture,Office Chair,4,0.0,50763.84,15468.26,Standard,30.47,2025-06,2025
ORD-01136,2024-06-30,CUST-1114,Consumer,East,Electronics,Wireless Mouse,1,0.0,4779.36,503.88,Standard,10.54,2024-06,2024
ORD-01050,2025-11-14,CUST-0094,Corporate,South,Office Supplies,Whiteboard Marker Set,4,0.0,649.2,188.44,Standard,29.03,2025-11,2025
ORD-02107,2024-07-24,CUST-0650,Corporate,West,Electronics,Smartwatch,2,0.15,2806.78,615.87,Express,21.94,2024-07,2024
ORD-01784,2024-11-17,CUST-1110,Home Office,North,Office Supplies,Ballpoint Pen Box,2,0.0,160.64,54.57,Express,33.97,2024-11,2024
ORD-01863,2024-02-13,CUST-1176,Consumer,West,Furniture,Bed Side Table,3,0.0,15754.77,4594.92,Standard,29.17,2024-02,2024
ORD-02951,2025-11-22,CUST-0829,Consumer,South,Clothing,Denim Jeans,2,0.0,1054.98,251.79,Standard,23.87,2025-11,2025
ORD-01833,2024-06-16,CUST-0188,Corporate,West,Electronics,Bluetooth Speaker,2,0.0,11736.72,2366.17,Express,20.16,2024-06,2024
ORD-02407,2025-01-20,CUST-0570,Corporate,South,Office Supplies,Ballpoint Pen Box,2,0.1,144.58,44.78,Standard,30.97,2025-01,2025
ORD-01791,2025-12-19,CUST-0744,Corporate,North,Office Supplies,Sticky Notes Pack,2,0.0,490.46,79.16,Standard,16.14,2025-12,2025
ORD-01126,2025-10-19,CUST-0621,Corporate,North,Electronics,USB-C Charger,1,0.0,2602.31,519.74,Standard,19.97,2025-10,2025
ORD-01379,2024-01-27,CUST-1364,Corporate,North,Clothing,Sports Cap,1,0.0,1518.88,166.04,Same Day,10.93,2024-01,2024
ORD-01876,2024-12-13,CUST-0084,Consumer,South,Electronics,Wireless Mouse,1,0.0,4779.36,503.88,Standard,10.54,2024-12,2024
ORD-01219,2025-05-29,CUST-1185,Corporate,North,Electronics,USB-C Charger,2,0.0,5204.62,1039.48,Same Day,19.97,2025-05,2025
ORD-02611,2025-09-27,CUST-0239,Corporate,East,Electronics,Smartwatch,1,0.0,1651.05,436.58,Same Day,26.44,2025-09,2025
ORD-02812,2025-04-14,CUST-0116,Consumer,West,Furniture,Bean Bag,1,0.0,7533.04,835.59,Standard,11.09,2025-04,2025
ORD-01758,2024-05-01,CUST-0509,Consumer,East,Electronics,USB-C Charger,1,0.05,2472.19,456.67,Express,18.47,2024-05,2024
ORD-01074,2024-02-05,CUST-1036,Consumer,West,Furniture,Filing Cabinet,1,0.0,7701.13,1935.86,Standard,25.14,2024-02,2024
ORD-02840,2025-11-16,CUST-0550,Home Office,North,Electronics,Laptop Stand,1,0.0,1827.09,457.78,Standard,25.06,2025-11,2025
ORD-03024,2024-10-11,CUST-0719,Consumer,North,Office Supplies,Printer Ink Cartridge,1,0.15,315.31,64.44,Standard,20.44,2024-10,2024
ORD-02436,2025-06-06,CUST-0425,Corporate,North,Electronics,Noise Cancelling Headphones,1,0.0,4693.67,1361.93,Standard,29.02,2025-06,2025
ORD-01005,2025-05-11,CUST-1225,Home Office,South,Clothing,Denim Jeans,1,0.15,448.37,86.83,Standard,19.37,2025-05,2025
ORD-02020,2024-08-09,CUST-0754,Corporate,East,Clothing,Sports Cap,2,0.0,3037.76,332.07,Standard,10.93,2024-08,2024
ORD-02734,2025-12-10,CUST-1191,Corporate,North,Electronics,Bluetooth Speaker,1,0.0,5868.36,1183.09,Same Day,20.16,2025-12,2025
ORD-01419,2025-11-29,CUST-0982,Home Office,South,Electronics,Webcam HD,1,0.1,4159.55,735.33,Standard,17.68,2025-11,2025
ORD-01683,2024-02-21,CUST-1223,Consumer,North,Electronics,Webcam HD,1,0.0,4621.72,955.68,Standard,20.68,2024-02,2024
ORD-01412,2024-12-23,CUST-0728,Home Office,South,Clothing,Sports Cap,4,0.15,5164.19,332.14,Standard,6.43,2024-12,2024
ORD-02811,2025-06-08,CUST-0430,Consumer,South,Furniture,Bed Side Table,2,0.05,9978.02,2760.44,Standard,27.67,2025-06,2025
ORD-02750,2024-10-17,CUST-0498,Home Office,East,Office Supplies,Desk Organizer,2,0.0,361.48,46.17,Express,12.77,2024-10,2024
ORD-01465,2025-03-13,CUST-1358,Consumer,West,Furniture,Recliner Sofa,1,0.0,6837.7,654.65,Same Day,9.57,2025-03,2025
ORD-02394,2024-12-21,CUST-0636,Consumer,West,Office Supplies,A4 Paper Ream,1,0.0,414.45,35.7,Express,8.61,2024-12,2024
ORD-01420,2025-06-20,CUST-1083,Consumer,East,Electronics,Wireless Mouse,1,0.0,4779.36,503.88,Standard,10.54,2025-06,2025
ORD-02510,2024-04-22,CUST-0521,Corporate,South,Office Supplies,File Folder Pack,1,0.0,165.23,53.49,Standard,32.37,2024-04,2024
ORD-02483,2025-08-27,CUST-0332,Consumer,East,Office Supplies,Sticky Notes Pack,1,0.0,245.23,39.58,Express,16.14,2025-08,2025
ORD-01786,2024-01-13,CUST-1192,Consumer,South,Electronics,Power Bank 10000mAh,2,0.0,3246.3,846.8,Standard,26.09,2024-01,2024
ORD-02168,2024-12-21,CUST-0850,Consumer,West,Electronics,Webcam HD,3,0.0,13865.16,2867.04,Standard,20.68,2024-12,2024
ORD-01485,2024-07-07,CUST-0801,Corporate,East,Office Supplies,Sticky Notes Pack,1,0.0,245.23,39.58,Standard,16.14,2024-07,2024
ORD-01627,2025-04-02,CUST-0339,Consumer,West,Electronics,Noise Cancelling Headphones,1,0.15,3989.62,978.11,Standard,24.52,2025-04,2025
ORD-01819,2025-06-22,CUST-0319,Consumer,North,Office Supplies,Sticky Notes Pack,1,0.0,245.23,39.58,Same Day,16.14,2025-06,2025
ORD-01426,2025-09-04,CUST-1101,Corporate,West,Office Supplies,Whiteboard Marker Set,3,0.05,462.56,127.33,Standard,27.53,2025-09,2025
ORD-01215,2025-10-16,CUST-1335,Home Office,North,Office Supplies,Desk Organizer,2,0.0,361.48,46.17,Same Day,12.77,2025-10,2025
ORD-01853,2025-04-09,CUST-1229,Corporate,West,Clothing,Formal Shirt,1,0.15,1718.72,98.55,Standard,5.73,2025-04,2025
ORD-02522,2025-02-10,CUST-0837,Consumer,East,Furniture,Office Chair,1,0.0,12690.96,3867.06,Standard,30.47,2025-02,2025
ORD-02364,2025-11-16,CUST-0310,Corporate,East,Furniture,Office Chair,1,0.0,12690.96,2521.37,Standard,19.87,2025-11,2025
ORD-02383,2025-02-02,CUST-0082,Consumer,South,Furniture,Wall Shelf,1,0.0,8917.06,1764.81,Express,19.79,2025-02,2025
ORD-01183,2025-04-04,CUST-0216,Consumer,East,Office Supplies,Stapler,1,0.0,252.46,54.35,Express,21.53,2025-04,2025
ORD-01768,2025-04-29,CUST-1190,Consumer,South,Office Supplies,Printer Ink Cartridge,2,0.1,667.71,146.48,Express,21.94,2025-04,2025
ORD-01427,2024-12-14,CUST-0082,Corporate,East,Clothing,Sports Cap,1,0.05,1442.94,136.09,Standard,9.43,2024-12,2024
ORD-02704,2024-10-06,CUST-0858,Consumer,East,Clothing,Rain Jacket,1,0.0,1265.61,108.63,Express,8.58,2024-10,2024
ORD-02531,2025-11-29,CUST-0410,Consumer,South,Furniture,Bed Side Table,1,0.05,4989.01,1380.22,Standard,27.67,2025-11,2025
ORD-02700,2024-09-03,CUST-0238,Corporate,South,Electronics,Smartwatch,1,0.15,1403.39,307.94,Standard,21.94,2024-09,2024
ORD-01944,2025-08-17,CUST-0273,Consumer,West,Electronics,Bluetooth Speaker,1,0.0,5868.36,1183.09,Standard,20.16,2025-08,2025
ORD-02651,2025-04-22,CUST-0556,Consumer,South,Clothing,Denim Jeans,2,0.2,843.98,150.79,Same Day,17.87,2025-04,2025
ORD-01238,2025-04-11,CUST-0503,Consumer,West,Electronics,Power Bank 10000mAh,1,0.0,1623.15,423.4,Standard,26.09,2025-04,2025
ORD-02266,2025-06-27,CUST-1193,Corporate,East,Furniture,Bed Side Table,1,0.1,4726.43,1236.68,Standard,26.17,2025-06,2025
ORD-02093,2024-02-18,CUST-0132,Consumer,South,Office Supplies,A4 Paper Ream,1,0.0,414.45,35.7,Same Day,8.61,2024-02,2024
ORD-02604,2024-11-07,CUST-1238,Consumer,North,Office Supplies,File Folder Pack,1,0.0,165.23,53.49,Standard,32.37,2024-11,2024
ORD-01750,2025-12-20,CUST-0537,Consumer,North,Office Supplies,Printer Ink Cartridge,1,0.0,370.95,92.51,Standard,24.94,2025-12,2025
ORD-01560,2024-04-22,CUST-1205,Home Office,South,Electronics,Laptop Stand,2,0.0,3654.18,915.55,Standard,25.05,2024-04,2024
ORD-02678,2025-12-20,CUST-0587,Consumer,North,Electronics,Smartwatch,1,0.1,1485.94,348.34,Express,23.44,2025-12,2025
ORD-02573,2024-03-23,CUST-1263,Consumer,South,Electronics,Smartwatch,1,0.05,1568.5,391.22,Standard,24.94,2024-03,2024
ORD-02958,2025-12-24,CUST-0255,Consumer,South,Furniture,Recliner Sofa,1,0.0,6837.7,654.65,Express,9.57,2025-12,2025
ORD-01913,2025-01-24,CUST-1018,Corporate,North,Office Supplies,Printer Ink Cartridge,2,0.0,741.9,185.01,Express,24.94,2025-01,2025
ORD-01917,2024-02-02,CUST-0331,Corporate,East,Office Supplies,Whiteboard Marker Set,1,0.0,162.3,47.11,Express,29.03,2024-02,2024
ORD-02902,2024-12-05,CUST-1235,Corporate,East,Furniture,Bean Bag,1,0.0,7533.04,835.59,Same Day,11.09,2024-12,2024
ORD-02006,2025-03-24,CUST-0593,Consumer,South,Furniture,Bookshelf,1,0.0,1301.6,351.95,Standard,27.04,2025-03,2025
ORD-02136,2025-04-03,CUST-1035,Consumer,North,Office Supplies,File Folder Pack,1,0.05,156.97,48.46,Standard,30.87,2025-04,2025
ORD-01807,2024-04-05,CUST-1034,Corporate,South,Office Supplies,Sticky Notes Pack,2,0.0,490.46,79.16,Standard,16.14,2024-04,2024
ORD-02889,2025-07-25,CUST-0646,Consumer,North,Electronics,Noise Cancelling Headphones,2,0.0,9387.34,2723.86,Standard,29.02,2025-07,2025
ORD-01942,2025-07-11,CUST-0652,Corporate,West,Furniture,Filing Cabinet,1,0.0,7701.13,1935.86,Standard,25.14,2025-07,2025
ORD-02675,2025-10-05,CUST-0174,Consumer,East,Clothing,Hoodie,1,0.2,1246.24,184.25,Standard,14.78,2025-10,2025
ORD-01824,2024-05-28,CUST-0252,Consumer,South,Furniture,Bookshelf,2,0.05,2473.04,631.6,Standard,25.54,2024-05,2024
ORD-02864,2025-11-02,CUST-0686,Home Office,South,Office Supplies,Sticky Notes Pack,1,0.05,232.97,34.11,Standard,14.64,2025-11,2025
ORD-01786,2024-01-13,CUST-1192,Consumer,South,Office Supplies,Desk Organizer,2,0.05,343.41,38.71,Standard,11.27,2024-01,2024
ORD-01733,2025-12-17,CUST-0334,Consumer,West,Electronics,Smartwatch,1,0.0,1651.05,436.58,Standard,26.44,2025-12,2025
ORD-01501,2024-07-12,CUST-1020,Consumer,West,Clothing,Sports Cap,2,0.0,3037.76,332.07,Same Day,10.93,2024-07,2024
ORD-02964,2024-05-25,CUST-0396,Home Office,South,Electronics,Laptop Stand,1,0.15,1553.03,319.22,Express,20.55,2024-05,2024
ORD-02707,2024-12-08,CUST-0652,Consumer,North,Electronics,Noise Cancelling Headphones,2,0.1,8448.61,2198.02,Express,26.02,2024-12,2024
ORD-02312,2024-08-22,CUST-0579,Home Office,East,Electronics,Bluetooth Speaker,1,0.0,5868.36,1183.09,Same Day,20.16,2024-08,2024
ORD-02015,2025-02-06,CUST-0265,Corporate,East,Office Supplies,Printer Ink Cartridge,2,0.0,741.9,185.01,Standard,24.94,2025-02,2025
ORD-02063,2024-08-31,CUST-0568,Corporate,South,Office Supplies,Whiteboard Marker Set,1,0.0,162.3,47.11,Express,29.03,2024-08,2024
ORD-01946,2025-07-25,CUST-1090,Home Office,West,Clothing,Hoodie,1,0.1,1402.02,249.34,Standard,17.78,2025-07,2025
ORD-02812,2025-04-14,CUST-0116,Consumer,West,Clothing,Running Shoes,1,0.2,850.49,152.7,Standard,17.95,2025-04,2025
ORD-01964,2024-01-26,CUST-0957,Corporate,West,Electronics,USB-C Charger,1,0.05,2472.19,525.3,Express,21.25,2024-01,2024
ORD-01678,2024-04-09,CUST-1371,Consumer,North,Furniture,Study Table,3,0.0,19641.6,2312.47,Standard,11.77,2024-04,2024
ORD-01534,2025-11-21,CUST-1288,Corporate,North,Electronics,Power Bank 10000mAh,1,0.05,1541.99,379.1,Standard,24.59,2025-11,2025
ORD-02933,2024-04-11,CUST-0612,Consumer,East,Clothing,Formal Shirt,4,0.0,8088.08,827.71,Standard,10.23,2024-04,2024
ORD-02283,2024-04-06,CUST-1059,Consumer,West,Office Supplies,Whiteboard Marker Set,1,0.05,154.18,42.44,Same Day,27.53,2024-04,2024
ORD-02295,2024-11-28,CUST-1017,Consumer,North,Furniture,Office Chair,1,0.0,12690.96,3867.06,Standard,30.47,2024-11,2024
ORD-01502,2024-06-20,CUST-0419,Home Office,North,Electronics,USB-C Charger,1,0.05,2472.19,456.67,Standard,18.47,2024-06,2024
ORD-02558,2024-04-21,CUST-0762,Corporate,South,Electronics,Laptop Stand,2,0.05,3471.47,817.7,Standard,23.55,2024-04,2024
ORD-02457,2025-08-05,CUST-0159,Home Office,East,Office Supplies,Sticky Notes Pack,1,0.0,245.23,39.58,Standard,16.14,2025-08,2025
ORD-01854,2025-11-24,CUST-0260,Consumer,South,Furniture,Recliner Sofa,3,0.15,17436.14,884.74,Express,5.07,2025-11,2025
ORD-01410,2025-07-23,CUST-0408,Consumer,North,Office Supplies,Sticky Notes Pack,1,0.15,208.45,24.27,Express,11.64,2025-07,2025
ORD-02092,2025-09-17,CUST-0899,Consumer,East,Furniture,Recliner Sofa,3,0.05,19487.44,1573.45,Standard,8.07,2025-09,2025
ORD-01165,2024-06-20,CUST-1022,Consumer,East,Clothing,Woolen Sweater,1,0.0,1899.39,546.14,Express,28.75,2024-06,2024
ORD-02857,2025-12-23,CUST-0758,Corporate,North,Clothing,Denim Jeans,1,0.05,501.12,112.08,Express,22.37,2025-12,2025
ORD-01880,2025-04-21,CUST-0184,Consumer,East,Office Supplies,Printer Ink Cartridge,2,0.0,741.9,185.01,Standard,24.94,2025-04,2025
ORD-01861,2024-06-11,CUST-1009,Home Office,West,Furniture,Recliner Sofa,1,0.1,6153.93,404.57,Standard,6.57,2024-06,2024
ORD-01461,2025-08-08,CUST-0494,Consumer,East,Electronics,Smartwatch,1,0.0,1651.05,436.58,Standard,26.44,2025-08,2025
ORD-01558,2024-02-27,CUST-0013,Home Office,South,Electronics,Bluetooth Speaker,1,0.2,4694.69,664.79,Standard,14.16,2024-02,2024
ORD-01445,2024-09-20,CUST-0982,Home Office,South,Clothing,Running Shoes,1,0.2,850.49,152.7,Standard,17.95,2024-09,2024
ORD-01730,2025-09-23,CUST-1212,Corporate,West,Electronics,Laptop Stand,2,0.05,3471.47,817.7,Same Day,23.55,2025-09,2025
ORD-02835,2024-01-13,CUST-0067,Consumer,North,Office Supplies,Whiteboard Marker Set,1,0.0,162.3,47.11,Express,29.03,2024-01,2024
ORD-02442,2024-11-11,CUST-0477,Corporate,North,Clothing,Rain Jacket,2,0.1,2278.1,127.2,Standard,5.58,2024-11,2024
ORD-02308,2025-07-04,CUST-0499,Consumer,East,Office Supplies,Sticky Notes Pack,1,0.0,245.23,39.58,Standard,16.14,2025-07,2025
ORD-01672,2025-04-05,CUST-0985,Consumer,North,Electronics,Noise Cancelling Headphones,2,0.2,7509.87,1728.5,Express,23.02,2025-04,2025
ORD-01437,2024-12-13,CUST-1159,Home Office,South,Furniture,Bookshelf,1,0.1,1171.44,281.61,Standard,24.04,2024-12,2024
ORD-02887,2024-06-22,CUST-0136,Consumer,North,Clothing,Sports Cap,1,0.0,1518.88,166.04,Standard,10.93,2024-06,2024
ORD-02099,2024-11-30,CUST-0238,Corporate,West,Furniture,Study Table,1,0.0,6547.2,770.82,Standard,11.77,2024-11,2024
ORD-01047,2025-04-07,CUST-0064,Home Office,West,Electronics,USB-C Charger,2,0.0,5204.62,1039.48,Express,19.97,2025-04,2025
ORD-03028,2024-07-10,CUST-1281,Home Office,North,Electronics,Bluetooth Speaker,2,0.0,11736.72,2366.17,Standard,20.16,2024-07,2024
ORD-01420,2025-06-20,CUST-1083,Consumer,East,Clothing,Hoodie,1,0.0,1557.8,323.78,Standard,20.78,2025-06,2025
ORD-02532,2024-05-08,CUST-0531,Consumer,East,Office Supplies,Sticky Notes Pack,1,0.0,245.23,39.58,Standard,16.14,2024-05,2024
ORD-02201,2025-05-04,CUST-0939,Consumer,North,Office Supplies,Sticky Notes Pack,2,0.0,490.46,79.16,Standard,16.14,2025-05,2025
ORD-02480,2025-07-24,CUST-0493,Corporate,East,Furniture,Filing Cabinet,2,0.0,15402.26,3871.73,Express,25.14,2025-07,2025
ORD-02413,2024-12-11,CUST-0153,Consumer,South,Furniture,Wall Shelf,2,0.0,17834.12,3529.62,Standard,19.79,2024-12,2024
ORD-03063,2025-12-16,CUST-0528,Home Office,West,Office Supplies,A4 Paper Ream,1,0.0,414.45,35.7,Standard,8.61,2025-12,2025
ORD-01679,2024-09-08,CUST-0021,Corporate,West,Office Supplies,Desk Organizer,2,0.15,307.26,25.42,Express,8.27,2024-09,2024
ORD-02616,2024-01-13,CUST-0128,Corporate,South,Clothing,Formal Shirt,4,0.0,8088.08,1307.22,Standard,16.16,2024-01,2024
ORD-02032,2024-12-09,CUST-1108,Corporate,North,Office Supplies,Sticky Notes Pack,1,0.1,220.71,29.0,Standard,13.14,2024-12,2024
ORD-02873,2025-11-23,CUST-0598,Corporate,East,Clothing,Sports Cap,2,0.15,2582.1,166.07,Express,6.43,2025-11,2025
ORD-02493,2024-11-24,CUST-0728,Corporate,East,Electronics,Smartwatch,1,0.1,1485.94,348.34,Standard,23.44,2024-11,2024
ORD-02888,2025-10-25,CUST-1334,Corporate,East,Office Supplies,File Folder Pack,1,0.05,156.97,48.46,Standard,30.87,2025-10,2025
ORD-01535,2025-04-09,CUST-0601,Corporate,North,Clothing,Hoodie,1,0.05,1479.91,285.39,Standard,19.28,2025-04,2025
ORD-02348,2025-05-06,CUST-0889,Corporate,West,Electronics,Power Bank 10000mAh,1,0.0,1623.15,423.4,Express,26.09,2025-05,2025
ORD-02460,2025-05-05,CUST-0859,Consumer,North,Furniture,Study Table,1,0.0,6547.2,770.82,Standard,11.77,2025-05,2025
ORD-02484,2025-12-22,CUST-0723,Home Office,South,Electronics,Power Bank 10000mAh,2,0.0,3246.3,846.8,Standard,26.09,2025-12,2025
ORD-02964,2024-05-25,CUST-0396,Home Office,South,Office Supplies,Ballpoint Pen Box,2,0.0,160.64,54.57,Express,33.97,2024-05,2024
ORD-02453,2024-10-08,CUST-0015,Consumer,West,Electronics,Smartwatch,2,0.0,3302.1,873.15,Same Day,26.44,2024-10,2024
ORD-02612,2024-12-19,CUST-1199,Corporate,West,Electronics,Bluetooth Speaker,1,0.0,5868.36,1183.09,Standard,20.16,2024-12,2024
ORD-02687,2025-06-10,CUST-0455,Home Office,North,Furniture,Recliner Sofa,1,0.0,6837.7,654.65,Express,9.57,2025-06,2025
ORD-01484,2025-02-16,CUST-0374,Corporate,West,Electronics,USB-C Charger,1,0.0,2602.31,519.74,Express,19.97,2025-02,2025
ORD-01080,2025-06-15,CUST-0604,Corporate,East,Electronics,Wireless Mouse,1,0.0,4779.36,503.88,Express,10.54,2025-06,2025
ORD-01099,2025-10-09,CUST-0492,Consumer,East,Office Supplies,File Folder Pack,3,0.0,495.69,160.46,Express,32.37,2025-10,2025
ORD-02895,2024-05-27,CUST-0424,Home Office,North,Electronics,Wireless Mouse,1,0.0,4779.36,503.88,Express,10.54,2024-05,2024
ORD-01120,2024-12-24,CUST-1006,Consumer,West,Electronics,Laptop Stand,1,0.15,1553.03,319.22,Standard,20.55,2024-12,2024
ORD-01987,2024-11-05,CUST-1071,Home Office,West,Office Supplies,Ballpoint Pen Box,2,0.0,160.64,54.57,Standard,33.97,2024-11,2024
ORD-01496,2025-01-05,CUST-0001,Consumer,East,Electronics,Noise Cancelling Headphones,1,0.0,4693.67,1361.93,Standard,29.02,2025-01,2025
ORD-01282,2025-07-17,CUST-0122,Consumer,North,Furniture,Wall Shelf,1,0.1,8025.35,1347.57,Standard,16.79,2025-07,2025
ORD-01992,2025-10-17,CUST-1138,Corporate,East,Office Supplies,Ballpoint Pen Box,2,0.0,160.64,54.57,Standard,33.97,2025-10,2025
ORD-02787,2025-06-16,CUST-1375,Corporate,West,Electronics,USB-C Charger,1,0.2,2081.85,290.88,Same Day,13.97,2025-06,2025
ORD-02734,2025-12-10,CUST-1191,Corporate,North,Clothing,Sports Cap,1,0.0,1518.88,166.04,Same Day,10.93,2025-12,2025
ORD-02777,2025-09-10,CUST-0151,Consumer,West,Electronics,Bluetooth Speaker,1,0.0,5868.36,1183.09,Standard,20.16,2025-09,2025
ORD-01902,2025-05-04,CUST-0663,Corporate,West,Office Supplies,Whiteboard Marker Set,1,0.05,154.18,42.44,Standard,27.53,2025-05,2025
ORD-03066,2025-05-18,CUST-1062,Home Office,East,Electronics,Bluetooth Speaker,2,0.0,11736.72,2366.17,Express,20.16,2025-05,2025
ORD-01823,2025-07-24,CUST-1178,Consumer,West,Office Supplies,Whiteboard Marker Set,1,0.0,162.3,47.11,Standard,29.03,2025-07,2025
ORD-02519,2025-05-06,CUST-1167,Home Office,East,Electronics,Power Bank 10000mAh,2,0.05,3083.98,758.2,Standard,24.59,2025-05,2025
ORD-01639,2025-11-14,CUST-0170,Home Office,North,Furniture,Bookshelf,1,0.05,1236.52,315.8,Standard,25.54,2025-11,2025
ORD-01701,2024-11-09,CUST-1118,Consumer,West,Electronics,Bluetooth Speaker,2,0.15,9976.21,1562.32,Standard,15.66,2024-11,2024
ORD-02017,2024-09-21,CUST-0992,Corporate,West,Furniture,Bookshelf,2,0.05,2473.04,631.6,Standard,25.54,2024-09,2024
ORD-01025,2024-09-20,CUST-0027,Consumer,South,Office Supplies,Sticky Notes Pack,1,0.1,220.71,29.0,Express,13.14,2024-09,2024
ORD-02687,2025-06-10,CUST-0455,Home Office,North,Electronics,Smartwatch,1,0.05,1568.5,391.22,Express,24.94,2025-06,2025
ORD-02741,2024-10-06,CUST-1182,Corporate,South,Office Supplies,Ballpoint Pen Box,2,0.1,144.58,44.78,Standard,30.97,2024-10,2024
ORD-02729,2025-09-28,CUST-1216,Consumer,East,Clothing,Sports Cap,1,0.0,1518.88,166.04,Standard,10.93,2025-09,2025
ORD-03019,2024-02-05,CUST-0622,Consumer,West,Clothing,Woolen Sweater,1,0.0,1899.39,546.14,Standard,28.75,2024-02,2024
ORD-02828,2024-11-20,CUST-0135,Consumer,South,Electronics,Bluetooth Speaker,1,0.0,5868.36,1183.09,Express,20.16,2024-11,2024
ORD-02081,2024-06-27,CUST-1116,Consumer,South,Electronics,Noise Cancelling Headphones,1,0.0,4693.67,1361.93,Express,29.02,2024-06,2024
ORD-02350,2024-05-29,CUST-0505,Consumer,North,Electronics,Bluetooth Speaker,1,0.0,5868.36,1183.09,Standard,20.16,2024-05,2024
ORD-01692,2024-07-17,CUST-1094,Consumer,South,Office Supplies,Desk Organizer,2,0.0,361.48,46.17,Standard,12.77,2024-07,2024
ORD-01377,2025-10-16,CUST-0021,Consumer,East,Office Supplies,A4 Paper Ream,1,0.0,414.45,35.7,Standard,8.61,2025-10,2025
ORD-01959,2025-10-12,CUST-0897,Corporate,North,Clothing,Rain Jacket,2,0.0,2531.22,217.27,Express,8.58,2025-10,2025
ORD-03005,2025-06-05,CUST-0968,Consumer,North,Electronics,Smartwatch,1,0.2,1320.84,270.01,Standard,20.44,2025-06,2025
ORD-01263,2024-02-23,CUST-0341,Home Office,East,Electronics,Noise Cancelling Headphones,1,0.2,3754.94,864.25,Standard,23.02,2024-02,2024
ORD-02099,2024-11-30,CUST-0238,Corporate,West,Electronics,USB-C Charger,1,0.0,2602.31,519.74,Standard,19.97,2024-11,2024
ORD-01866,2025-12-04,CUST-0675,Consumer,South,Electronics,Wireless Mouse,2,0.0,9558.72,1007.76,Standard,10.54,2025-12,2025
ORD-01719,2025-12-10,CUST-0998,Corporate,South,Clothing,Rain Jacket,2,0.0,2531.22,217.27,Standard,8.58,2025-12,2025
ORD-01848,2025-01-06,CUST-0791,Home Office,East,Electronics,Power Bank 10000mAh,2,0.05,3083.98,758.2,Standard,24.59,2025-01,2025
ORD-03009,2025-05-04,CUST-0935,Corporate,East,Office Supplies,Printer Ink Cartridge,1,0.1,333.86,73.24,Express,21.94,2025-05,2025
ORD-01565,2025-11-20,CUST-1170,Consumer,West,Clothing,Cotton T-Shirt,1,0.0,1214.78,110.83,Standard,9.12,2025-11,2025
ORD-02422,2025-05-24,CUST-0141,Consumer,North,Electronics,Webcam HD,1,0.0,4621.72,955.68,Standard,20.68,2025-05,2025
ORD-01817,2025-08-09,CUST-1163,Home Office,South,Office Supplies,Desk Organizer,2,0.0,361.48,46.17,Standard,12.77,2025-08,2025
ORD-01897,2024-06-04,CUST-0964,Consumer,East,Electronics,Noise Cancelling Headphones,1,0.1,4224.3,1099.01,Standard,26.02,2024-06,2024
ORD-02343,2024-07-20,CUST-1360,Corporate,West,Clothing,Formal Shirt,2,0.05,3841.84,335.54,Express,8.73,2024-07,2024
ORD-03045,2025-07-25,CUST-0122,Home Office,South,Electronics,Bluetooth Speaker,1,0.15,4988.11,781.16,Standard,15.66,2025-07,2025
ORD-01846,2024-09-19,CUST-0630,Consumer,North,Furniture,Bean Bag,1,0.0,7533.04,835.59,Standard,11.09,2024-09,2024
ORD-02379,2024-11-18,CUST-1124,Consumer,West,Electronics,Noise Cancelling Headphones,1,0.0,4693.67,1361.93,Standard,29.02,2024-11,2024
ORD-02118,2025-09-24,CUST-0350,Consumer,North,Electronics,Power Bank 10000mAh,1,0.1,1460.84,337.23,Standard,23.08,2025-09,2025
ORD-01778,2024-12-14,CUST-1153,Consumer,West,Furniture,Wall Shelf,1,0.0,8917.06,1764.81,Express,19.79,2024-12,2024
ORD-01466,2025-11-13,CUST-0129,Corporate,South,Office Supplies,Whiteboard Marker Set,1,0.0,162.3,47.11,Standard,29.03,2025-11,2025
ORD-02299,2024-01-08,CUST-0046,Consumer,South,Electronics,Bluetooth Speaker,1,0.0,5868.36,1183.09,Express,20.16,2024-01,2024
ORD-02156,2024-03-15,CUST-0886,Consumer,North,Office Supplies,Stapler,1,0.0,252.46,54.35,Standard,21.53,2024-03,2024
ORD-02362,2024-09-13,CUST-1217,Consumer,South,Office Supplies,Printer Ink Cartridge,1,0.0,370.95,92.51,Express,24.94,2024-09,2024
ORD-02942,2024-10-20,CUST-0178,Home Office,East,Office Supplies,Sticky Notes Pack,1,0.0,245.23,39.58,Express,16.14,2024-10,2024
ORD-02920,2025-02-03,CUST-0551,Consumer,East,Furniture,Recliner Sofa,2,0.0,13675.4,1309.31,Standard,9.57,2025-02,2025
ORD-01830,2025-10-09,CUST-0268,Consumer,South,Office Supplies,Printer Ink Cartridge,2,0.0,741.9,185.01,Standard,24.94,2025-10,2025
ORD-02206,2024-09-30,CUST-1068,Corporate,North,Electronics,Smartwatch,1,0.0,1651.05,436.58,Standard,26.44,2024-09,2024
ORD-02419,2024-01-23,CUST-1087,Consumer,East,Electronics,Webcam HD,1,0.0,4621.72,955.68,Express,20.68,2024-01,2024
ORD-01134,2024-02-08,CUST-0682,Consumer,South,Electronics,Power Bank 10000mAh,1,0.0,1623.15,423.4,Standard,26.09,2024-02,2024
ORD-02176,2024-10-30,CUST-1184,Corporate,North,Office Supplies,Whiteboard Marker Set,3,0.0,486.9,141.33,Standard,29.03,2024-10,2024
ORD-02413,2024-12-11,CUST-0153,Consumer,South,Furniture,Office Chair,1,0.0,12690.96,3867.06,Standard,30.47,2024-12,2024
ORD-03063,2025-12-16,CUST-0528,Home Office,West,Furniture,Study Table,3,0.05,18659.52,1916.95,Standard,10.27,2025-12,2025
ORD-02769,2024-07-05,CUST-0551,Consumer,West,Office Supplies,Stapler,1,0.0,252.46,54.35,Standard,21.53,2024-07,2024
ORD-01620,2025-12-27,CUST-1206,Corporate,West,Office Supplies,A4 Paper Ream,2,0.1,746.01,41.88,Standard,5.61,2025-12,2025
ORD-01825,2025-07-20,CUST-0785,Consumer,East,Furniture,Bean Bag,1,0.0,7533.04,835.59,Same Day,11.09,2025-07,2025
ORD-02596,2025-02-21,CUST-0142,Corporate,South,Electronics,Smartwatch,1,0.0,1651.05,436.58,Same Day,26.44,2025-02,2025
ORD-01052,2025-10-26,CUST-0981,Consumer,North,Office Supplies,Printer Ink Cartridge,1,0.1,333.86,73.24,Standard,21.94,2025-10,2025
ORD-01967,2025-11-25,CUST-0214,Corporate,South,Office Supplies,A4 Paper Ream,2,0.0,828.9,71.4,Standard,8.61,2025-11,2025
ORD-01709,2024-09-09,CUST-0544,Home Office,South,Electronics,Bluetooth Speaker,1,0.0,5868.36,1183.09,Standard,20.16,2024-09,2024
ORD-01626,2025-07-19,CUST-0078,Consumer,East,Clothing,Rain Jacket,1,0.0,1265.61,108.63,Standard,8.58,2025-07,2025
ORD-02617,2024-09-04,CUST-0915,Corporate,East,Office Supplies,File Folder Pack,1,0.0,165.23,53.49,Standard,32.37,2024-09,2024
ORD-02993,2025-06-12,CUST-0371,Home Office,West,Electronics,Laptop Stand,1,0.0,1827.09,457.78,Standard,25.06,2025-06,2025
ORD-01234,2025-12-05,CUST-0707,Corporate,North,Clothing,Cotton T-Shirt,3,0.0,3644.34,332.49,Standard,9.12,2025-12,2025
ORD-02959,2025-01-26,CUST-1021,Corporate,North,Office Supplies,File Folder Pack,1,0.0,165.23,53.49,Express,32.37,2025-01,2025
ORD-02069,2024-03-16,CUST-1028,Consumer,West,Electronics,Wireless Mouse,3,0.15,12187.37,736.46,Standard,6.04,2024-03,2024
ORD-01415,2024-12-14,CUST-0782,Consumer,East,Furniture,Study Table,2,0.0,13094.4,1541.65,Standard,11.77,2024-12,2024
ORD-02385,2024-10-27,CUST-1248,Consumer,North,Office Supplies,File Folder Pack,1,0.0,165.23,53.49,Standard,32.37,2024-10,2024
ORD-03052,2025-10-01,CUST-0936,Home Office,West,Electronics,USB-C Charger,1,0.05,2472.19,456.67,Express,18.47,2025-10,2025
ORD-01431,2025-03-06,CUST-0187,Home Office,East,Electronics,Smartwatch,1,0.0,1651.05,436.58,Standard,26.44,2025-03,2025
ORD-01515,2025-09-19,CUST-0869,Consumer,East,Office Supplies,Desk Organizer,2,0.0,361.48,46.17,Express,12.77,2025-09,2025
ORD-01067,2025-09-09,CUST-0962,Consumer,North,Electronics,Bluetooth Speaker,1,0.0,5868.36,1183.09,Standard,20.16,2025-09,2025
ORD-02978,2025-09-27,CUST-0088,Consumer,South,Clothing,Denim Jeans,1,0.2,421.99,75.39,Standard,17.87,2025-09,2025
ORD-01740,2024-07-23,CUST-0874,Consumer,North,Office Supplies,A4 Paper Ream,1,0.0,414.45,35.7,Express,8.61,2024-07,2024
ORD-02103,2024-06-24,CUST-1160,Consumer,North,Electronics,Noise Cancelling Headphones,1,0.0,4693.67,1361.93,Standard,29.02,2024-06,2024
ORD-02834,2025-11-05,CUST-1003,Consumer,South,Clothing,Running Shoes,1,0.0,1063.11,254.67,Express,23.96,2025-11,2025
ORD-01436,2025-10-27,CUST-1167,Consumer,South,Office Supplies,Stapler,1,0.0,252.46,54.35,Standard,21.53,2025-10,2025
ORD-01314,2024-12-28,CUST-0241,Consumer,South,Office Supplies,Whiteboard Marker Set,1,0.0,162.3,47.11,Same Day,29.03,2024-12,2024
ORD-02441,2024-02-13,CUST-1278,Consumer,West,Office Supplies,Desk Organizer,1,0.2,144.59,9.79,Standard,6.77,2024-02,2024
ORD-02414,2025-09-12,CUST-0486,Corporate,South,Electronics,Power Bank 10000mAh,1,0.0,1623.15,423.4,Standard,26.09,2025-09,2025
ORD-01292,2024-11-08,CUST-0583,Corporate,East,Electronics,Noise Cancelling Headphones,1,0.2,3754.94,864.25,Standard,23.02,2024-11,2024
ORD-01471,2025-10-29,CUST-0563,Consumer,East,Electronics,Wireless Mouse,1,0.0,4779.36,503.88,Same Day,10.54,2025-10,2025
ORD-01167,2024-05-17,CUST-0722,Home Office,East,Electronics,Bluetooth Speaker,1,0.0,5868.36,1183.09,Standard,20.16,2024-05,2024
ORD-01900,2024-08-25,CUST-1275,Corporate,North,Office Supplies,Whiteboard Marker Set,1,0.0,162.3,47.11,Standard,29.03,2024-08,2024
ORD-01588,2025-10-02,CUST-0473,Home Office,West,Electronics,Webcam HD,1,0.1,4159.55,735.33,Standard,17.68,2025-10,2025
ORD-02315,2025-11-27,CUST-0945,Corporate,South,Office Supplies,Sticky Notes Pack,1,0.05,232.97,34.11,Same Day,14.64,2025-11,2025
ORD-01703,2024-10-25,CUST-0643,Consumer,North,Electronics,Smartwatch,1,0.0,1651.05,436.58,Standard,26.44,2024-10,2024
ORD-02477,2024-11-26,CUST-0368,Consumer,North,Office Supplies,Desk Organizer,1,0.0,180.74,23.09,Standard,12.78,2024-11,2024
ORD-01789,2025-10-22,CUST-1310,Consumer,East,Office Supplies,Stapler,2,0.0,504.92,108.7,Standard,21.53,2025-10,2025
ORD-01467,2025-09-08,CUST-1087,Consumer,North,Clothing,Rain Jacket,1,0.0,1265.61,108.63,Express,8.58,2025-09,2025
ORD-01481,2024-11-16,CUST-1034,Consumer,East,Electronics,Noise Cancelling Headphones,1,0.0,4693.67,1361.93,Standard,29.02,2024-11,2024
ORD-02380,2025-06-25,CUST-1130,Home Office,West,Clothing,Woolen Sweater,1,0.0,1899.39,546.14,Standard,28.75,2025-06,2025
ORD-02145,2024-07-02,CUST-0481,Corporate,West,Furniture,Bookshelf,2,0.0,2603.2,703.89,Standard,27.04,2024-07,2024
ORD-02183,2024-02-21,CUST-1071,Consumer,North,Furniture,Office Chair,1,0.0,12690.96,3867.06,Standard,30.47,2024-02,2024
ORD-01401,2024-06-07,CUST-0162,Consumer,East,Electronics,Bluetooth Speaker,1,0.05,5574.94,1040.31,Standard,18.66,2024-06,2024
ORD-01431,2025-03-06,CUST-0187,Home Office,East,Electronics,Power Bank 10000mAh,1,0.0,1623.15,423.4,Standard,26.09,2025-03,2025
ORD-02382,2024-03-11,CUST-0552,Consumer,East,Electronics,Noise Cancelling Headphones,3,0.0,14081.01,4085.8,Standard,29.02,2024-03,2024
ORD-03037,2025-05-06,CUST-0664,Consumer,East,Office Supplies,File Folder Pack,2,0.15,280.89,78.28,Standard,27.87,2025-05,2025
ORD-02790,2025-10-07,CUST-0667,Consumer,East,Office Supplies,Ballpoint Pen Box,1,0.0,80.32,27.29,Standard,33.98,2025-10,2025
ORD-02704,2024-10-06,CUST-0858,Consumer,East,Clothing,Running Shoes,1,0.0,1063.11,254.67,Express,23.96,2024-10,2024
ORD-01910,2024-04-04,CUST-0923,Consumer,South,Clothing,Cotton T-Shirt,1,0.0,1214.78,110.83,Standard,9.12,2024-04,2024
ORD-02879,2024-10-22,CUST-1045,Consumer,West,Office Supplies,Sticky Notes Pack,1,0.0,245.23,39.58,Express,16.14,2024-10,2024
ORD-01563,2024-04-09,CUST-1339,Corporate,West,Furniture,Bed Side Table,1,0.1,4726.43,1236.68,Same Day,26.17,2024-04,2024
ORD-02481,2024-10-22,CUST-0963,Consumer,North,Electronics,Webcam HD,1,0.05,4390.63,842.04,Express,19.18,2024-10,2024
ORD-01518,2025-03-22,CUST-0292,Home Office,East,Furniture,Bean Bag,2,0.0,15066.08,1671.18,Standard,11.09,2025-03,2025
ORD-02116,2025-01-16,CUST-0338,Corporate,East,Office Supplies,Printer Ink Cartridge,1,0.1,333.86,73.24,Standard,21.94,2025-01,2025
ORD-01660,2025-07-06,CUST-1159,Consumer,West,Furniture,Filing Cabinet,1,0.0,7701.13,1935.86,Express,25.14,2025-07,2025
ORD-02797,2024-09-08,CUST-1254,Consumer,South,Electronics,Wireless Mouse,1,0.0,4779.36,503.88,Standard,10.54,2024-09,2024
ORD-01029,2025-04-21,CUST-0413,Corporate,North,Clothing,Cotton T-Shirt,4,0.15,4130.25,190.97,Express,4.62,2025-04,2025
ORD-01426,2025-09-04,CUST-1101,Corporate,West,Office Supplies,Printer Ink Cartridge,1,0.0,370.95,92.51,Standard,24.94,2025-09,2025
ORD-02164,2024-01-20,CUST-0738,Corporate,South,Office Supplies,Sticky Notes Pack,1,0.05,232.97,34.11,Express,14.64,2024-01,2024
ORD-02405,2025-07-09,CUST-0926,Corporate,East,Clothing,Rain Jacket,3,0.0,3796.83,325.9,Standard,8.58,2025-07,2025
ORD-01394,2025-12-11,CUST-0351,Home Office,East,Electronics,USB-C Charger,1,0.0,2602.31,519.74,Standard,19.97,2025-12,2025
ORD-02149,2024-10-21,CUST-0529,Corporate,North,Office Supplies,Stapler,1,0.0,252.46,54.35,Standard,21.53,2024-10,2024
ORD-01677,2025-11-12,CUST-0437,Consumer,South,Electronics,Wireless Mouse,1,0.05,4540.39,410.58,Express,9.04,2025-11,2025
ORD-02141,2025-03-27,CUST-1058,Corporate,North,Furniture,Bookshelf,1,0.0,1301.6,351.95,Standard,27.04,2025-03,2025
ORD-02826,2024-12-07,CUST-1189,Consumer,North,Office Supplies,Sticky Notes Pack,2,0.0,490.46,79.16,Same Day,16.14,2024-12,2024
ORD-03011,2024-01-05,CUST-1090,Corporate,East,Office Supplies,Stapler,2,0.0,504.92,108.7,Standard,21.53,2024-01,2024
ORD-02194,2025-03-14,CUST-1059,Consumer,West,Clothing,Denim Jeans,1,0.0,527.49,125.89,Standard,23.87,2025-03,2025
ORD-01899,2024-05-24,CUST-0236,Consumer,North,Electronics,Webcam HD,1,0.0,4621.72,955.68,Same Day,20.68,2024-05,2024
ORD-01173,2025-12-27,CUST-1235,Consumer,West,Electronics,USB-C Charger,2,0.0,5204.62,1039.48,Standard,19.97,2025-12,2025
ORD-01717,2025-01-22,CUST-0507,Corporate,North,Electronics,Laptop Stand,1,0.0,1827.09,457.78,Standard,25.06,2025-01,2025
ORD-02629,2024-01-02,CUST-0422,Home Office,North,Office Supplies,Ballpoint Pen Box,1,0.0,80.32,27.29,Express,33.98,2024-01,2024
ORD-03046,2025-07-26,CUST-0573,Corporate,West,Clothing,Sports Cap,1,0.0,1518.88,166.04,Standard,10.93,2025-07,2025
ORD-01161,2024-06-17,CUST-0038,Consumer,West,Clothing,Woolen Sweater,1,0.15,1614.48,391.57,Standard,24.25,2024-06,2024
ORD-02381,2024-05-09,CUST-1018,Consumer,West,Clothing,Cotton T-Shirt,1,0.0,1214.78,110.83,Standard,9.12,2024-05,2024
ORD-01102,2024-11-15,CUST-0449,Corporate,West,Furniture,Bean Bag,1,0.15,6403.08,422.11,Same Day,6.59,2024-11,2024
ORD-01724,2024-12-01,CUST-1196,Corporate,North,Office Supplies,Stapler,1,0.1,227.21,42.1,Standard,18.53,2024-12,2024
ORD-01188,2024-03-28,CUST-0769,Corporate,East,Electronics,Smartwatch,1,0.0,1651.05,436.58,Standard,26.44,2024-03,2024
ORD-02325,2025-12-06,CUST-1370,Home Office,North,Office Supplies,Sticky Notes Pack,2,0.15,416.89,48.53,Standard,11.64,2025-12,2025
ORD-01693,2024-01-08,CUST-0734,Consumer,East,Office Supplies,File Folder Pack,4,0.0,660.92,213.94,Standard,32.37,2024-01,2024
ORD-01519,2024-09-18,CUST-0274,Consumer,East,Office Supplies,Printer Ink Cartridge,3,0.0,1112.85,277.52,Standard,24.94,2024-09,2024
ORD-02656,2024-01-26,CUST-0146,Consumer,North,Office Supplies,Printer Ink Cartridge,1,0.2,296.76,56.2,Same Day,18.94,2024-01,2024
ORD-01457,2025-03-16,CUST-0903,Consumer,North,Office Supplies,Whiteboard Marker Set,2,0.0,324.6,94.22,Express,29.03,2025-03,2025
ORD-01505,2024-05-07,CUST-0607,Consumer,West,Office Supplies,Desk Organizer,1,0.0,180.74,23.09,Express,12.78,2024-05,2024
ORD-02852,2025-01-15,CUST-0807,Home Office,South,Electronics,Noise Cancelling Headphones,2,0.0,9387.34,2723.86,Standard,29.02,2025-01,2025
ORD-01309,2025-09-20,CUST-0926,Corporate,West,Furniture,Bookshelf,2,0.15,2212.72,498.74,Standard,22.54,2025-09,2025
ORD-01002,2025-10-14,CUST-0926,Consumer,East,Office Supplies,Ballpoint Pen Box,3,0.0,240.96,81.86,Standard,33.97,2025-10,2025
ORD-02190,2024-06-30,CUST-0158,Home Office,East,Electronics,Laptop Stand,3,0.1,4933.14,1088.0,Standard,22.05,2024-06,2024
ORD-02577,2024-12-07,CUST-0872,Consumer,East,Furniture,Wall Shelf,2,0.0,17834.12,3529.62,Standard,19.79,2024-12,2024
ORD-01820,2024-02-22,CUST-1329,Corporate,West,Clothing,Woolen Sweater,3,0.1,5128.35,1320.73,Standard,25.75,2024-02,2024
ORD-02791,2024-07-01,CUST-0588,Consumer,East,Office Supplies,Desk Organizer,1,0.0,180.74,23.09,Standard,12.78,2024-07,2024
ORD-01714,2025-08-31,CUST-1398,Corporate,West,Clothing,Rain Jacket,4,0.0,5062.44,434.54,Express,8.58,2025-08,2025
ORD-01331,2025-03-03,CUST-1034,Consumer,South,Office Supplies,A4 Paper Ream,3,0.0,1243.35,107.09,Standard,8.61,2025-03,2025
ORD-02931,2024-11-20,CUST-0484,Consumer,South,Electronics,Wireless Mouse,2,0.0,9558.72,1007.76,Standard,10.54,2024-11,2024
ORD-01504,2025-08-28,CUST-0075,Consumer,North,Office Supplies,Ballpoint Pen Box,2,0.15,136.54,40.24,Standard,29.47,2025-08,2025
ORD-02406,2025-02-23,CUST-0903,Corporate,North,Office Supplies,Printer Ink Cartridge,1,0.0,370.95,92.51,Standard,24.94,2025-02,2025
ORD-01091,2025-09-22,CUST-1311,Consumer,West,Clothing,Woolen Sweater,1,0.0,1899.39,546.14,Standard,28.75,2025-09,2025
ORD-03024,2024-10-11,CUST-0719,Consumer,North,Office Supplies,File Folder Pack,1,0.0,165.23,53.49,Standard,32.37,2024-10,2024
ORD-02138,2024-03-13,CUST-1245,Corporate,West,Office Supplies,File Folder Pack,1,0.1,148.71,43.68,Same Day,29.37,2024-03,2024
ORD-01656,2025-01-20,CUST-1142,Consumer,South,Electronics,Laptop Stand,1,0.1,1644.38,362.67,Standard,22.06,2025-01,2025
ORD-01496,2025-01-05,CUST-0001,Consumer,East,Clothing,Running Shoes,1,0.0,1063.11,254.67,Standard,23.96,2025-01,2025
ORD-01805,2024-12-02,CUST-0398,Consumer,North,Electronics,Wireless Mouse,2,0.15,8124.91,490.97,Standard,6.04,2024-12,2024
ORD-01395,2025-07-16,CUST-0863,Corporate,North,Office Supplies,Printer Ink Cartridge,1,0.05,352.4,82.59,Express,23.44,2025-07,2025
ORD-01635,2024-04-29,CUST-1399,Corporate,North,Electronics,Smartwatch,2,0.0,3302.1,873.15,Standard,26.44,2024-04,2024
ORD-02647,2024-10-14,CUST-1297,Corporate,South,Clothing,Rain Jacket,2,0.05,2404.66,170.33,Standard,7.08,2024-10,2024
ORD-01855,2025-02-08,CUST-0625,Consumer,West,Electronics,USB-C Charger,1,0.0,2602.31,519.74,Standard,19.97,2025-02,2025
ORD-02900,2024-05-16,CUST-0805,Consumer,North,Clothing,Formal Shirt,1,0.0,2022.02,206.93,Same Day,10.23,2024-05,2024
ORD-01623,2025-10-14,CUST-1295,Home Office,North,Office Supplies,Printer Ink Cartridge,1,0.2,296.76,56.2,Standard,18.94,2025-10,2025
ORD-02335,2025-08-14,CUST-1176,Home Office,South,Clothing,Woolen Sweater,2,0.15,3228.96,783.14,Standard,24.25,2025-08,2025
ORD-01179,2024-10-09,CUST-1399,Consumer,North,Electronics,Power Bank 10000mAh,1,0.1,1460.84,337.23,Standard,23.08,2024-10,2024
ORD-01288,2024-01-18,CUST-0818,Consumer,North,Electronics,Bluetooth Speaker,1,0.0,5868.36,1183.09,Express,20.16,2024-01,2024
ORD-01199,2025-07-03,CUST-0820,Corporate,North,Electronics,USB-C Charger,1,0.0,2602.31,519.74,Same Day,19.97,2025-07,2025
ORD-02116,2025-01-16,CUST-0338,Corporate,East,Clothing,Running Shoes,1,0.0,1063.11,254.67,Standard,23.96,2025-01,2025
ORD-02751,2024-10-27,CUST-1208,Corporate,North,Electronics,Noise Cancelling Headphones,2,0.1,8448.61,2198.02,Same Day,26.02,2024-10,2024
ORD-02012,2025-12-27,CUST-0508,Consumer,East,Clothing,Hoodie,1,0.0,1557.8,323.78,Standard,20.78,2025-12,2025
ORD-01760,2025-08-25,CUST-0541,Home Office,East,Office Supplies,Desk Organizer,1,0.2,144.59,9.79,Express,6.77,2025-08,2025
ORD-02684,2024-04-23,CUST-0475,Corporate,North,Clothing,Cotton T-Shirt,1,0.0,1214.78,110.83,Standard,9.12,2024-04,2024
ORD-02593,2024-03-29,CUST-0293,Consumer,East,Furniture,Recliner Sofa,1,0.0,6837.7,654.65,Standard,9.57,2024-03,2024
ORD-02148,2025-02-13,CUST-0865,Consumer,West,Electronics,Power Bank 10000mAh,1,0.0,1623.15,423.4,Express,26.09,2025-02,2025
ORD-02422,2025-05-24,CUST-0141,Consumer,North,Electronics,Smartwatch,1,0.0,1651.05,436.58,Standard,26.44,2025-05,2025
ORD-01830,2025-10-09,CUST-0268,Consumer,South,Office Supplies,Desk Organizer,1,0.0,180.74,23.09,Standard,12.78,2025-10,2025
ORD-01346,2025-07-19,CUST-1250,Consumer,North,Clothing,Woolen Sweater,2,0.0,3798.78,1092.28,Express,28.75,2025-07,2025
ORD-01038,2024-12-24,CUST-0135,Consumer,West,Electronics,Wireless Mouse,2,0.1,8602.85,648.89,Standard,7.54,2024-12,2024
ORD-01303,2025-11-15,CUST-1364,Corporate,South,Electronics,USB-C Charger,1,0.0,2602.31,519.74,Standard,19.97,2025-11,2025
ORD-01859,2024-01-04,CUST-1396,Consumer,North,Electronics,Wireless Mouse,1,0.1,4301.42,324.45,Standard,7.54,2024-01,2024
ORD-01162,2025-12-15,CUST-0824,Consumer,South,Electronics,Power Bank 10000mAh,1,0.0,1623.15,423.4,Standard,26.09,2025-12,2025
ORD-01473,2025-11-16,CUST-0933,Consumer,North,Electronics,Laptop Stand,1,0.0,1827.09,457.78,Express,25.06,2025-11,2025
ORD-01738,2024-09-27,CUST-0340,Consumer,South,Office Supplies,Stapler,1,0.0,252.46,54.35,Standard,21.53,2024-09,2024
ORD-01731,2024-09-02,CUST-0369,Consumer,East,Electronics,Webcam HD,1,0.1,4159.55,735.33,Same Day,17.68,2024-09,2024
ORD-01574,2024-01-11,CUST-0810,Consumer,East,Furniture,Bookshelf,1,0.15,1106.36,249.37,Standard,22.54,2024-01,2024
ORD-01654,2024-01-19,CUST-1049,Corporate,East,Electronics,Wireless Mouse,1,0.0,4779.36,503.88,Express,10.54,2024-01,2024
ORD-02473,2024-07-16,CUST-0030,Consumer,North,Office Supplies,Ballpoint Pen Box,1,0.0,80.32,27.29,Standard,33.98,2024-07,2024
ORD-02935,2025-05-17,CUST-0496,Consumer,East,Clothing,Sports Cap,1,0.1,1366.99,108.42,Standard,7.93,2025-05,2025
ORD-02609,2025-08-11,CUST-0332,Consumer,East,Electronics,Power Bank 10000mAh,1,0.0,1623.15,423.4,Standard,26.09,2025-08,2025
ORD-02344,2025-03-31,CUST-1342,Consumer,North,Office Supplies,A4 Paper Ream,1,0.0,414.45,35.7,Standard,8.61,2025-03,2025
ORD-01918,2024-02-04,CUST-0524,Consumer,North,Clothing,Rain Jacket,1,0.05,1202.33,85.17,Standard,7.08,2024-02,2024
ORD-01634,2025-05-14,CUST-0711,Consumer,West,Furniture,Office Chair,1,0.0,12690.96,3867.06,Express,30.47,2025-05,2025
ORD-01641,2025-10-15,CUST-1151,Consumer,South,Office Supplies,Sticky Notes Pack,1,0.0,245.23,39.58,Standard,16.14,2025-10,2025
ORD-01740,2024-07-23,CUST-0874,Consumer,North,Office Supplies,Whiteboard Marker Set,1,0.0,162.3,47.11,Express,29.03,2024-07,2024
ORD-02829,2024-11-24,CUST-0129,Corporate,North,Electronics,Power Bank 10000mAh,1,0.1,1460.84,337.23,Same Day,23.08,2024-11,2024
ORD-02667,2025-09-18,CUST-0225,Corporate,West,Office Supplies,Printer Ink Cartridge,1,0.0,370.95,92.51,Standard,24.94,2025-09,2025
ORD-01143,2024-11-10,CUST-0744,Corporate,West,Office Supplies,Ballpoint Pen Box,1,0.1,72.29,22.39,Standard,30.97,2024-11,2024
ORD-01483,2024-05-11,CUST-0962,Consumer,North,Clothing,Cotton T-Shirt,1,0.0,1214.78,110.83,Express,9.12,2024-05,2024
ORD-01073,2025-12-26,CUST-0048,Corporate,East,Office Supplies,Whiteboard Marker Set,1,0.0,162.3,47.11,Express,29.03,2025-12,2025
ORD-02531,2025-11-29,CUST-0410,Consumer,South,Furniture,Bed Side Table,1,0.0,5251.59,1531.64,Standard,29.17,2025-11,2025
ORD-01388,2025-08-14,CUST-0652,Consumer,North,Clothing,Running Shoes,1,0.1,956.8,200.49,Standard,20.95,2025-08,2025
ORD-01244,2024-06-25,CUST-0265,Consumer,North,Electronics,USB-C Charger,1,0.0,2602.31,519.74,Same Day,19.97,2024-06,2024
ORD-01496,2025-01-05,CUST-0001,Consumer,East,Office Supplies,Stapler,1,0.0,252.46,54.35,Standard,21.53,2025-01,2025
ORD-01131,2024-06-13,CUST-1246,Corporate,East,Furniture,Bookshelf,1,0.2,1041.28,219.08,Express,21.04,2024-06,2024
ORD-01220,2024-05-29,CUST-0533,Home Office,West,Electronics,Wireless Mouse,1,0.1,4301.42,324.45,Standard,7.54,2024-05,2024
ORD-02005,2025-10-20,CUST-0678,Corporate,East,Clothing,Woolen Sweater,1,0.0,1899.39,546.14,Express,28.75,2025-10,2025
ORD-02146,2025-01-13,CUST-0232,Corporate,West,Office Supplies,Printer Ink Cartridge,1,0.0,370.95,92.51,Standard,24.94,2025-01,2025
ORD-01782,2024-01-29,CUST-0020,Consumer,North,Office Supplies,A4 Paper Ream,1,0.0,414.45,35.7,Same Day,8.61,2024-01,2024
ORD-02998,2025-02-17,CUST-1040,Consumer,West,Electronics,USB-C Charger,1,0.0,2602.31,519.74,Standard,19.97,2025-02,2025
ORD-01009,2025-06-07,CUST-0892,Consumer,West,Electronics,Smartwatch,1,0.0,1651.05,436.58,Standard,26.44,2025-06,2025
ORD-02658,2024-12-07,CUST-0225,Corporate,South,Clothing,Cotton T-Shirt,2,0.0,2429.56,221.66,Standard,9.12,2024-12,2024
ORD-02566,2025-10-31,CUST-1349,Consumer,West,Clothing,Running Shoes,1,0.0,1063.11,254.67,Standard,23.96,2025-10,2025
ORD-02297,2025-04-30,CUST-0878,Corporate,North,Electronics,Wireless Mouse,1,0.0,4779.36,503.88,Standard,10.54,2025-04,2025
ORD-01411,2025-06-07,CUST-0781,Home Office,North,Clothing,Running Shoes,1,0.15,903.64,175.8,Express,19.45,2025-06,2025
ORD-01758,2024-05-01,CUST-0509,Consumer,East,Electronics,Power Bank 10000mAh,2,0.1,2921.67,674.47,Express,23.09,2024-05,2024
ORD-02015,2025-02-06,CUST-0265,Corporate,East,Electronics,Bluetooth Speaker,1,0.0,5868.36,1183.09,Standard,20.16,2025-02,2025
ORD-01174,2025-07-19,CUST-1083,Consumer,South,Furniture,Bed Side Table,2,0.0,10503.18,3063.28,Express,29.17,2025-07,2025
ORD-01180,2024-03-27,CUST-0104,Consumer,East,Electronics,Webcam HD,1,0.15,3928.46,635.55,Express,16.18,2024-03,2024
ORD-03052,2025-10-01,CUST-0936,Home Office,West,Clothing,Cotton T-Shirt,2,0.0,2429.56,221.66,Express,9.12,2025-10,2025
ORD-02364,2025-11-16,CUST-0310,Corporate,East,Office Supplies,Printer Ink Cartridge,2,0.0,741.9,185.01,Standard,24.94,2025-11,2025
ORD-01008,2024-12-13,CUST-0330,Corporate,East,Clothing,Hoodie,1,0.0,1557.8,323.78,Standard,20.78,2024-12,2024
ORD-02919,2025-12-15,CUST-0603,Corporate,North,Office Supplies,Ballpoint Pen Box,1,0.0,80.32,27.29,Standard,33.98,2025-12,2025
ORD-02678,2025-12-20,CUST-0587,Consumer,North,Furniture,Filing Cabinet,1,0.05,7316.07,1729.33,Express,23.64,2025-12,2025
ORD-01426,2025-09-04,CUST-1101,Corporate,West,Electronics,Power Bank 10000mAh,1,0.0,1623.15,423.4,Standard,26.09,2025-09,2025
ORD-02979,2025-08-09,CUST-1174,Corporate,West,Office Supplies,File Folder Pack,1,0.05,156.97,48.46,Standard,30.87,2025-08,2025
ORD-02537,2024-07-30,CUST-0283,Corporate,East,Electronics,Bluetooth Speaker,2,0.0,11736.72,2366.17,Express,20.16,2024-07,2024
ORD-01172,2024-07-18,CUST-0002,Consumer,North,Electronics,Noise Cancelling Headphones,2,0.0,9387.34,2723.86,Standard,29.02,2024-07,2024
ORD-01026,2024-04-30,CUST-0481,Corporate,North,Office Supplies,Whiteboard Marker Set,1,0.05,154.18,42.44,Standard,27.53,2024-04,2024
ORD-02850,2024-10-22,CUST-0725,Consumer,East,Electronics,Wireless Mouse,1,0.0,4779.36,503.88,Express,10.54,2024-10,2024
ORD-01753,2025-04-10,CUST-0559,Corporate,South,Electronics,Webcam HD,1,0.05,4390.63,842.04,Standard,19.18,2025-04,2025
ORD-03007,2024-12-14,CUST-0594,Consumer,East,Furniture,Recliner Sofa,1,0.0,6837.7,654.65,Same Day,9.57,2024-12,2024
ORD-01421,2025-10-29,CUST-1287,Consumer,North,Furniture,Filing Cabinet,2,0.0,15402.26,3060.04,Standard,19.87,2025-10,2025
ORD-02250,2025-11-22,CUST-0586,Consumer,West,Clothing,Sports Cap,1,0.2,1215.1,59.92,Same Day,4.93,2025-11,2025
ORD-01662,2024-12-12,CUST-0944,Consumer,East,Electronics,Power Bank 10000mAh,2,0.0,3246.3,846.8,Standard,26.09,2024-12,2024
ORD-02925,2025-10-13,CUST-0131,Consumer,South,Clothing,Woolen Sweater,2,0.05,3608.84,983.53,Standard,27.25,2025-10,2025
ORD-02119,2025-01-04,CUST-0219,Consumer,North,Electronics,Wireless Mouse,2,0.1,8602.85,648.89,Same Day,7.54,2025-01,2025
ORD-01924,2025-10-05,CUST-0017,Consumer,East,Furniture,Bean Bag,1,0.0,7533.04,835.59,Standard,11.09,2025-10,2025
ORD-02043,2024-06-26,CUST-0235,Consumer,South,Furniture,Bookshelf,2,0.0,2603.2,703.89,Express,27.04,2024-06,2024
ORD-02980,2025-02-25,CUST-0840,Corporate,East,Furniture,Recliner Sofa,1,0.0,6837.7,654.65,Standard,9.57,2025-02,2025
ORD-01952,2024-01-24,CUST-1050,Consumer,East,Electronics,Bluetooth Speaker,1,0.0,5868.36,1183.09,Standard,20.16,2024-01,2024
ORD-02952,2024-10-28,CUST-0757,Corporate,North,Electronics,Webcam HD,1,0.0,4621.72,955.68,Standard,20.68,2024-10,2024
ORD-01694,2025-05-18,CUST-0009,Consumer,West,Electronics,Bluetooth Speaker,2,0.0,11736.72,2366.17,Standard,20.16,2025-05,2025
ORD-02014,2025-04-17,CUST-0829,Corporate,North,Clothing,Rain Jacket,1,0.15,1075.77,43.93,Standard,4.08,2025-04,2025
ORD-02783,2025-04-22,CUST-1364,Consumer,West,Furniture,Bean Bag,2,0.0,15066.08,1671.18,Standard,11.09,2025-04,2025
ORD-01221,2025-05-25,CUST-0289,Consumer,West,Electronics,Webcam HD,1,0.05,4390.63,842.04,Standard,19.18,2025-05,2025
ORD-01038,2024-12-24,CUST-0135,Consumer,West,Office Supplies,Stapler,2,0.0,504.92,108.7,Standard,21.53,2024-12,2024
ORD-01326,2025-04-24,CUST-1088,Corporate,East,Office Supplies,Stapler,1,0.05,239.84,48.04,Express,20.03,2025-04,2025
ORD-02432,2024-03-14,CUST-1390,Consumer,North,Electronics,Bluetooth Speaker,2,0.0,11736.72,2366.17,Express,20.16,2024-03,2024
ORD-02046,2024-12-06,CUST-0260,Consumer,North,Furniture,Wall Shelf,1,0.0,8917.06,1764.81,Same Day,19.79,2024-12,2024
ORD-01074,2024-02-05,CUST-1036,Consumer,West,Clothing,Sports Cap,1,0.0,1518.88,166.04,Standard,10.93,2024-02,2024
ORD-02198,2025-12-25,CUST-0781,Consumer,West,Clothing,Denim Jeans,1,0.0,527.49,125.89,Standard,23.87,2025-12,2025
ORD-02834,2025-11-05,CUST-1003,Consumer,South,Electronics,Power Bank 10000mAh,1,0.0,1623.15,423.4,Express,26.09,2025-11,2025
ORD-01929,2025-01-14,CUST-0863,Consumer,West,Furniture,Bean Bag,4,0.1,27118.94,2194.55,Standard,8.09,2025-01,2025
ORD-02019,2024-08-26,CUST-0498,Consumer,North,Electronics,Bluetooth Speaker,1,0.0,5868.36,1183.09,Standard,20.16,2024-08,2024
ORD-01354,2025-01-17,CUST-0951,Consumer,East,Electronics,Noise Cancelling Headphones,1,0.15,3989.62,978.11,Standard,24.52,2025-01,2025
ORD-01414,2024-05-13,CUST-0471,Home Office,West,Office Supplies,Whiteboard Marker Set,1,0.1,146.07,38.02,Express,26.03,2024-05,2024
ORD-02085,2024-02-23,CUST-0561,Consumer,East,Furniture,Study Table,1,0.0,6547.2,770.82,Standard,11.77,2024-02,2024
ORD-02881,2025-09-26,CUST-0749,Corporate,South,Office Supplies,Printer Ink Cartridge,1,0.0,370.95,92.51,Express,24.94,2025-09,2025
ORD-02413,2024-12-11,CUST-0153,Consumer,South,Clothing,Rain Jacket,1,0.0,1265.61,108.63,Standard,8.58,2024-12,2024
ORD-01076,2024-12-18,CUST-1257,Consumer,North,Electronics,Noise Cancelling Headphones,1,0.0,4693.67,1361.93,Express,29.02,2024-12,2024
ORD-01379,2024-01-27,CUST-1364,Corporate,North,Clothing,Rain Jacket,1,0.0,1265.61,108.63,Same Day,8.58,2024-01,2024
ORD-01092,2025-07-28,CUST-0436,Corporate,West,Clothing,Woolen Sweater,1,0.0,1899.39,546.14,Standard,28.75,2025-07,2025
ORD-02541,2024-01-10,CUST-0030,Corporate,West,Electronics,Smartwatch,1,0.0,1651.05,436.58,Express,26.44,2024-01,2024
ORD-01483,2024-05-11,CUST-0962,Consumer,North,Office Supplies,Desk Organizer,1,0.0,180.74,23.09,Express,12.78,2024-05,2024
ORD-02048,2025-01-16,CUST-1152,Corporate,West,Office Supplies,A4 Paper Ream,1,0.0,414.45,35.7,Standard,8.61,2025-01,2025
ORD-02569,2024-10-12,CUST-1356,Consumer,East,Clothing,Hoodie,1,0.0,1557.8,323.78,Standard,20.78,2024-10,2024
ORD-02686,2024-01-18,CUST-0583,Consumer,North,Furniture,Filing Cabinet,1,0.15,6545.96,1350.92,Same Day,20.64,2024-01,2024
ORD-02498,2025-03-20,CUST-1315,Consumer,North,Office Supplies,A4 Paper Ream,1,0.0,414.45,35.7,Standard,8.61,2025-03,2025
ORD-01612,2025-11-01,CUST-1265,Consumer,South,Electronics,Smartwatch,2,0.05,3137.0,782.44,Express,24.94,2025-11,2025
ORD-02632,2024-02-12,CUST-0726,Consumer,West,Clothing,Formal Shirt,4,0.05,7683.68,671.07,Standard,8.73,2024-02,2024
ORD-02460,2025-05-05,CUST-0859,Consumer,North,Office Supplies,Whiteboard Marker Set,1,0.2,129.84,29.9,Standard,23.03,2025-05,2025
ORD-02523,2025-09-12,CUST-0015,Home Office,North,Office Supplies,Desk Organizer,1,0.0,180.74,23.09,Express,12.78,2025-09,2025
ORD-01033,2025-11-05,CUST-0550,Home Office,East,Electronics,Laptop Stand,1,0.1,1644.38,362.67,Standard,22.06,2025-11,2025
ORD-02325,2025-12-06,CUST-1370,Home Office,North,Clothing,Formal Shirt,1,0.0,2022.02,206.93,Standard,10.23,2025-12,2025
ORD-01893,2025-01-02,CUST-1066,Consumer,West,Office Supplies,Desk Organizer,1,0.1,162.67,15.9,Standard,9.77,2025-01,2025
ORD-02558,2024-04-21,CUST-0762,Corporate,South,Office Supplies,Sticky Notes Pack,1,0.0,245.23,39.58,Standard,16.14,2024-04,2024
ORD-02395,2025-10-24,CUST-1059,Corporate,North,Clothing,Woolen Sweater,1,0.0,1899.39,546.14,Standard,28.75,2025-10,2025
ORD-01266,2024-08-27,CUST-0475,Consumer,North,Clothing,Hoodie,1,0.2,1246.24,184.25,Standard,14.78,2024-08,2024
ORD-01482,2025-02-16,CUST-0859,Home Office,North,Office Supplies,Ballpoint Pen Box,1,0.15,68.27,20.12,Standard,29.47,2025-02,2025
ORD-02762,2024-11-25,CUST-0559,Consumer,South,Office Supplies,Ballpoint Pen Box,3,0.0,240.96,81.86,Standard,33.97,2024-11,2024
ORD-01606,2025-12-19,CUST-0399,Consumer,South,Clothing,Formal Shirt,2,0.0,4044.04,413.86,Standard,10.23,2025-12,2025
ORD-02362,2024-09-13,CUST-1217,Consumer,South,Clothing,Running Shoes,1,0.0,1063.11,254.67,Express,23.96,2024-09,2024
ORD-01711,2024-09-17,CUST-0227,Corporate,East,Clothing,Hoodie,1,0.05,1479.91,285.39,Standard,19.28,2024-09,2024
ORD-01695,2024-04-01,CUST-0945,Consumer,East,Office Supplies,A4 Paper Ream,2,0.0,828.9,71.4,Standard,8.61,2024-04,2024
ORD-02592,2025-04-11,CUST-0647,Consumer,North,Clothing,Formal Shirt,2,0.1,3639.64,263.28,Express,7.23,2025-04,2025
ORD-02583,2025-10-22,CUST-1085,Consumer,North,Office Supplies,Sticky Notes Pack,1,0.0,245.23,39.58,Standard,16.14,2025-10,2025
ORD-01448,2024-02-28,CUST-0897,Consumer,North,Office Supplies,Printer Ink Cartridge,1,0.0,370.95,92.51,Standard,24.94,2024-02,2024
ORD-01425,2025-12-06,CUST-1155,Consumer,North,Electronics,Laptop Stand,2,0.0,3654.18,915.55,Express,25.05,2025-12,2025
ORD-01619,2024-12-17,CUST-0295,Consumer,East,Electronics,Wireless Mouse,1,0.0,4779.36,503.88,Standard,10.54,2024-12,2024
ORD-02494,2025-06-01,CUST-0553,Consumer,West,Office Supplies,Stapler,1,0.0,252.46,54.35,Express,21.53,2025-06,2025
ORD-01299,2025-05-09,CUST-1069,Corporate,North,Office Supplies,File Folder Pack,1,0.15,140.45,39.14,Standard,27.87,2025-05,2025
ORD-01033,2025-11-05,CUST-0550,Home Office,East,Office Supplies,File Folder Pack,1,0.0,165.23,53.49,Standard,32.37,2025-11,2025
ORD-03006,2025-10-22,CUST-1219,Corporate,East,Clothing,Rain Jacket,2,0.0,2531.22,217.27,Express,8.58,2025-10,2025
ORD-03026,2024-05-01,CUST-0526,Consumer,East,Electronics,Noise Cancelling Headphones,2,0.0,9387.34,2723.86,Standard,29.02,2024-05,2024
ORD-02199,2024-07-07,CUST-0963,Consumer,North,Office Supplies,Stapler,4,0.0,1009.84,217.4,Same Day,21.53,2024-07,2024
ORD-01562,2025-12-26,CUST-1127,Home Office,South,Electronics,Webcam HD,1,0.0,4621.72,955.68,Standard,20.68,2025-12,2025
ORD-01654,2024-01-19,CUST-1049,Corporate,East,Electronics,Laptop Stand,1,0.0,1827.09,457.78,Express,25.06,2024-01,2024
ORD-01345,2024-12-24,CUST-1396,Consumer,West,Electronics,USB-C Charger,1,0.0,2602.31,519.74,Standard,19.97,2024-12,2024
ORD-01514,2024-03-10,CUST-1371,Consumer,East,Electronics,Wireless Mouse,1,0.0,4779.36,503.88,Standard,10.54,2024-03,2024
ORD-01660,2025-07-06,CUST-1159,Consumer,West,Clothing,Formal Shirt,1,0.0,2022.02,206.93,Express,10.23,2025-07,2025
ORD-02607,2024-02-16,CUST-0447,Consumer,North,Office Supplies,Ballpoint Pen Box,2,0.0,160.64,54.57,Express,33.97,2024-02,2024
ORD-02274,2025-01-14,CUST-0837,Corporate,South,Furniture,Office Chair,2,0.1,22843.73,6275.4,Standard,27.47,2025-01,2025
ORD-02252,2025-10-19,CUST-0308,Consumer,South,Electronics,Bluetooth Speaker,1,0.0,5868.36,1183.09,Express,20.16,2025-10,2025
ORD-02071,2024-12-18,CUST-0588,Corporate,North,Office Supplies,Stapler,1,0.1,227.21,42.1,Standard,18.53,2024-12,2024
ORD-01226,2024-03-17,CUST-0592,Home Office,North,Furniture,Office Chair,1,0.1,11421.86,3137.7,Standard,27.47,2024-03,2024
ORD-01779,2025-01-04,CUST-0149,Corporate,North,Clothing,Running Shoes,2,0.05,2019.91,453.57,Standard,22.45,2025-01,2025
ORD-02008,2025-06-13,CUST-0965,Corporate,North,Office Supplies,Desk Organizer,1,0.0,180.74,23.09,Express,12.78,2025-06,2025
ORD-02104,2025-04-12,CUST-1136,Consumer,East,Electronics,Laptop Stand,2,0.0,3654.18,915.55,Standard,25.05,2025-04,2025
ORD-02883,2025-12-25,CUST-0044,Consumer,South,Clothing,Rain Jacket,2,0.0,2531.22,217.27,Standard,8.58,2025-12,2025
ORD-01713,2025-12-18,CUST-1078,Home Office,East,Electronics,Smartwatch,1,0.1,1485.94,348.34,Standard,23.44,2025-12,2025
ORD-01874,2025-12-18,CUST-1285,Consumer,West,Furniture,Bean Bag,1,0.0,7533.04,835.59,Express,11.09,2025-12,2025
ORD-01608,2024-01-07,CUST-0996,Consumer,West,Office Supplies,Whiteboard Marker Set,1,0.0,162.3,47.11,Express,29.03,2024-01,2024
ORD-02880,2025-02-20,CUST-0983,Consumer,West,Office Supplies,A4 Paper Ream,4,0.0,1657.8,142.79,Express,8.61,2025-02,2025
ORD-01538,2024-06-28,CUST-0074,Consumer,East,Clothing,Rain Jacket,1,0.15,1075.77,43.93,Express,4.08,2024-06,2024
ORD-02737,2024-10-09,CUST-0937,Consumer,North,Furniture,Wall Shelf,2,0.05,16942.41,3099.0,Standard,18.29,2024-10,2024
ORD-01063,2025-02-28,CUST-0244,Consumer,South,Electronics,Wireless Mouse,1,0.0,4779.36,503.88,Standard,10.54,2025-02,2025
ORD-02995,2025-01-30,CUST-0912,Consumer,East,Furniture,Study Table,1,0.0,6547.2,770.82,Express,11.77,2025-01,2025
ORD-01803,2025-03-18,CUST-0535,Consumer,West,Electronics,Wireless Mouse,2,0.1,8602.85,648.89,Same Day,7.54,2025-03,2025
ORD-01068,2024-11-17,CUST-0348,Consumer,North,Clothing,Cotton T-Shirt,1,0.0,1214.78,110.83,Standard,9.12,2024-11,2024
ORD-02572,2025-12-05,CUST-0718,Corporate,East,Furniture,Wall Shelf,2,0.15,15159.0,3011.71,Standard,19.87,2025-12,2025
ORD-02038,2025-08-08,CUST-1089,Corporate,West,Electronics,Smartwatch,3,0.05,4705.49,1173.66,Standard,24.94,2025-08,2025
ORD-02931,2024-11-20,CUST-0484,Consumer,South,Office Supplies,Desk Organizer,1,0.0,180.74,23.09,Standard,12.78,2024-11,2024
ORD-02845,2025-04-11,CUST-1104,Corporate,East,Electronics,Smartwatch,1,0.05,1568.5,391.22,Express,24.94,2025-04,2025
ORD-02727,2024-03-06,CUST-1357,Consumer,East,Office Supplies,Ballpoint Pen Box,1,0.0,80.32,27.29,Express,33.98,2024-03,2024
ORD-01194,2024-09-08,CUST-0103,Consumer,West,Electronics,Bluetooth Speaker,2,0.0,11736.72,2366.17,Standard,20.16,2024-09,2024
ORD-01409,2024-04-17,CUST-0789,Consumer,West,Furniture,Office Chair,1,0.1,11421.86,3137.7,Standard,27.47,2024-04,2024
ORD-02179,2024-03-24,CUST-1129,Consumer,East,Furniture,Study Table,1,0.0,6547.2,770.82,Standard,11.77,2024-03,2024
ORD-03006,2025-10-22,CUST-1219,Corporate,East,Office Supplies,A4 Paper Ream,2,0.0,828.9,71.4,Express,8.61,2025-10,2025
ORD-02202,2025-05-28,CUST-0324,Home Office,North,Clothing,Woolen Sweater,2,0.0,3798.78,1092.28,Standard,28.75,2025-05,2025
ORD-01128,2025-03-22,CUST-0343,Corporate,West,Furniture,Recliner Sofa,1,0.0,6837.7,654.65,Same Day,9.57,2025-03,2025
ORD-01366,2024-10-29,CUST-1128,Home Office,West,Office Supplies,Sticky Notes Pack,1,0.05,232.97,34.11,Standard,14.64,2024-10,2024
ORD-01638,2025-07-23,CUST-1382,Consumer,East,Office Supplies,File Folder Pack,1,0.0,165.23,53.49,Same Day,32.37,2025-07,2025
ORD-01464,2024-08-12,CUST-0763,Consumer,North,Electronics,Smartwatch,1,0.0,1651.05,436.58,Standard,26.44,2024-08,2024
ORD-02334,2025-05-14,CUST-0465,Corporate,East,Clothing,Running Shoes,3,0.0,3189.33,764.0,Standard,23.95,2025-05,2025
ORD-01511,2025-03-30,CUST-1116,Consumer,South,Furniture,Bookshelf,2,0.0,2603.2,703.89,Standard,27.04,2025-03,2025
ORD-02089,2025-12-07,CUST-1074,Consumer,West,Clothing,Woolen Sweater,1,0.0,1899.39,546.14,Standard,28.75,2025-12,2025
ORD-02368,2024-07-02,CUST-0402,Corporate,South,Clothing,Cotton T-Shirt,2,0.0,2429.56,221.66,Standard,9.12,2024-07,2024
ORD-01004,2024-07-01,CUST-1054,Corporate,East,Clothing,Woolen Sweater,1,0.0,1899.39,546.14,Express,28.75,2024-07,2024
ORD-02562,2025-08-07,CUST-0791,Home Office,North,Office Supplies,Printer Ink Cartridge,1,0.0,370.95,92.51,Express,24.94,2025-08,2025
ORD-01934,2024-09-03,CUST-1025,Consumer,West,Office Supplies,A4 Paper Ream,1,0.0,414.45,35.7,Standard,8.61,2024-09,2024
ORD-02082,2024-08-21,CUST-0581,Consumer,East,Furniture,Bean Bag,1,0.0,7533.04,835.59,Standard,11.09,2024-08,2024
ORD-01494,2024-04-26,CUST-0900,Corporate,North,Electronics,Bluetooth Speaker,1,0.05,5574.94,1040.31,Standard,18.66,2024-04,2024
ORD-01785,2025-06-03,CUST-1108,Home Office,North,Furniture,Filing Cabinet,1,0.15,6545.96,1350.92,Standard,20.64,2025-06,2025
ORD-01631,2025-06-21,CUST-0859,Corporate,East,Office Supplies,Desk Organizer,1,0.1,162.67,15.9,Express,9.77,2025-06,2025
ORD-02061,2025-01-07,CUST-0203,Consumer,North,Furniture,Recliner Sofa,1,0.0,6837.7,654.65,Standard,9.57,2025-01,2025
ORD-01876,2024-12-13,CUST-0084,Consumer,South,Office Supplies,File Folder Pack,1,0.1,148.71,43.68,Standard,29.37,2024-12,2024
ORD-01697,2024-03-10,CUST-0511,Home Office,North,Electronics,Webcam HD,1,0.0,4621.72,955.68,Standard,20.68,2024-03,2024
ORD-01571,2024-04-25,CUST-0332,Corporate,North,Furniture,Recliner Sofa,2,0.0,13675.4,1309.31,Standard,9.57,2024-04,2024
ORD-02184,2025-05-20,CUST-0307,Home Office,East,Office Supplies,Printer Ink Cartridge,1,0.1,333.86,73.24,Standard,21.94,2025-05,2025
ORD-01839,2024-12-28,CUST-0302,Consumer,South,Furniture,Office Chair,1,0.1,11421.86,3137.7,Standard,27.47,2024-12,2024
ORD-01735,2025-12-20,CUST-1079,Corporate,East,Electronics,USB-C Charger,1,0.0,2602.31,519.74,Standard,19.97,2025-12,2025
ORD-01280,2025-04-01,CUST-1037,Consumer,East,Office Supplies,Ballpoint Pen Box,2,0.0,160.64,54.57,Standard,33.97,2025-04,2025
ORD-01466,2025-11-13,CUST-0129,Corporate,South,Clothing,Denim Jeans,1,0.0,527.49,125.89,Standard,23.87,2025-11,2025
ORD-02109,2024-11-10,CUST-0168,Consumer,South,Office Supplies,Ballpoint Pen Box,2,0.2,128.51,35.95,Standard,27.97,2024-11,2024
ORD-01280,2025-04-01,CUST-1037,Consumer,East,Furniture,Recliner Sofa,1,0.0,6837.7,654.65,Standard,9.57,2025-04,2025
ORD-02831,2025-08-11,CUST-0278,Corporate,North,Clothing,Sports Cap,2,0.0,3037.76,332.07,Standard,10.93,2025-08,2025
ORD-02055,2025-01-05,CUST-0044,Consumer,East,Clothing,Sports Cap,4,0.05,5771.74,544.36,Standard,9.43,2025-01,2025
ORD-02975,2025-12-04,CUST-0356,Corporate,East,Clothing,Formal Shirt,1,0.0,2022.02,206.93,Standard,10.23,2025-12,2025
ORD-02975,2025-12-04,CUST-0356,Corporate,East,Furniture,Bookshelf,1,0.0,1301.6,351.95,Standard,27.04,2025-12,2025
ORD-02807,2025-12-30,CUST-0293,Consumer,North,Office Supplies,A4 Paper Ream,1,0.0,414.45,35.7,Same Day,8.61,2025-12,2025
ORD-01843,2025-06-11,CUST-1076,Corporate,North,Electronics,Bluetooth Speaker,1,0.0,5868.36,1183.09,Express,20.16,2025-06,2025
ORD-02508,2025-10-03,CUST-0554,Corporate,South,Electronics,Wireless Mouse,1,0.0,4779.36,503.88,Standard,10.54,2025-10,2025
ORD-02427,2025-01-03,CUST-0098,Consumer,East,Office Supplies,Desk Organizer,3,0.05,515.11,58.07,Express,11.27,2025-01,2025
ORD-01027,2024-04-26,CUST-1287,Consumer,West,Clothing,Sports Cap,1,0.0,1518.88,166.04,Standard,10.93,2024-04,2024
ORD-01622,2025-04-18,CUST-0857,Corporate,West,Office Supplies,Ballpoint Pen Box,1,0.0,80.32,27.29,Standard,33.98,2025-04,2025
ORD-02079,2025-10-12,CUST-0741,Consumer,West,Electronics,Laptop Stand,1,0.0,1827.09,457.78,Standard,25.06,2025-10,2025
ORD-01119,2024-10-30,CUST-0049,Corporate,North,Office Supplies,Whiteboard Marker Set,1,0.2,129.84,29.9,Standard,23.03,2024-10,2024
ORD-02147,2025-08-19,CUST-1160,Home Office,North,Office Supplies,Desk Organizer,1,0.0,180.74,23.09,Same Day,12.78,2025-08,2025
ORD-02968,2024-10-02,CUST-1061,Corporate,South,Furniture,Bean Bag,1,0.0,7533.04,835.59,Standard,11.09,2024-10,2024
ORD-01380,2024-08-26,CUST-0165,Consumer,North,Electronics,Power Bank 10000mAh,1,0.1,1460.84,337.23,Standard,23.08,2024-08,2024
ORD-01048,2024-11-15,CUST-0273,Consumer,South,Clothing,Sports Cap,1,0.15,1291.05,83.03,Standard,6.43,2024-11,2024
ORD-02784,2025-02-17,CUST-1143,Consumer,East,Furniture,Bookshelf,1,0.0,1301.6,351.95,Same Day,27.04,2025-02,2025
ORD-01023,2024-08-31,CUST-1209,Consumer,West,Electronics,Smartwatch,1,0.0,1651.05,436.58,Standard,26.44,2024-08,2024
ORD-01371,2025-03-02,CUST-0806,Consumer,West,Clothing,Cotton T-Shirt,1,0.15,1032.56,47.74,Standard,4.62,2025-03,2025
ORD-02940,2024-08-15,CUST-1154,Consumer,North,Electronics,Noise Cancelling Headphones,1,0.0,4693.67,1361.93,Express,29.02,2024-08,2024
ORD-02001,2024-04-29,CUST-1052,Corporate,East,Clothing,Rain Jacket,4,0.0,5062.44,434.54,Express,8.58,2024-04,2024
ORD-01490,2024-04-16,CUST-1213,Consumer,North,Clothing,Woolen Sweater,2,0.0,3798.78,1092.28,Express,28.75,2024-04,2024
ORD-01453,2025-12-18,CUST-0861,Consumer,East,Office Supplies,Ballpoint Pen Box,1,0.15,68.27,20.12,Standard,29.47,2025-12,2025
ORD-01481,2024-11-16,CUST-1034,Consumer,East,Furniture,Filing Cabinet,1,0.0,7701.13,1935.86,Standard,25.14,2024-11,2024
ORD-01416,2025-03-28,CUST-0951,Consumer,North,Office Supplies,Desk Organizer,1,0.0,180.74,23.09,Standard,12.78,2025-03,2025
ORD-01093,2024-06-01,CUST-1064,Corporate,East,Electronics,Webcam HD,2,0.05,8781.27,1684.07,Express,19.18,2024-06,2024
ORD-02269,2024-02-15,CUST-0296,Consumer,North,Electronics,USB-C Charger,1,0.0,2602.31,519.74,Standard,19.97,2024-02,2024
ORD-01870,2024-07-04,CUST-1389,Home Office,East,Clothing,Cotton T-Shirt,1,0.05,1154.04,87.98,Standard,7.62,2024-07,2024
ORD-01512,2025-02-24,CUST-0859,Home Office,East,Office Supplies,Sticky Notes Pack,1,0.0,245.23,39.58,Standard,16.14,2025-02,2025
ORD-02130,2025-02-28,CUST-1243,Corporate,South,Furniture,Bookshelf,1,0.0,1301.6,351.95,Same Day,27.04,2025-02,2025
ORD-02125,2024-04-03,CUST-0804,Corporate,West,Electronics,Bluetooth Speaker,1,0.15,4988.11,781.16,Standard,15.66,2024-04,2024
ORD-01850,2024-09-30,CUST-0106,Home Office,South,Furniture,Recliner Sofa,1,0.0,6837.7,654.65,Standard,9.57,2024-09,2024
ORD-02068,2024-02-20,CUST-1022,Corporate,East,Electronics,Wireless Mouse,1,0.0,4779.36,503.88,Standard,10.54,2024-02,2024
ORD-02374,2025-09-19,CUST-1175,Corporate,North,Clothing,Sports Cap,1,0.05,1442.94,136.09,Same Day,9.43,2025-09,2025
ORD-02293,2025-10-25,CUST-1221,Home Office,North,Clothing,Cotton T-Shirt,1,0.0,1214.78,110.83,Express,9.12,2025-10,2025
ORD-01968,2025-12-13,CUST-1046,Corporate,East,Office Supplies,Sticky Notes Pack,1,0.0,245.23,39.58,Standard,16.14,2025-12,2025
ORD-02720,2024-12-11,CUST-0899,Consumer,West,Electronics,Bluetooth Speaker,1,0.2,4694.69,664.79,Express,14.16,2024-12,2024
ORD-01722,2024-06-24,CUST-0485,Corporate,North,Office Supplies,Stapler,1,0.05,239.84,48.04,Standard,20.03,2024-06,2024
ORD-01388,2025-08-14,CUST-0652,Consumer,North,Clothing,Cotton T-Shirt,2,0.05,2308.08,175.96,Standard,7.62,2025-08,2025
ORD-01258,2024-09-27,CUST-0120,Consumer,West,Furniture,Bookshelf,1,0.0,1301.6,351.95,Standard,27.04,2024-09,2024
ORD-02207,2024-04-05,CUST-0472,Consumer,North,Office Supplies,Desk Organizer,1,0.0,180.74,23.09,Standard,12.78,2024-04,2024
ORD-03013,2025-10-10,CUST-0124,Home Office,West,Office Supplies,Desk Organizer,1,0.0,180.74,23.09,Standard,12.78,2025-10,2025
ORD-01298,2024-10-30,CUST-0559,Home Office,South,Clothing,Hoodie,1,0.0,1557.8,323.78,Same Day,20.78,2024-10,2024
ORD-02968,2024-10-02,CUST-1061,Corporate,South,Office Supplies,Whiteboard Marker Set,1,0.0,162.3,47.11,Standard,29.03,2024-10,2024
ORD-02552,2025-03-16,CUST-0758,Corporate,North,Clothing,Denim Jeans,1,0.0,527.49,125.89,Express,23.87,2025-03,2025
ORD-02506,2025-11-07,CUST-0432,Corporate,West,Electronics,Bluetooth Speaker,2,0.2,9389.38,1329.58,Express,14.16,2025-11,2025
ORD-01216,2025-08-07,CUST-1392,Consumer,West,Office Supplies,Whiteboard Marker Set,2,0.05,308.37,84.88,Express,27.53,2025-08,2025
ORD-02027,2024-10-15,CUST-0741,Consumer,South,Office Supplies,Sticky Notes Pack,4,0.0,980.92,158.33,Standard,16.14,2024-10,2024
ORD-02286,2024-03-29,CUST-0002,Consumer,West,Electronics,Laptop Stand,2,0.0,3654.18,915.55,Standard,25.05,2024-03,2024
ORD-02532,2024-05-08,CUST-0531,Consumer,East,Electronics,Smartwatch,2,0.0,3302.1,873.15,Standard,26.44,2024-05,2024
ORD-02841,2025-02-01,CUST-0671,Corporate,West,Electronics,USB-C Charger,1,0.0,2602.31,519.74,Standard,19.97,2025-02,2025
ORD-02881,2025-09-26,CUST-0749,Corporate,South,Electronics,Laptop Stand,1,0.0,1827.09,457.78,Express,25.06,2025-09,2025
ORD-02904,2025-10-22,CUST-0721,Corporate,South,Electronics,Wireless Mouse,1,0.0,4779.36,503.88,Express,10.54,2025-10,2025
ORD-01633,2024-10-08,CUST-1065,Home Office,East,Office Supplies,A4 Paper Ream,1,0.0,414.45,35.7,Express,8.61,2024-10,2024
ORD-03066,2025-05-18,CUST-1062,Home Office,East,Clothing,Woolen Sweater,1,0.0,1899.39,546.14,Express,28.75,2025-05,2025
ORD-02170,2025-11-18,CUST-0639,Consumer,South,Furniture,Bookshelf,2,0.0,2603.2,703.89,Standard,27.04,2025-11,2025
ORD-03048,2025-04-13,CUST-1366,Consumer,West,Furniture,Recliner Sofa,1,0.0,6837.7,654.65,Standard,9.57,2025-04,2025
ORD-02000,2025-07-28,CUST-0003,Home Office,West,Clothing,Cotton T-Shirt,1,0.0,1214.78,110.83,Express,9.12,2025-07,2025
ORD-01771,2024-01-29,CUST-1099,Consumer,South,Electronics,Webcam HD,1,0.0,4621.72,955.68,Standard,20.68,2024-01,2024
ORD-02976,2024-08-03,CUST-1289,Consumer,North,Electronics,Wireless Mouse,1,0.1,4301.42,324.45,Express,7.54,2024-08,2024
ORD-02261,2025-04-22,CUST-0803,Consumer,North,Electronics,Smartwatch,1,0.0,1651.05,436.58,Standard,26.44,2025-04,2025
ORD-02368,2024-07-02,CUST-0402,Corporate,South,Clothing,Denim Jeans,1,0.0,527.49,125.89,Standard,23.87,2024-07,2024
ORD-02162,2024-01-17,CUST-0890,Home Office,East,Clothing,Woolen Sweater,2,0.0,3798.78,1092.28,Express,28.75,2024-01,2024
ORD-01741,2025-06-29,CUST-1115,Consumer,South,Electronics,Smartwatch,1,0.05,1568.5,391.22,Standard,24.94,2025-06,2025
ORD-01931,2025-02-15,CUST-0723,Consumer,West,Furniture,Office Chair,1,0.0,12690.96,3867.06,Standard,30.47,2025-02,2025
ORD-01275,2024-07-13,CUST-0999,Consumer,East,Clothing,Woolen Sweater,1,0.0,1899.39,546.14,Express,28.75,2024-07,2024
ORD-01640,2024-09-14,CUST-0106,Corporate,West,Clothing,Running Shoes,1,0.1,956.8,154.64,Standard,16.16,2024-09,2024
ORD-02278,2024-07-10,CUST-0515,Corporate,North,Furniture,Wall Shelf,1,0.0,8917.06,1764.81,Express,19.79,2024-07,2024
ORD-02110,2024-11-30,CUST-0579,Consumer,North,Clothing,Sports Cap,2,0.0,3037.76,332.07,Express,10.93,2024-11,2024
ORD-01477,2025-10-30,CUST-1133,Consumer,West,Furniture,Bookshelf,1,0.0,1301.6,351.95,Express,27.04,2025-10,2025
ORD-01293,2025-03-05,CUST-0446,Corporate,East,Clothing,Formal Shirt,1,0.2,1617.62,68.49,Express,4.23,2025-03,2025
ORD-01057,2025-11-01,CUST-0664,Home Office,East,Furniture,Filing Cabinet,1,0.05,7316.07,1729.33,Standard,23.64,2025-11,2025
ORD-01400,2024-04-30,CUST-1166,Corporate,East,Furniture,Bookshelf,1,0.0,1301.6,351.95,Same Day,27.04,2024-04,2024
ORD-01612,2025-11-01,CUST-1265,Consumer,South,Electronics,Noise Cancelling Headphones,2,0.0,9387.34,2723.86,Express,29.02,2025-11,2025
ORD-02989,2024-06-09,CUST-0840,Corporate,East,Electronics,USB-C Charger,3,0.2,6245.54,872.64,Standard,13.97,2024-06,2024
ORD-02908,2025-06-11,CUST-0633,Corporate,North,Electronics,Wireless Mouse,3,0.1,12904.27,973.34,Standard,7.54,2025-06,2025
ORD-02289,2024-01-13,CUST-0237,Home Office,North,Office Supplies,Printer Ink Cartridge,1,0.1,333.86,73.24,Express,21.94,2024-01,2024
ORD-02068,2024-02-20,CUST-1022,Corporate,East,Office Supplies,Stapler,4,0.1,908.86,168.4,Standard,18.53,2024-02,2024
ORD-01053,2024-03-27,CUST-0880,Consumer,South,Office Supplies,File Folder Pack,1,0.1,148.71,43.68,Standard,29.37,2024-03,2024
ORD-02751,2024-10-27,CUST-1208,Corporate,North,Clothing,Denim Jeans,1,0.15,448.37,86.83,Same Day,19.37,2024-10,2024
ORD-01399,2025-07-31,CUST-1307,Home Office,South,Furniture,Study Table,1,0.15,5565.12,404.77,Express,7.27,2025-07,2025
ORD-01975,2025-12-17,CUST-0338,Consumer,South,Electronics,Bluetooth Speaker,1,0.0,5868.36,1183.09,Express,20.16,2025-12,2025
ORD-02534,2025-12-18,CUST-1286,Consumer,North,Furniture,Bookshelf,1,0.1,1171.44,281.61,Standard,24.04,2025-12,2025
ORD-02226,2024-03-03,CUST-0289,Consumer,South,Furniture,Bed Side Table,1,0.15,4463.85,1101.02,Standard,24.67,2024-03,2024
ORD-02102,2025-10-03,CUST-0795,Home Office,South,Clothing,Cotton T-Shirt,2,0.15,2065.13,95.48,Standard,4.62,2025-10,2025
ORD-02250,2025-11-22,CUST-0586,Consumer,West,Office Supplies,Desk Organizer,1,0.15,153.63,12.71,Same Day,8.27,2025-11,2025
ORD-02311,2025-11-07,CUST-1354,Home Office,North,Electronics,Noise Cancelling Headphones,2,0.05,8917.97,2453.9,Standard,27.52,2025-11,2025
ORD-02934,2025-11-04,CUST-1302,Corporate,East,Clothing,Running Shoes,1,0.0,1063.11,254.67,Standard,23.96,2025-11,2025
ORD-01561,2024-11-10,CUST-0506,Corporate,South,Clothing,Sports Cap,2,0.0,3037.76,332.07,Standard,10.93,2024-11,2024
ORD-02874,2025-03-01,CUST-0298,Consumer,West,Clothing,Running Shoes,1,0.0,1063.11,254.67,Standard,23.96,2025-03,2025
ORD-01106,2025-03-05,CUST-0343,Consumer,North,Clothing,Rain Jacket,1,0.0,1265.61,108.63,Same Day,8.58,2025-03,2025
ORD-01777,2025-11-09,CUST-0919,Corporate,East,Office Supplies,Printer Ink Cartridge,4,0.0,1483.8,370.02,Express,24.94,2025-11,2025
ORD-02618,2025-10-19,CUST-0020,Consumer,East,Clothing,Hoodie,2,0.05,2959.82,570.78,Standard,19.28,2025-10,2025
ORD-01157,2025-12-17,CUST-0641,Corporate,South,Furniture,Bean Bag,2,0.05,14312.78,1372.93,Standard,9.59,2025-12,2025
ORD-01580,2025-01-18,CUST-1332,Consumer,North,Office Supplies,Ballpoint Pen Box,4,0.0,321.28,109.14,Express,33.97,2025-01,2025
ORD-02800,2024-03-17,CUST-1165,Consumer,East,Electronics,Laptop Stand,2,0.1,3288.76,725.33,Standard,22.05,2024-03,2024
ORD-01108,2025-04-22,CUST-0768,Consumer,North,Office Supplies,Sticky Notes Pack,2,0.05,465.94,68.22,Standard,14.64,2025-04,2025
ORD-01219,2025-05-29,CUST-1185,Corporate,North,Electronics,Smartwatch,1,0.0,1651.05,436.58,Same Day,26.44,2025-05,2025
ORD-02858,2025-09-13,CUST-1124,Consumer,East,Electronics,Power Bank 10000mAh,3,0.0,4869.45,1270.19,Standard,26.08,2025-09,2025
ORD-01362,2024-02-26,CUST-0504,Consumer,West,Clothing,Hoodie,1,0.0,1557.8,323.78,Standard,20.78,2024-02,2024
ORD-02510,2024-04-22,CUST-0521,Corporate,South,Office Supplies,Ballpoint Pen Box,1,0.0,80.32,27.29,Standard,33.98,2024-04,2024
ORD-02613,2024-10-08,CUST-1308,Corporate,North,Electronics,Noise Cancelling Headphones,3,0.15,11968.86,2934.33,Standard,24.52,2024-10,2024
ORD-01004,2024-07-01,CUST-1054,Corporate,East,Electronics,Wireless Mouse,1,0.0,4779.36,503.88,Express,10.54,2024-07,2024
ORD-02814,2024-04-26,CUST-1363,Consumer,North,Electronics,Wireless Mouse,1,0.0,4779.36,503.88,Standard,10.54,2024-04,2024
ORD-01832,2024-11-14,CUST-0230,Corporate,North,Office Supplies,Whiteboard Marker Set,1,0.15,137.96,33.84,Same Day,24.53,2024-11,2024
ORD-01609,2025-01-25,CUST-0368,Consumer,North,Clothing,Running Shoes,1,0.0,1063.11,254.67,Same Day,23.96,2025-01,2025
ORD-02571,2025-01-26,CUST-0152,Consumer,North,Electronics,Smartwatch,1,0.15,1403.39,307.94,Express,21.94,2025-01,2025
ORD-01302,2024-11-26,CUST-1048,Corporate,North,Clothing,Running Shoes,1,0.0,1063.11,254.67,Express,23.96,2024-11,2024
ORD-02662,2024-05-21,CUST-0212,Corporate,North,Clothing,Formal Shirt,1,0.15,1718.72,98.55,Standard,5.73,2024-05,2024
ORD-01739,2025-09-15,CUST-1012,Consumer,South,Clothing,Woolen Sweater,1,0.0,1899.39,546.14,Standard,28.75,2025-09,2025
ORD-02924,2024-11-29,CUST-1124,Home Office,South,Electronics,Webcam HD,1,0.1,4159.55,735.33,Standard,17.68,2024-11,2024
ORD-02997,2025-10-27,CUST-0998,Consumer,North,Office Supplies,Printer Ink Cartridge,1,0.0,370.95,92.51,Standard,24.94,2025-10,2025
ORD-01263,2024-02-23,CUST-0341,Home Office,East,Electronics,Webcam HD,2,0.15,7856.92,1271.09,Standard,16.18,2024-02,2024
ORD-01794,2025-12-22,CUST-0592,Corporate,North,Office Supplies,Printer Ink Cartridge,1,0.0,370.95,92.51,Standard,24.94,2025-12,2025
ORD-02644,2025-12-17,CUST-1042,Consumer,West,Electronics,Webcam HD,2,0.0,9243.44,1911.36,Standard,20.68,2025-12,2025
ORD-02005,2025-10-20,CUST-0678,Corporate,East,Furniture,Recliner Sofa,3,0.0,20513.1,1963.96,Express,9.57,2025-10,2025
ORD-02406,2025-02-23,CUST-0903,Corporate,North,Office Supplies,Whiteboard Marker Set,2,0.0,324.6,94.22,Standard,29.03,2025-02,2025
ORD-02158,2024-07-02,CUST-0913,Home Office,South,Furniture,Bean Bag,1,0.0,7533.04,835.59,Same Day,11.09,2024-07,2024
ORD-02849,2024-10-14,CUST-0619,Corporate,South,Office Supplies,Printer Ink Cartridge,1,0.0,370.95,79.23,Same Day,21.36,2024-10,2024
ORD-01832,2024-11-14,CUST-0230,Corporate,North,Electronics,Bluetooth Speaker,1,0.0,5868.36,1183.09,Same Day,20.16,2024-11,2024
ORD-02095,2024-08-12,CUST-0136,Corporate,South,Electronics,Webcam HD,2,0.0,9243.44,1911.36,Express,20.68,2024-08,2024
ORD-02664,2024-12-11,CUST-1050,Home Office,East,Electronics,Smartwatch,1,0.0,1651.05,436.58,Standard,26.44,2024-12,2024
ORD-01933,2024-12-08,CUST-0870,Consumer,South,Furniture,Recliner Sofa,1,0.05,6495.82,524.48,Standard,8.07,2024-12,2024
ORD-01607,2024-11-12,CUST-0351,Consumer,North,Office Supplies,Printer Ink Cartridge,2,0.0,741.9,185.01,Standard,24.94,2024-11,2024
ORD-02869,2024-05-20,CUST-0450,Consumer,South,Electronics,Power Bank 10000mAh,1,0.0,1623.15,423.4,Express,26.09,2024-05,2024
ORD-01895,2025-01-02,CUST-1133,Home Office,North,Furniture,Bean Bag,1,0.0,7533.04,835.59,Standard,11.09,2025-01,2025
ORD-01666,2025-12-27,CUST-0834,Home Office,West,Office Supplies,Desk Organizer,1,0.0,180.74,23.09,Express,12.78,2025-12,2025
ORD-02712,2024-07-06,CUST-0203,Corporate,West,Clothing,Woolen Sweater,1,0.0,1899.39,546.14,Standard,28.75,2024-07,2024
ORD-01344,2024-02-11,CUST-0270,Consumer,South,Office Supplies,Ballpoint Pen Box,1,0.0,80.32,27.29,Standard,33.98,2024-02,2024
ORD-01416,2025-03-28,CUST-0951,Consumer,North,Electronics,Noise Cancelling Headphones,1,0.1,4224.3,1099.01,Standard,26.02,2025-03,2025
ORD-01221,2025-05-25,CUST-0289,Consumer,West,Clothing,Hoodie,1,0.0,1557.8,323.78,Standard,20.78,2025-05,2025
ORD-02960,2024-05-16,CUST-0095,Consumer,North,Office Supplies,A4 Paper Ream,1,0.0,414.45,35.7,Express,8.61,2024-05,2024
ORD-02365,2025-12-17,CUST-1112,Corporate,West,Clothing,Formal Shirt,3,0.0,6066.06,620.78,Standard,10.23,2025-12,2025
ORD-01881,2024-01-29,CUST-0738,Consumer,North,Clothing,Formal Shirt,1,0.0,2022.02,206.93,Standard,10.23,2024-01,2024
ORD-02566,2025-10-31,CUST-1349,Consumer,West,Clothing,Cotton T-Shirt,1,0.0,1214.78,110.83,Standard,9.12,2025-10,2025
ORD-01161,2024-06-17,CUST-0038,Consumer,West,Electronics,Webcam HD,1,0.0,4621.72,982.04,Standard,21.25,2024-06,2024
ORD-02625,2024-05-03,CUST-1177,Corporate,North,Furniture,Recliner Sofa,2,0.15,11624.09,589.83,Standard,5.07,2024-05,2024
ORD-02260,2025-01-04,CUST-0390,Consumer,South,Office Supplies,Whiteboard Marker Set,1,0.0,162.3,47.11,Standard,29.03,2025-01,2025
ORD-02780,2024-10-18,CUST-0893,Consumer,North,Office Supplies,Sticky Notes Pack,3,0.0,735.69,118.75,Express,16.14,2024-10,2024
ORD-02953,2025-05-18,CUST-0834,Corporate,West,Office Supplies,Desk Organizer,1,0.0,180.74,23.09,Express,12.78,2025-05,2025
ORD-01032,2024-04-29,CUST-0043,Consumer,North,Furniture,Bed Side Table,1,0.0,5251.59,1531.64,Same Day,29.17,2024-04,2024
ORD-02585,2024-03-19,CUST-0837,Consumer,East,Office Supplies,Desk Organizer,1,0.0,180.74,23.09,Standard,12.78,2024-03,2024
ORD-01981,2024-07-20,CUST-1025,Consumer,North,Clothing,Cotton T-Shirt,1,0.15,1032.56,47.74,Standard,4.62,2024-07,2024
ORD-01348,2024-01-22,CUST-1089,Corporate,East,Furniture,Bed Side Table,2,0.15,8927.7,2202.04,Standard,24.67,2024-01,2024
ORD-02392,2024-09-15,CUST-0859,Corporate,South,Electronics,Power Bank 10000mAh,1,0.0,1623.15,423.4,Standard,26.09,2024-09,2024
ORD-02160,2024-07-09,CUST-0534,Consumer,South,Office Supplies,Ballpoint Pen Box,2,0.0,160.64,54.57,Standard,33.97,2024-07,2024
ORD-01953,2025-11-30,CUST-1174,Consumer,East,Office Supplies,Whiteboard Marker Set,1,0.0,162.3,47.11,Standard,29.03,2025-11,2025
ORD-02974,2024-06-21,CUST-0674,Consumer,North,Electronics,Smartwatch,2,0.0,3302.1,873.15,Same Day,26.44,2024-06,2024
ORD-02144,2025-01-25,CUST-0791,Consumer,North,Furniture,Bookshelf,1,0.15,1106.36,249.37,Standard,22.54,2025-01,2025
ORD-02384,2024-11-14,CUST-0586,Consumer,North,Clothing,Woolen Sweater,1,0.1,1709.45,440.24,Standard,25.75,2024-11,2024
ORD-01576,2025-04-26,CUST-1327,Corporate,North,Electronics,Laptop Stand,1,0.0,1827.09,457.78,Standard,25.06,2025-04,2025
ORD-01449,2025-05-01,CUST-0507,Consumer,West,Electronics,USB-C Charger,2,0.0,5204.62,1039.48,Express,19.97,2025-05,2025
ORD-01477,2025-10-30,CUST-1133,Consumer,West,Electronics,Power Bank 10000mAh,1,0.0,1623.15,423.4,Express,26.09,2025-10,2025
ORD-02026,2025-12-11,CUST-0406,Consumer,South,Furniture,Bookshelf,1,0.0,1301.6,351.95,Express,27.04,2025-12,2025
ORD-02517,2024-07-05,CUST-0277,Consumer,East,Clothing,Formal Shirt,2,0.05,3841.84,335.54,Standard,8.73,2024-07,2024
ORD-01667,2024-04-21,CUST-0028,Consumer,North,Clothing,Cotton T-Shirt,1,0.0,1214.78,110.83,Standard,9.12,2024-04,2024
ORD-01927,2024-06-16,CUST-0422,Consumer,North,Furniture,Study Table,2,0.0,13094.4,1541.65,Express,11.77,2024-06,2024
ORD-01329,2025-07-27,CUST-1200,Consumer,East,Electronics,Power Bank 10000mAh,1,0.0,1623.15,423.4,Express,26.09,2025-07,2025
ORD-02920,2025-02-03,CUST-0551,Consumer,East,Electronics,Laptop Stand,1,0.2,1461.67,278.52,Standard,19.05,2025-02,2025
ORD-01940,2025-04-08,CUST-1205,Consumer,South,Clothing,Denim Jeans,1,0.0,527.49,125.89,Express,23.87,2025-04,2025
ORD-01268,2025-09-22,CUST-0242,Corporate,North,Office Supplies,Stapler,1,0.0,252.46,54.35,Standard,21.53,2025-09,2025
ORD-02507,2024-04-11,CUST-0553,Home Office,East,Electronics,Wireless Mouse,1,0.05,4540.39,410.58,Standard,9.04,2024-04,2024
ORD-01259,2025-11-15,CUST-0852,Corporate,North,Office Supplies,Stapler,1,0.05,239.84,48.04,Standard,20.03,2025-11,2025
ORD-01615,2025-09-06,CUST-0233,Consumer,North,Furniture,Filing Cabinet,1,0.0,7701.13,1935.86,Express,25.14,2025-09,2025
ORD-02474,2025-01-16,CUST-0458,Consumer,North,Office Supplies,File Folder Pack,1,0.2,132.18,34.86,Standard,26.37,2025-01,2025
ORD-01364,2024-04-02,CUST-0371,Consumer,South,Electronics,Wireless Mouse,4,0.0,19117.44,2015.51,Express,10.54,2024-04,2024
ORD-02010,2025-12-26,CUST-1160,Corporate,East,Office Supplies,A4 Paper Ream,1,0.0,414.45,35.7,Standard,8.61,2025-12,2025
ORD-01915,2025-07-09,CUST-0926,Corporate,West,Electronics,Power Bank 10000mAh,2,0.15,2759.36,595.61,Express,21.59,2025-07,2025
ORD-02157,2024-07-20,CUST-1046,Home Office,South,Office Supplies,Whiteboard Marker Set,1,0.0,162.3,47.11,Express,29.03,2024-07,2024
ORD-01511,2025-03-30,CUST-1116,Consumer,South,Furniture,Recliner Sofa,1,0.15,5812.04,294.91,Standard,5.07,2025-03,2025
ORD-01983,2025-11-07,CUST-1181,Consumer,North,Office Supplies,Sticky Notes Pack,1,0.0,245.23,39.58,Standard,16.14,2025-11,2025
ORD-02367,2024-09-21,CUST-0698,Home Office,West,Office Supplies,A4 Paper Ream,1,0.0,414.45,35.7,Standard,8.61,2024-09,2024
ORD-01027,2024-04-26,CUST-1287,Consumer,West,Clothing,Hoodie,1,0.05,1479.91,285.39,Standard,19.28,2024-04,2024
ORD-02294,2024-11-02,CUST-1249,Home Office,North,Clothing,Running Shoes,2,0.05,2019.91,453.57,Standard,22.45,2024-11,2024
ORD-01025,2024-09-20,CUST-0027,Consumer,South,Clothing,Rain Jacket,1,0.0,1265.61,108.63,Express,8.58,2024-09,2024
ORD-01391,2025-04-17,CUST-1260,Corporate,South,Electronics,Smartwatch,1,0.0,1651.05,436.58,Same Day,26.44,2025-04,2025
ORD-02750,2024-10-17,CUST-0498,Home Office,East,Office Supplies,Printer Ink Cartridge,1,0.0,370.95,92.51,Express,24.94,2024-10,2024
ORD-02512,2025-07-03,CUST-0075,Home Office,North,Office Supplies,Printer Ink Cartridge,1,0.0,370.95,92.51,Standard,24.94,2025-07,2025
ORD-02118,2025-09-24,CUST-0350,Consumer,North,Office Supplies,Desk Organizer,1,0.1,162.67,15.9,Standard,9.77,2025-09,2025
ORD-02078,2025-01-28,CUST-0575,Consumer,South,Furniture,Recliner Sofa,1,0.0,6837.7,654.65,Express,9.57,2025-01,2025
ORD-02293,2025-10-25,CUST-1221,Home Office,North,Electronics,Webcam HD,1,0.15,3928.46,635.55,Express,16.18,2025-10,2025
ORD-02452,2025-10-29,CUST-0696,Corporate,North,Clothing,Woolen Sweater,1,0.0,1899.39,546.14,Standard,28.75,2025-10,2025
ORD-01413,2024-11-08,CUST-1271,Consumer,South,Furniture,Filing Cabinet,1,0.0,7701.13,1935.86,Standard,25.14,2024-11,2024
ORD-02756,2024-12-13,CUST-1260,Consumer,East,Electronics,Laptop Stand,1,0.0,1827.09,457.78,Same Day,25.06,2024-12,2024
ORD-02034,2024-10-23,CUST-0048,Consumer,North,Electronics,Laptop Stand,2,0.0,3654.18,915.55,Standard,25.05,2024-10,2024
ORD-01192,2025-03-01,CUST-0911,Consumer,East,Furniture,Filing Cabinet,2,0.0,15402.26,3871.73,Standard,25.14,2025-03,2025
ORD-01375,2024-04-08,CUST-0631,Consumer,South,Office Supplies,Printer Ink Cartridge,3,0.1,1001.56,219.72,Same Day,21.94,2024-04,2024
ORD-02834,2025-11-05,CUST-1003,Consumer,South,Electronics,Wireless Mouse,1,0.0,4779.36,503.88,Express,10.54,2025-11,2025
ORD-01302,2024-11-26,CUST-1048,Corporate,North,Electronics,Webcam HD,2,0.0,9243.44,1911.36,Express,20.68,2024-11,2024
ORD-01178,2024-11-16,CUST-0105,Consumer,North,Electronics,Smartwatch,1,0.0,1651.05,436.58,Standard,26.44,2024-11,2024
ORD-02125,2024-04-03,CUST-0804,Corporate,West,Electronics,Smartwatch,1,0.0,1651.05,436.58,Standard,26.44,2024-04,2024
ORD-01047,2025-04-07,CUST-0064,Home Office,West,Clothing,Cotton T-Shirt,1,0.0,1214.78,110.83,Express,9.12,2025-04,2025
ORD-02428,2024-10-16,CUST-1190,Consumer,West,Electronics,Power Bank 10000mAh,3,0.05,4625.98,1137.3,Express,24.59,2024-10,2024
ORD-01622,2025-04-18,CUST-0857,Corporate,West,Office Supplies,Printer Ink Cartridge,1,0.0,370.95,92.51,Standard,24.94,2025-04,2025
ORD-02989,2024-06-09,CUST-0840,Corporate,East,Office Supplies,Ballpoint Pen Box,1,0.15,68.27,20.12,Standard,29.47,2024-06,2024
ORD-03055,2024-09-12,CUST-0768,Consumer,East,Furniture,Wall Shelf,1,0.0,8917.06,1771.59,Standard,19.87,2024-09,2024
ORD-02793,2024-08-01,CUST-0418,Consumer,North,Office Supplies,Printer Ink Cartridge,1,0.0,370.95,92.51,Express,24.94,2024-08,2024
ORD-02675,2025-10-05,CUST-0174,Consumer,East,Furniture,Study Table,1,0.0,6547.2,770.82,Standard,11.77,2025-10,2025
ORD-02562,2025-08-07,CUST-0791,Home Office,North,Office Supplies,Ballpoint Pen Box,1,0.15,68.27,20.12,Express,29.47,2025-08,2025
ORD-02975,2025-12-04,CUST-0356,Corporate,East,Electronics,Laptop Stand,1,0.0,1827.09,457.78,Standard,25.06,2025-12,2025
ORD-01838,2024-04-21,CUST-1131,Corporate,East,Electronics,Smartwatch,1,0.0,1651.05,436.58,Standard,26.44,2024-04,2024
ORD-02250,2025-11-22,CUST-0586,Consumer,West,Clothing,Formal Shirt,2,0.0,4044.04,413.86,Same Day,10.23,2025-11,2025
ORD-02616,2024-01-13,CUST-0128,Corporate,South,Electronics,Wireless Mouse,3,0.2,11470.46,521.08,Standard,4.54,2024-01,2024
ORD-01064,2025-04-02,CUST-0954,Home Office,North,Electronics,Smartwatch,1,0.05,1568.5,391.22,Standard,24.94,2025-04,2025
ORD-02310,2024-09-13,CUST-1085,Consumer,West,Furniture,Office Chair,1,0.0,12690.96,3867.06,Standard,30.47,2024-09,2024
ORD-02741,2024-10-06,CUST-1182,Corporate,South,Furniture,Filing Cabinet,1,0.0,7701.13,1935.86,Standard,25.14,2024-10,2024
ORD-01472,2024-11-04,CUST-1276,Home Office,East,Office Supplies,Sticky Notes Pack,1,0.0,245.23,39.58,Standard,16.14,2024-11,2024
ORD-01855,2025-02-08,CUST-0625,Consumer,West,Furniture,Bed Side Table,1,0.15,4463.85,1101.02,Standard,24.67,2025-02,2025
ORD-02950,2024-04-29,CUST-0828,Corporate,West,Furniture,Office Chair,2,0.05,24112.82,6985.73,Standard,28.97,2024-04,2024
ORD-02792,2024-11-02,CUST-0064,Consumer,East,Electronics,Laptop Stand,1,0.1,1644.38,362.67,Standard,22.06,2024-11,2024
ORD-01396,2025-12-03,CUST-1085,Consumer,East,Clothing,Denim Jeans,1,0.05,501.12,112.08,Same Day,22.37,2025-12,2025
ORD-01568,2024-06-23,CUST-0952,Consumer,East,Clothing,Running Shoes,1,0.0,1063.11,254.67,Standard,23.96,2024-06,2024
ORD-02520,2024-03-20,CUST-0482,Home Office,North,Electronics,Power Bank 10000mAh,1,0.0,1623.15,423.4,Standard,26.09,2024-03,2024
ORD-01837,2025-06-09,CUST-0474,Corporate,East,Office Supplies,Whiteboard Marker Set,1,0.0,162.3,47.11,Standard,29.03,2025-06,2025
ORD-02225,2025-06-09,CUST-0931,Consumer,South,Office Supplies,File Folder Pack,1,0.0,165.23,53.49,Standard,32.37,2025-06,2025
ORD-01833,2024-06-16,CUST-0188,Corporate,West,Furniture,Office Chair,1,0.0,12690.96,3867.06,Express,30.47,2024-06,2024
ORD-01360,2025-11-21,CUST-0769,Consumer,North,Furniture,Wall Shelf,1,0.0,8917.06,1764.81,Express,19.79,2025-11,2025
ORD-01286,2025-10-09,CUST-0696,Home Office,North,Office Supplies,A4 Paper Ream,2,0.0,828.9,71.4,Standard,8.61,2025-10,2025
ORD-01335,2025-05-30,CUST-0168,Consumer,South,Electronics,Webcam HD,1,0.15,3928.46,635.55,Standard,16.18,2025-05,2025
ORD-02328,2024-12-02,CUST-0882,Corporate,South,Electronics,Power Bank 10000mAh,1,0.0,1623.15,423.4,Standard,26.09,2024-12,2024
ORD-02691,2025-05-31,CUST-0705,Consumer,South,Furniture,Study Table,1,0.1,5892.48,516.97,Standard,8.77,2025-05,2025
ORD-02498,2025-03-20,CUST-1315,Consumer,North,Office Supplies,Desk Organizer,1,0.0,180.74,23.09,Standard,12.78,2025-03,2025
ORD-01635,2024-04-29,CUST-1399,Corporate,North,Electronics,Webcam HD,1,0.0,4621.72,955.68,Standard,20.68,2024-04,2024
ORD-03003,2025-04-06,CUST-0310,Consumer,North,Furniture,Recliner Sofa,2,0.0,13675.4,1309.31,Standard,9.57,2025-04,2025
ORD-01214,2025-05-01,CUST-1343,Consumer,West,Electronics,Smartwatch,2,0.1,2971.89,696.68,Standard,23.44,2025-05,2025
ORD-02262,2025-12-16,CUST-0764,Consumer,West,Office Supplies,Desk Organizer,1,0.2,144.59,9.79,Standard,6.77,2025-12,2025
ORD-01935,2025-07-22,CUST-1001,Corporate,East,Clothing,Denim Jeans,2,0.0,1054.98,251.79,Standard,23.87,2025-07,2025
ORD-02191,2025-10-14,CUST-0539,Home Office,North,Clothing,Rain Jacket,1,0.0,1265.61,108.63,Standard,8.58,2025-10,2025
ORD-02429,2025-05-19,CUST-0408,Corporate,East,Office Supplies,Sticky Notes Pack,1,0.15,208.45,24.27,Standard,11.64,2025-05,2025
ORD-02993,2025-06-12,CUST-0371,Home Office,West,Electronics,Webcam HD,1,0.1,4159.55,735.33,Standard,17.68,2025-06,2025
ORD-01062,2025-07-15,CUST-0216,Home Office,East,Office Supplies,File Folder Pack,3,0.0,495.69,160.46,Standard,32.37,2025-07,2025
ORD-02508,2025-10-03,CUST-0554,Corporate,South,Office Supplies,Whiteboard Marker Set,1,0.0,162.3,47.11,Standard,29.03,2025-10,2025
ORD-01428,2025-09-29,CUST-1072,Corporate,West,Clothing,Running Shoes,2,0.0,2126.22,509.33,Standard,23.95,2025-09,2025
ORD-01575,2025-07-23,CUST-0827,Corporate,North,Clothing,Rain Jacket,1,0.0,1265.61,108.63,Standard,8.58,2025-07,2025
ORD-02493,2024-11-24,CUST-0728,Corporate,East,Office Supplies,Ballpoint Pen Box,2,0.0,160.64,54.57,Standard,33.97,2024-11,2024
ORD-01011,2025-09-29,CUST-0753,Consumer,West,Electronics,Noise Cancelling Headphones,1,0.0,4693.67,1361.93,Standard,29.02,2025-09,2025
ORD-02318,2024-01-01,CUST-0613,Consumer,East,Office Supplies,Whiteboard Marker Set,2,0.0,324.6,94.22,Express,29.03,2024-01,2024
ORD-02220,2024-07-11,CUST-0066,Corporate,West,Electronics,Bluetooth Speaker,1,0.0,5868.36,1183.09,Express,20.16,2024-07,2024
ORD-02194,2025-03-14,CUST-1059,Consumer,West,Office Supplies,Printer Ink Cartridge,1,0.0,370.95,92.51,Standard,24.94,2025-03,2025
ORD-01894,2025-10-05,CUST-0725,Consumer,West,Furniture,Bookshelf,1,0.0,1301.6,351.95,Standard,27.04,2025-10,2025
ORD-01943,2024-07-12,CUST-0692,Consumer,South,Electronics,Webcam HD,2,0.0,9243.44,1911.36,Standard,20.68,2024-07,2024
ORD-01766,2025-02-25,CUST-0352,Consumer,West,Office Supplies,Printer Ink Cartridge,2,0.0,741.9,185.01,Same Day,24.94,2025-02,2025
ORD-02228,2025-04-28,CUST-0533,Consumer,South,Office Supplies,Sticky Notes Pack,2,0.0,490.46,79.16,Standard,16.14,2025-04,2025
ORD-02814,2024-04-26,CUST-1363,Consumer,North,Office Supplies,Desk Organizer,1,0.1,162.67,15.9,Standard,9.77,2024-04,2024
ORD-02101,2024-09-30,CUST-1042,Consumer,North,Electronics,Smartwatch,1,0.05,1568.5,391.22,Express,24.94,2024-09,2024
ORD-02112,2024-04-16,CUST-0128,Corporate,East,Electronics,Wireless Mouse,1,0.0,4779.36,503.88,Standard,10.54,2024-04,2024
ORD-02608,2025-10-05,CUST-0028,Consumer,West,Clothing,Denim Jeans,1,0.0,527.49,125.89,Standard,23.87,2025-10,2025
ORD-02169,2025-11-14,CUST-1235,Home Office,West,Clothing,Rain Jacket,1,0.0,1265.61,108.63,Standard,8.58,2025-11,2025
ORD-01514,2024-03-10,CUST-1371,Consumer,East,Clothing,Rain Jacket,1,0.0,1265.61,108.63,Standard,8.58,2024-03,2024
ORD-01441,2025-05-25,CUST-0452,Corporate,East,Office Supplies,File Folder Pack,1,0.05,156.97,48.46,Standard,30.87,2025-05,2025
ORD-01783,2025-03-10,CUST-0703,Consumer,East,Furniture,Office Chair,1,0.1,11421.86,3137.7,Express,27.47,2025-03,2025
ORD-02341,2024-12-14,CUST-0304,Consumer,West,Electronics,Noise Cancelling Headphones,1,0.05,4458.99,1226.95,Standard,27.52,2024-12,2024
ORD-03029,2025-05-15,CUST-0060,Corporate,East,Furniture,Bed Side Table,3,0.0,15754.77,4594.92,Express,29.17,2025-05,2025
ORD-01113,2024-08-08,CUST-0465,Consumer,North,Electronics,Smartwatch,1,0.0,1651.05,436.58,Standard,26.44,2024-08,2024
ORD-02579,2024-07-27,CUST-0219,Consumer,East,Electronics,Bluetooth Speaker,1,0.0,5868.36,1183.09,Standard,20.16,2024-07,2024
ORD-02009,2025-06-14,CUST-1317,Consumer,South,Office Supplies,Sticky Notes Pack,1,0.0,245.23,39.58,Express,16.14,2025-06,2025
ORD-01739,2025-09-15,CUST-1012,Consumer,South,Furniture,Bed Side Table,1,0.0,5251.59,1531.64,Standard,29.17,2025-09,2025
ORD-01734,2025-07-25,CUST-0834,Consumer,West,Electronics,Webcam HD,1,0.0,4621.72,955.68,Standard,20.68,2025-07,2025
ORD-01531,2025-12-22,CUST-0158,Consumer,South,Office Supplies,File Folder Pack,1,0.0,165.23,35.29,Express,21.36,2025-12,2025
ORD-02463,2025-12-15,CUST-0697,Home Office,North,Office Supplies,Sticky Notes Pack,1,0.0,245.23,39.58,Standard,16.14,2025-12,2025
ORD-02717,2025-02-25,CUST-0434,Corporate,East,Furniture,Recliner Sofa,1,0.0,6837.7,654.65,Standard,9.57,2025-02,2025
ORD-02639,2025-10-14,CUST-0881,Consumer,North,Clothing,Sports Cap,1,0.0,1518.88,166.04,Standard,10.93,2025-10,2025
ORD-02113,2024-02-25,CUST-0020,Consumer,South,Clothing,Formal Shirt,1,0.0,2022.02,206.93,Standard,10.23,2024-02,2024
ORD-01478,2024-07-29,CUST-0349,Consumer,East,Furniture,Office Chair,1,0.0,12690.96,3867.06,Express,30.47,2024-07,2024
ORD-02559,2024-08-14,CUST-0725,Corporate,North,Office Supplies,A4 Paper Ream,2,0.0,828.9,71.4,Standard,8.61,2024-08,2024
ORD-01953,2025-11-30,CUST-1174,Consumer,East,Office Supplies,A4 Paper Ream,4,0.0,1657.8,142.79,Standard,8.61,2025-11,2025
ORD-02028,2025-04-04,CUST-0361,Home Office,West,Office Supplies,Desk Organizer,1,0.0,180.74,23.09,Standard,12.78,2025-04,2025
ORD-01180,2024-03-27,CUST-0104,Consumer,East,Electronics,Power Bank 10000mAh,1,0.0,1623.15,423.4,Express,26.09,2024-03,2024
ORD-01035,2024-07-05,CUST-0560,Corporate,West,Furniture,Wall Shelf,1,0.0,8917.06,1764.81,Standard,19.79,2024-07,2024
ORD-01847,2024-11-22,CUST-1068,Consumer,West,Clothing,Sports Cap,2,0.0,3037.76,332.07,Standard,10.93,2024-11,2024
ORD-01367,2025-01-12,CUST-0894,Consumer,South,Electronics,Smartwatch,1,0.0,1651.05,436.58,Standard,26.44,2025-01,2025
ORD-01069,2025-01-26,CUST-0144,Consumer,West,Furniture,Recliner Sofa,1,0.2,5470.16,195.51,Standard,3.57,2025-01,2025
ORD-02538,2024-07-01,CUST-0074,Consumer,North,Electronics,Bluetooth Speaker,1,0.0,5868.36,1183.09,Express,20.16,2024-07,2024
ORD-01214,2025-05-01,CUST-1343,Consumer,West,Office Supplies,Desk Organizer,1,0.15,153.63,12.71,Standard,8.27,2025-05,2025
ORD-02221,2025-04-30,CUST-1017,Consumer,East,Office Supplies,Stapler,1,0.0,252.46,54.35,Same Day,21.53,2025-04,2025
ORD-01767,2024-02-13,CUST-0406,Corporate,West,Furniture,Bed Side Table,1,0.0,5251.59,1531.64,Standard,29.17,2024-02,2024
ORD-02287,2025-06-21,CUST-1281,Consumer,West,Electronics,USB-C Charger,1,0.0,2602.31,519.74,Standard,19.97,2025-06,2025
ORD-01083,2025-12-07,CUST-0414,Consumer,North,Clothing,Woolen Sweater,1,0.0,1899.39,546.14,Standard,28.75,2025-12,2025
ORD-02246,2025-03-30,CUST-1373,Corporate,North,Clothing,Denim Jeans,1,0.0,527.49,125.89,Standard,23.87,2025-03,2025
ORD-01370,2024-11-28,CUST-1351,Corporate,West,Furniture,Wall Shelf,1,0.0,8917.06,1764.81,Standard,19.79,2024-11,2024
ORD-01946,2025-07-25,CUST-1090,Home Office,West,Furniture,Bed Side Table,1,0.0,5251.59,1531.64,Standard,29.17,2025-07,2025
ORD-01028,2025-07-15,CUST-1018,Consumer,East,Electronics,Bluetooth Speaker,2,0.1,10563.05,1812.66,Same Day,17.16,2025-07,2025
ORD-01065,2024-05-26,CUST-1332,Consumer,West,Electronics,Power Bank 10000mAh,2,0.0,3246.3,846.8,Express,26.09,2024-05,2024
ORD-02928,2025-08-13,CUST-0815,Consumer,South,Office Supplies,Printer Ink Cartridge,1,0.0,370.95,92.51,Standard,24.94,2025-08,2025
ORD-02120,2025-10-27,CUST-0303,Corporate,East,Office Supplies,File Folder Pack,1,0.1,148.71,43.68,Standard,29.37,2025-10,2025
ORD-02770,2025-01-08,CUST-0528,Corporate,North,Electronics,Wireless Mouse,2,0.0,9558.72,1007.76,Standard,10.54,2025-01,2025
ORD-02546,2025-07-26,CUST-0480,Consumer,South,Clothing,Woolen Sweater,1,0.15,1614.48,260.94,Standard,16.16,2025-07,2025
ORD-01230,2024-08-02,CUST-1215,Home Office,North,Furniture,Study Table,1,0.0,6547.2,770.82,Standard,11.77,2024-08,2024
ORD-01996,2025-05-16,CUST-1099,Consumer,North,Office Supplies,Whiteboard Marker Set,1,0.05,154.18,42.44,Express,27.53,2025-05,2025
ORD-02297,2025-04-30,CUST-0878,Corporate,North,Clothing,Woolen Sweater,1,0.1,1709.45,440.24,Standard,25.75,2025-04,2025
ORD-01497,2024-01-03,CUST-0914,Home Office,West,Office Supplies,Printer Ink Cartridge,1,0.0,370.95,92.51,Same Day,24.94,2024-01,2024
ORD-02486,2025-07-08,CUST-1127,Consumer,West,Furniture,Recliner Sofa,1,0.0,6837.7,654.65,Standard,9.57,2025-07,2025
ORD-01490,2024-04-16,CUST-1213,Consumer,North,Office Supplies,Printer Ink Cartridge,1,0.0,370.95,92.51,Express,24.94,2024-04,2024
ORD-01064,2025-04-02,CUST-0954,Home Office,North,Office Supplies,A4 Paper Ream,1,0.0,414.45,35.7,Standard,8.61,2025-04,2025
ORD-02246,2025-03-30,CUST-1373,Corporate,North,Electronics,Noise Cancelling Headphones,4,0.0,18774.68,5447.73,Standard,29.02,2025-03,2025
ORD-01947,2025-01-20,CUST-0604,Corporate,North,Clothing,Cotton T-Shirt,2,0.0,2429.56,221.66,Express,9.12,2025-01,2025
ORD-01084,2025-11-01,CUST-1191,Consumer,North,Office Supplies,A4 Paper Ream,2,0.0,828.9,71.4,Standard,8.61,2025-11,2025
ORD-02149,2024-10-21,CUST-0529,Corporate,North,Furniture,Bed Side Table,2,0.0,10503.18,3063.28,Standard,29.17,2024-10,2024
ORD-01982,2025-10-14,CUST-0495,Home Office,East,Clothing,Hoodie,2,0.0,3115.6,647.55,Standard,20.78,2025-10,2025
ORD-01198,2025-11-23,CUST-0705,Corporate,West,Furniture,Filing Cabinet,1,0.1,6931.02,1534.35,Standard,22.14,2025-11,2025
ORD-01859,2024-01-04,CUST-1396,Consumer,North,Clothing,Hoodie,1,0.0,1557.8,323.78,Standard,20.78,2024-01,2024
ORD-02957,2024-01-26,CUST-1250,Consumer,North,Clothing,Formal Shirt,1,0.0,2022.02,206.93,Standard,10.23,2024-01,2024
ORD-01227,2025-10-04,CUST-0431,Consumer,South,Office Supplies,File Folder Pack,1,0.0,165.23,53.49,Express,32.37,2025-10,2025
ORD-01553,2024-06-02,CUST-0338,Consumer,East,Office Supplies,Ballpoint Pen Box,2,0.0,160.64,54.57,Same Day,33.97,2024-06,2024
ORD-02984,2025-08-23,CUST-1296,Consumer,South,Furniture,Filing Cabinet,1,0.0,7701.13,1935.86,Standard,25.14,2025-08,2025
ORD-02380,2025-06-25,CUST-1130,Home Office,West,Office Supplies,Stapler,1,0.0,252.46,54.35,Standard,21.53,2025-06,2025
ORD-01908,2025-04-29,CUST-1190,Consumer,East,Electronics,Noise Cancelling Headphones,4,0.0,18774.68,5447.73,Same Day,29.02,2025-04,2025
ORD-02443,2025-12-09,CUST-0271,Corporate,West,Furniture,Office Chair,1,0.05,12056.41,3492.86,Standard,28.97,2025-12,2025
ORD-01938,2024-05-21,CUST-0454,Consumer,North,Office Supplies,Whiteboard Marker Set,2,0.0,324.6,94.22,Standard,29.03,2024-05,2024
ORD-01645,2025-11-22,CUST-0081,Home Office,North,Electronics,Wireless Mouse,1,0.0,4779.36,503.88,Same Day,10.54,2025-11,2025
ORD-02173,2025-03-01,CUST-0589,Corporate,East,Furniture,Filing Cabinet,1,0.0,7701.13,1935.86,Express,25.14,2025-03,2025
ORD-01790,2025-10-14,CUST-0274,Consumer,South,Electronics,Power Bank 10000mAh,1,0.0,1623.15,423.4,Express,26.09,2025-10,2025
ORD-01045,2025-05-11,CUST-0522,Corporate,West,Furniture,Study Table,2,0.1,11784.96,1033.93,Standard,8.77,2025-05,2025
ORD-02733,2025-02-05,CUST-0966,Home Office,East,Electronics,Bluetooth Speaker,1,0.05,5574.94,1040.31,Standard,18.66,2025-02,2025
ORD-02637,2024-07-28,CUST-0632,Home Office,North,Furniture,Recliner Sofa,1,0.05,6495.82,524.48,Standard,8.07,2024-07,2024
ORD-01654,2024-01-19,CUST-1049,Corporate,East,Office Supplies,Stapler,1,0.0,252.46,54.35,Express,21.53,2024-01,2024
ORD-02048,2025-01-16,CUST-1152,Corporate,West,Furniture,Bookshelf,1,0.0,1301.6,351.95,Standard,27.04,2025-01,2025
ORD-02021,2024-06-25,CUST-0459,Consumer,North,Electronics,Wireless Mouse,2,0.0,9558.72,1007.76,Standard,10.54,2024-06,2024
ORD-02089,2025-12-07,CUST-1074,Consumer,West,Electronics,Laptop Stand,2,0.1,3288.76,725.33,Standard,22.05,2025-12,2025
ORD-02436,2025-06-06,CUST-0425,Corporate,North,Office Supplies,Whiteboard Marker Set,1,0.05,154.18,42.44,Standard,27.53,2025-06,2025
ORD-02334,2025-05-14,CUST-0465,Corporate,East,Office Supplies,File Folder Pack,1,0.05,156.97,48.46,Standard,30.87,2025-05,2025
ORD-01518,2025-03-22,CUST-0292,Home Office,East,Furniture,Filing Cabinet,1,0.0,7701.13,1935.86,Standard,25.14,2025-03,2025
ORD-01665,2025-01-29,CUST-0372,Consumer,East,Electronics,USB-C Charger,2,0.0,5204.62,1039.48,Same Day,19.97,2025-01,2025
ORD-02576,2024-08-28,CUST-0910,Home Office,South,Clothing,Cotton T-Shirt,2,0.0,2429.56,221.66,Standard,9.12,2024-08,2024
ORD-02618,2025-10-19,CUST-0020,Consumer,East,Office Supplies,Printer Ink Cartridge,2,0.0,741.9,185.01,Standard,24.94,2025-10,2025
ORD-01019,2024-07-19,CUST-0479,Corporate,North,Furniture,Bookshelf,1,0.0,1301.6,351.95,Express,27.04,2024-07,2024
ORD-02482,2024-01-11,CUST-0760,Corporate,North,Office Supplies,Stapler,1,0.0,252.46,54.35,Express,21.53,2024-01,2024
ORD-01508,2024-05-07,CUST-1325,Corporate,East,Clothing,Sports Cap,1,0.1,1366.99,108.42,Standard,7.93,2024-05,2024
ORD-01476,2025-10-17,CUST-0618,Corporate,East,Clothing,Denim Jeans,1,0.0,527.49,125.89,Express,23.87,2025-10,2025
ORD-01340,2025-10-01,CUST-0987,Consumer,North,Clothing,Running Shoes,2,0.0,2126.22,509.33,Standard,23.95,2025-10,2025
ORD-02738,2024-01-19,CUST-0556,Consumer,North,Clothing,Formal Shirt,2,0.0,4044.04,413.86,Standard,10.23,2024-01,2024
ORD-01231,2024-07-30,CUST-0767,Consumer,South,Office Supplies,Ballpoint Pen Box,1,0.0,80.32,27.29,Standard,33.98,2024-07,2024
ORD-01398,2024-10-14,CUST-0570,Corporate,North,Furniture,Filing Cabinet,1,0.0,7701.13,1935.86,Standard,25.14,2024-10,2024
ORD-01839,2024-12-28,CUST-0302,Consumer,South,Electronics,Smartwatch,4,0.0,6604.2,1746.3,Standard,26.44,2024-12,2024
ORD-01575,2025-07-23,CUST-0827,Corporate,North,Electronics,Noise Cancelling Headphones,1,0.0,4693.67,1361.93,Standard,29.02,2025-07,2025
ORD-01085,2024-10-04,CUST-1173,Consumer,North,Office Supplies,Whiteboard Marker Set,2,0.0,324.6,94.22,Standard,29.03,2024-10,2024
ORD-02093,2024-02-18,CUST-0132,Consumer,South,Electronics,USB-C Charger,1,0.1,2342.08,397.5,Same Day,16.97,2024-02,2024
ORD-01171,2025-04-11,CUST-1189,Consumer,East,Electronics,USB-C Charger,1,0.0,2602.31,519.74,Standard,19.97,2025-04,2025
ORD-01958,2024-08-17,CUST-0570,Consumer,North,Furniture,Recliner Sofa,1,0.0,6837.7,654.65,Standard,9.57,2024-08,2024
ORD-02084,2024-06-27,CUST-0775,Consumer,West,Furniture,Recliner Sofa,1,0.0,6837.7,654.65,Standard,9.57,2024-06,2024
ORD-01779,2025-01-04,CUST-0149,Corporate,North,Office Supplies,Printer Ink Cartridge,2,0.05,704.8,165.19,Standard,23.44,2025-01,2025
ORD-03058,2025-07-17,CUST-0627,Consumer,South,Electronics,Webcam HD,1,0.0,4621.72,955.68,Standard,20.68,2025-07,2025
ORD-02487,2025-07-22,CUST-1366,Corporate,North,Electronics,Power Bank 10000mAh,1,0.0,1623.15,423.4,Standard,26.09,2025-07,2025
ORD-01800,2024-05-26,CUST-0855,Corporate,East,Clothing,Woolen Sweater,1,0.0,1899.39,546.14,Standard,28.75,2024-05,2024
ORD-01821,2024-11-27,CUST-0041,Consumer,East,Furniture,Wall Shelf,2,0.0,17834.12,3529.62,Standard,19.79,2024-11,2024
ORD-01179,2024-10-09,CUST-1399,Consumer,North,Clothing,Sports Cap,1,0.0,1518.88,166.04,Standard,10.93,2024-10,2024
ORD-01317,2025-08-14,CUST-0639,Consumer,South,Electronics,USB-C Charger,2,0.0,5204.62,1039.48,Express,19.97,2025-08,2025
ORD-02119,2025-01-04,CUST-0219,Consumer,North,Furniture,Bookshelf,2,0.0,2603.2,703.89,Same Day,27.04,2025-01,2025
ORD-02554,2025-06-25,CUST-0488,Corporate,South,Electronics,Power Bank 10000mAh,1,0.0,1623.15,423.4,Standard,26.09,2025-06,2025
ORD-02797,2024-09-08,CUST-1254,Consumer,South,Office Supplies,Printer Ink Cartridge,1,0.0,370.95,92.51,Standard,24.94,2024-09,2024
ORD-02752,2025-10-16,CUST-1342,Consumer,South,Electronics,Wireless Mouse,1,0.05,4540.39,410.58,Standard,9.04,2025-10,2025
ORD-01778,2024-12-14,CUST-1153,Consumer,West,Office Supplies,Whiteboard Marker Set,2,0.0,324.6,94.22,Express,29.03,2024-12,2024
ORD-02092,2025-09-17,CUST-0899,Consumer,East,Clothing,Hoodie,2,0.0,3115.6,647.55,Standard,20.78,2025-09,2025
ORD-02819,2025-08-16,CUST-0744,Corporate,South,Office Supplies,Ballpoint Pen Box,3,0.15,204.82,60.36,Express,29.47,2025-08,2025
ORD-02258,2025-03-17,CUST-0108,Corporate,North,Electronics,USB-C Charger,1,0.15,2211.96,342.24,Standard,15.47,2025-03,2025
ORD-02043,2024-06-26,CUST-0235,Consumer,South,Furniture,Bed Side Table,1,0.0,5251.59,1531.64,Express,29.17,2024-06,2024
ORD-01369,2025-05-07,CUST-1093,Consumer,West,Furniture,Office Chair,2,0.1,22843.73,6275.4,Standard,27.47,2025-05,2025
ORD-01355,2025-02-03,CUST-1352,Consumer,East,Office Supplies,File Folder Pack,1,0.0,165.23,53.49,Same Day,32.37,2025-02,2025
ORD-02344,2025-03-31,CUST-1342,Consumer,North,Office Supplies,Sticky Notes Pack,1,0.15,208.45,24.27,Standard,11.64,2025-03,2025
ORD-01182,2025-02-21,CUST-0304,Consumer,East,Electronics,Power Bank 10000mAh,2,0.0,3246.3,846.8,Standard,26.09,2025-02,2025
ORD-03051,2025-08-11,CUST-0593,Corporate,East,Office Supplies,Sticky Notes Pack,1,0.0,245.23,39.58,Standard,16.14,2025-08,2025
ORD-01661,2024-02-25,CUST-0291,Corporate,North,Electronics,Wireless Mouse,4,0.0,19117.44,2015.51,Standard,10.54,2024-02,2024
ORD-01805,2024-12-02,CUST-0398,Consumer,North,Office Supplies,Printer Ink Cartridge,1,0.2,296.76,56.2,Standard,18.94,2024-12,2024
ORD-02391,2024-08-11,CUST-1303,Consumer,West,Electronics,Laptop Stand,1,0.0,1827.09,457.78,Express,25.06,2024-08,2024
ORD-02929,2025-12-03,CUST-1334,Home Office,South,Electronics,USB-C Charger,4,0.0,10409.24,2078.95,Standard,19.97,2025-12,2025
ORD-02821,2025-11-13,CUST-1391,Consumer,North,Electronics,Wireless Mouse,1,0.0,4779.36,503.88,Standard,10.54,2025-11,2025
ORD-02303,2025-02-27,CUST-0006,Home Office,East,Office Supplies,A4 Paper Ream,1,0.0,414.45,35.7,Express,8.61,2025-02,2025
ORD-01766,2025-02-25,CUST-0352,Consumer,West,Electronics,Power Bank 10000mAh,1,0.0,1623.15,423.4,Same Day,26.09,2025-02,2025
ORD-02430,2024-10-16,CUST-0196,Consumer,South,Clothing,Cotton T-Shirt,1,0.0,1214.78,110.83,Standard,9.12,2024-10,2024
ORD-01315,2024-09-18,CUST-1296,Corporate,North,Furniture,Recliner Sofa,1,0.0,6837.7,654.65,Same Day,9.57,2024-09,2024
ORD-01237,2024-10-03,CUST-0999,Home Office,North,Office Supplies,Ballpoint Pen Box,1,0.0,80.32,27.29,Same Day,33.98,2024-10,2024
ORD-01721,2024-06-04,CUST-0854,Corporate,East,Office Supplies,File Folder Pack,1,0.0,165.23,53.49,Standard,32.37,2024-06,2024
ORD-03012,2024-10-07,CUST-0083,Consumer,North,Furniture,Office Chair,2,0.05,24112.82,6985.73,Standard,28.97,2024-10,2024
ORD-02948,2025-06-19,CUST-0132,Home Office,North,Office Supplies,File Folder Pack,1,0.0,165.23,53.49,Standard,32.37,2025-06,2025
ORD-01712,2024-01-20,CUST-0613,Consumer,South,Office Supplies,Whiteboard Marker Set,2,0.0,324.6,94.22,Standard,29.03,2024-01,2024
ORD-02766,2024-07-04,CUST-0484,Consumer,West,Office Supplies,A4 Paper Ream,2,0.1,746.01,41.88,Standard,5.61,2024-07,2024
ORD-01849,2024-05-17,CUST-0373,Corporate,North,Electronics,Laptop Stand,1,0.15,1553.03,319.22,Same Day,20.55,2024-05,2024
ORD-02062,2025-12-06,CUST-0516,Consumer,North,Office Supplies,Whiteboard Marker Set,2,0.0,324.6,94.22,Express,29.03,2025-12,2025
ORD-01991,2024-01-08,CUST-0349,Consumer,West,Office Supplies,Printer Ink Cartridge,2,0.05,704.8,165.19,Standard,23.44,2024-01,2024
ORD-02329,2024-01-16,CUST-0261,Consumer,East,Clothing,Formal Shirt,1,0.1,1819.82,131.64,Express,7.23,2024-01,2024
ORD-01251,2025-02-21,CUST-0479,Home Office,East,Office Supplies,Ballpoint Pen Box,2,0.1,144.58,44.78,Standard,30.97,2025-02,2025
ORD-03051,2025-08-11,CUST-0593,Corporate,East,Clothing,Woolen Sweater,2,0.0,3798.78,1092.28,Standard,28.75,2025-08,2025
ORD-02288,2025-08-14,CUST-1105,Consumer,East,Office Supplies,Printer Ink Cartridge,2,0.0,741.9,185.01,Standard,24.94,2025-08,2025
ORD-03035,2024-06-10,CUST-1268,Consumer,South,Office Supplies,Ballpoint Pen Box,2,0.2,128.51,35.95,Standard,27.97,2024-06,2024
ORD-01876,2024-12-13,CUST-0084,Consumer,South,Office Supplies,Ballpoint Pen Box,1,0.0,80.32,27.29,Standard,33.98,2024-12,2024
ORD-02716,2025-09-19,CUST-1134,Consumer,West,Office Supplies,Ballpoint Pen Box,2,0.05,152.61,49.55,Standard,32.47,2025-09,2025
ORD-02748,2025-11-08,CUST-0082,Corporate,West,Clothing,Formal Shirt,1,0.0,2022.02,206.93,Express,10.23,2025-11,2025
ORD-03043,2024-12-25,CUST-0246,Consumer,West,Electronics,USB-C Charger,1,0.0,2602.31,519.74,Standard,19.97,2024-12,2024
ORD-02205,2024-03-30,CUST-0945,Consumer,East,Clothing,Woolen Sweater,2,0.0,3798.78,1092.28,Standard,28.75,2024-03,2024
ORD-03041,2024-04-13,CUST-1030,Home Office,West,Office Supplies,A4 Paper Ream,1,0.0,414.45,35.7,Standard,8.61,2024-04,2024
ORD-01886,2024-07-20,CUST-0742,Corporate,North,Office Supplies,Desk Organizer,1,0.0,180.74,23.09,Standard,12.78,2024-07,2024
ORD-02338,2025-07-08,CUST-0191,Home Office,West,Furniture,Bed Side Table,3,0.05,14967.03,4140.67,Express,27.67,2025-07,2025
ORD-01745,2024-03-05,CUST-0530,Corporate,South,Clothing,Hoodie,1,0.1,1402.02,249.34,Same Day,17.78,2024-03,2024
ORD-02984,2025-08-23,CUST-1296,Consumer,South,Office Supplies,Printer Ink Cartridge,1,0.0,370.95,92.51,Standard,24.94,2025-08,2025
ORD-01568,2024-06-23,CUST-0952,Consumer,East,Clothing,Cotton T-Shirt,2,0.0,2429.56,221.66,Standard,9.12,2024-06,2024
ORD-01966,2025-01-29,CUST-1215,Home Office,North,Electronics,USB-C Charger,2,0.0,5204.62,1039.48,Express,19.97,2025-01,2025
ORD-02677,2024-06-11,CUST-1276,Corporate,South,Clothing,Denim Jeans,1,0.0,527.49,125.89,Express,23.87,2024-06,2024
ORD-01790,2025-10-14,CUST-0274,Consumer,South,Electronics,Smartwatch,1,0.0,1651.05,436.58,Express,26.44,2025-10,2025
ORD-01245,2025-03-04,CUST-1010,Consumer,East,Electronics,Wireless Mouse,1,0.0,4779.36,503.88,Express,10.54,2025-03,2025
ORD-02132,2024-11-10,CUST-1275,Corporate,South,Office Supplies,Whiteboard Marker Set,1,0.2,129.84,29.9,Standard,23.03,2024-11,2024
ORD-02323,2025-07-22,CUST-0571,Corporate,North,Office Supplies,Ballpoint Pen Box,1,0.0,80.32,27.29,Same Day,33.98,2025-07,2025
ORD-01051,2024-06-12,CUST-0396,Home Office,North,Electronics,Bluetooth Speaker,1,0.1,5281.52,906.33,Standard,17.16,2024-06,2024
ORD-01743,2025-02-19,CUST-0879,Consumer,South,Electronics,Laptop Stand,1,0.0,1827.09,457.78,Standard,25.06,2025-02,2025
ORD-02357,2025-09-05,CUST-0440,Corporate,East,Electronics,USB-C Charger,2,0.0,5204.62,1039.48,Standard,19.97,2025-09,2025
ORD-01377,2025-10-16,CUST-0021,Consumer,East,Clothing,Formal Shirt,1,0.15,1718.72,98.55,Standard,5.73,2025-10,2025
ORD-02853,2024-04-03,CUST-1246,Consumer,West,Office Supplies,Whiteboard Marker Set,1,0.0,162.3,47.11,Express,29.03,2024-04,2024
ORD-02867,2024-03-09,CUST-0272,Consumer,West,Electronics,USB-C Charger,2,0.0,5204.62,1039.48,Express,19.97,2024-03,2024
ORD-01027,2024-04-26,CUST-1287,Consumer,West,Clothing,Woolen Sweater,1,0.15,1614.48,391.57,Standard,24.25,2024-04,2024
ORD-01497,2024-01-03,CUST-0914,Home Office,West,Office Supplies,Desk Organizer,2,0.0,361.48,46.17,Same Day,12.77,2024-01,2024
ORD-02703,2024-11-09,CUST-0731,Consumer,East,Office Supplies,Stapler,2,0.0,504.92,108.7,Standard,21.53,2024-11,2024
ORD-02582,2025-04-11,CUST-1297,Corporate,East,Clothing,Hoodie,3,0.2,3738.72,552.74,Standard,14.78,2025-04,2025
ORD-01035,2024-07-05,CUST-0560,Corporate,West,Furniture,Bed Side Table,1,0.15,4463.85,1101.02,Standard,24.67,2024-07,2024
ORD-02978,2025-09-27,CUST-0088,Consumer,South,Office Supplies,Printer Ink Cartridge,1,0.0,370.95,92.51,Standard,24.94,2025-09,2025
ORD-01365,2024-10-13,CUST-0471,Consumer,East,Office Supplies,Whiteboard Marker Set,1,0.0,162.3,47.11,Standard,29.03,2024-10,2024
ORD-01552,2025-06-20,CUST-0078,Home Office,South,Electronics,Noise Cancelling Headphones,1,0.0,4693.67,1361.93,Express,29.02,2025-06,2025
ORD-02388,2025-06-22,CUST-0464,Corporate,North,Clothing,Formal Shirt,3,0.0,6066.06,620.78,Standard,10.23,2025-06,2025
ORD-01169,2024-08-09,CUST-1188,Consumer,South,Clothing,Formal Shirt,1,0.1,1819.82,131.64,Express,7.23,2024-08,2024
ORD-02705,2025-09-08,CUST-0319,Consumer,North,Clothing,Running Shoes,2,0.0,2126.22,509.33,Standard,23.95,2025-09,2025
ORD-01698,2024-05-16,CUST-0556,Consumer,East,Clothing,Denim Jeans,1,0.2,421.99,75.39,Standard,17.87,2024-05,2024
ORD-02418,2024-07-08,CUST-1265,Consumer,East,Office Supplies,Stapler,1,0.0,252.46,54.35,Standard,21.53,2024-07,2024
ORD-02650,2024-12-04,CUST-0554,Consumer,West,Office Supplies,Ballpoint Pen Box,1,0.1,72.29,22.39,Standard,30.97,2024-12,2024
ORD-01619,2024-12-17,CUST-0295,Consumer,East,Electronics,Bluetooth Speaker,1,0.0,5868.36,1183.09,Standard,20.16,2024-12,2024
ORD-01399,2025-07-31,CUST-1307,Home Office,South,Office Supplies,Whiteboard Marker Set,1,0.2,129.84,29.9,Express,23.03,2025-07,2025
ORD-01585,2024-09-09,CUST-0776,Consumer,South,Office Supplies,Whiteboard Marker Set,1,0.0,162.3,47.11,Express,29.03,2024-09,2024
ORD-01579,2025-11-12,CUST-0757,Corporate,North,Office Supplies,Printer Ink Cartridge,2,0.05,704.8,165.19,Standard,23.44,2025-11,2025
ORD-01658,2025-05-26,CUST-0353,Corporate,East,Office Supplies,A4 Paper Ream,1,0.15,352.28,14.49,Standard,4.11,2025-05,2025
ORD-02497,2025-02-26,CUST-0766,Corporate,South,Clothing,Rain Jacket,1,0.0,1265.61,108.63,Standard,8.58,2025-02,2025
ORD-01569,2025-12-04,CUST-0996,Consumer,North,Electronics,USB-C Charger,1,0.05,2472.19,456.67,Standard,18.47,2025-12,2025
ORD-02296,2025-12-22,CUST-0028,Corporate,South,Electronics,Bluetooth Speaker,1,0.0,5868.36,1183.09,Standard,20.16,2025-12,2025
ORD-02354,2025-01-28,CUST-0581,Consumer,South,Office Supplies,Ballpoint Pen Box,1,0.1,72.29,22.39,Standard,30.97,2025-01,2025
ORD-01061,2025-02-12,CUST-1394,Consumer,South,Furniture,Bean Bag,1,0.2,6026.43,306.88,Standard,5.09,2025-02,2025
ORD-01791,2025-12-19,CUST-0744,Corporate,North,Clothing,Rain Jacket,2,0.0,2531.22,217.27,Standard,8.58,2025-12,2025
ORD-01986,2024-06-13,CUST-0771,Corporate,East,Office Supplies,Ballpoint Pen Box,1,0.0,80.32,27.29,Express,33.98,2024-06,2024
ORD-02829,2024-11-24,CUST-0129,Corporate,North,Furniture,Bean Bag,2,0.05,14312.78,1372.93,Same Day,9.59,2024-11,2024
ORD-02271,2024-10-06,CUST-0446,Corporate,North,Clothing,Hoodie,1,0.0,1557.8,323.78,Same Day,20.78,2024-10,2024
ORD-02233,2025-10-23,CUST-1285,Corporate,East,Clothing,Running Shoes,1,0.0,1063.11,254.67,Standard,23.96,2025-10,2025
ORD-01630,2024-11-25,CUST-0159,Consumer,North,Clothing,Formal Shirt,2,0.2,3235.23,136.97,Express,4.23,2024-11,2024
ORD-02819,2025-08-16,CUST-0744,Corporate,South,Electronics,Webcam HD,1,0.0,4621.72,955.68,Express,20.68,2025-08,2025
ORD-02257,2024-12-02,CUST-1020,Corporate,South,Office Supplies,Stapler,2,0.0,504.92,108.7,Standard,21.53,2024-12,2024
ORD-01556,2024-12-22,CUST-0541,Consumer,West,Furniture,Recliner Sofa,2,0.0,13675.4,1309.31,Standard,9.57,2024-12,2024
ORD-01480,2024-12-01,CUST-1078,Consumer,North,Electronics,Webcam HD,1,0.0,4621.72,955.68,Same Day,20.68,2024-12,2024
ORD-02555,2025-10-24,CUST-0069,Consumer,South,Office Supplies,Sticky Notes Pack,1,0.0,245.23,39.58,Express,16.14,2025-10,2025
ORD-02410,2025-08-26,CUST-0210,Consumer,North,Electronics,USB-C Charger,1,0.05,2472.19,456.67,Standard,18.47,2025-08,2025
ORD-02059,2025-05-09,CUST-0865,Consumer,East,Electronics,Webcam HD,1,0.15,3928.46,635.55,Standard,16.18,2025-05,2025
ORD-01566,2024-08-21,CUST-0910,Consumer,North,Furniture,Wall Shelf,1,0.1,8025.35,1347.57,Express,16.79,2024-08,2024
ORD-02607,2024-02-16,CUST-0447,Consumer,North,Furniture,Bookshelf,1,0.05,1236.52,315.8,Express,25.54,2024-02,2024
ORD-03061,2024-07-15,CUST-0592,Consumer,North,Office Supplies,Desk Organizer,2,0.0,361.48,46.17,Express,12.77,2024-07,2024
ORD-01780,2025-04-26,CUST-0445,Corporate,West,Office Supplies,Printer Ink Cartridge,1,0.0,370.95,92.51,Same Day,24.94,2025-04,2025
ORD-01235,2024-02-24,CUST-0646,Consumer,North,Clothing,Woolen Sweater,1,0.05,1804.42,491.77,Standard,27.25,2024-02,2024
ORD-02216,2025-02-01,CUST-0744,Corporate,North,Clothing,Cotton T-Shirt,2,0.1,2186.6,133.9,Standard,6.12,2025-02,2025
ORD-01327,2025-07-26,CUST-0816,Consumer,North,Electronics,Laptop Stand,1,0.0,1827.09,457.78,Express,25.06,2025-07,2025
ORD-02255,2024-07-15,CUST-0494,Corporate,South,Electronics,Laptop Stand,1,0.0,1827.09,457.78,Standard,25.06,2024-07,2024
ORD-02481,2024-10-22,CUST-0963,Consumer,North,Furniture,Bed Side Table,2,0.05,9978.02,2760.44,Express,27.67,2024-10,2024
ORD-02285,2024-03-16,CUST-0396,Corporate,North,Office Supplies,Printer Ink Cartridge,1,0.0,370.95,92.51,Standard,24.94,2024-03,2024
ORD-01386,2024-03-21,CUST-0146,Consumer,North,Office Supplies,Stapler,1,0.2,201.97,31.36,Standard,15.53,2024-03,2024
ORD-02871,2024-04-30,CUST-0772,Corporate,West,Furniture,Study Table,1,0.05,6219.84,638.98,Standard,10.27,2024-04,2024
ORD-01469,2024-10-19,CUST-0782,Consumer,North,Furniture,Bed Side Table,2,0.1,9452.86,2473.36,Standard,26.17,2024-10,2024
ORD-01115,2025-06-22,CUST-1141,Home Office,South,Electronics,Laptop Stand,1,0.0,1827.09,457.78,Standard,25.06,2025-06,2025
ORD-02231,2025-11-11,CUST-0455,Consumer,West,Clothing,Formal Shirt,2,0.0,4044.04,413.86,Standard,10.23,2025-11,2025
ORD-01660,2025-07-06,CUST-1159,Consumer,West,Furniture,Bed Side Table,1,0.0,5251.59,1531.64,Express,29.17,2025-07,2025
ORD-01283,2024-08-03,CUST-1268,Home Office,East,Clothing,Hoodie,1,0.0,1557.8,323.78,Express,20.78,2024-08,2024
ORD-01278,2025-10-23,CUST-0225,Corporate,East,Furniture,Study Table,1,0.2,5237.76,302.39,Standard,5.77,2025-10,2025
ORD-02810,2024-02-02,CUST-0716,Consumer,South,Office Supplies,Sticky Notes Pack,2,0.15,416.89,48.53,Standard,11.64,2024-02,2024
ORD-02761,2025-05-13,CUST-1032,Corporate,North,Office Supplies,Whiteboard Marker Set,1,0.0,162.3,47.11,Same Day,29.03,2025-05,2025
ORD-03013,2025-10-10,CUST-0124,Home Office,West,Office Supplies,Ballpoint Pen Box,1,0.0,80.32,27.29,Standard,33.98,2025-10,2025
ORD-02760,2024-04-06,CUST-0795,Consumer,East,Office Supplies,Whiteboard Marker Set,1,0.0,162.3,47.11,Express,29.03,2024-04,2024
ORD-01049,2024-04-03,CUST-1189,Consumer,North,Electronics,Smartwatch,1,0.0,1651.05,436.58,Same Day,26.44,2024-04,2024
ORD-01718,2024-02-22,CUST-0194,Consumer,West,Office Supplies,Ballpoint Pen Box,2,0.15,136.54,40.24,Standard,29.47,2024-02,2024
ORD-01623,2025-10-14,CUST-1295,Home Office,North,Furniture,Bean Bag,1,0.0,7533.04,835.59,Standard,11.09,2025-10,2025
ORD-02348,2025-05-06,CUST-0889,Corporate,West,Office Supplies,Whiteboard Marker Set,1,0.0,162.3,47.11,Express,29.03,2025-05,2025
ORD-01941,2024-10-16,CUST-0586,Consumer,West,Furniture,Study Table,1,0.0,6547.2,770.82,Standard,11.77,2024-10,2024
ORD-01948,2024-01-20,CUST-0693,Corporate,North,Clothing,Sports Cap,1,0.1,1366.99,108.42,Standard,7.93,2024-01,2024
ORD-01505,2024-05-07,CUST-0607,Consumer,West,Furniture,Bookshelf,2,0.0,2603.2,703.89,Express,27.04,2024-05,2024
ORD-02224,2024-04-11,CUST-0955,Consumer,West,Electronics,Webcam HD,1,0.15,3928.46,635.55,Express,16.18,2024-04,2024
ORD-02499,2024-12-15,CUST-1108,Consumer,North,Furniture,Wall Shelf,3,0.0,26751.18,5294.42,Standard,19.79,2024-12,2024
ORD-01739,2025-09-15,CUST-1012,Consumer,South,Electronics,Laptop Stand,1,0.05,1735.74,408.85,Standard,23.55,2025-09,2025
ORD-02358,2025-11-21,CUST-0281,Consumer,West,Electronics,Wireless Mouse,1,0.0,4779.36,503.88,Express,10.54,2025-11,2025
ORD-02768,2025-09-17,CUST-0718,Corporate,North,Electronics,USB-C Charger,1,0.0,2602.31,519.74,Standard,19.97,2025-09,2025
ORD-02926,2024-01-14,CUST-1211,Consumer,South,Office Supplies,Stapler,1,0.0,252.46,54.35,Standard,21.53,2024-01,2024
ORD-02411,2024-11-17,CUST-1392,Corporate,West,Furniture,Bean Bag,1,0.0,7533.04,835.59,Standard,11.09,2024-11,2024
ORD-02823,2025-12-08,CUST-0662,Corporate,North,Electronics,USB-C Charger,1,0.0,2602.31,519.74,Standard,19.97,2025-12,2025
ORD-02029,2024-12-07,CUST-0487,Home Office,North,Electronics,USB-C Charger,1,0.1,2342.08,397.5,Express,16.97,2024-12,2024
ORD-02152,2024-03-08,CUST-0694,Consumer,South,Electronics,USB-C Charger,1,0.1,2342.08,397.5,Standard,16.97,2024-03,2024
ORD-01149,2025-09-10,CUST-0514,Corporate,North,Office Supplies,Whiteboard Marker Set,1,0.0,162.3,47.11,Same Day,29.03,2025-09,2025
ORD-02696,2024-09-19,CUST-0055,Home Office,East,Electronics,Laptop Stand,1,0.0,1827.09,457.78,Standard,25.06,2024-09,2024
ORD-02902,2024-12-05,CUST-1235,Corporate,East,Electronics,Laptop Stand,1,0.0,1827.09,457.78,Same Day,25.06,2024-12,2024
ORD-02990,2025-06-19,CUST-0610,Home Office,East,Office Supplies,Sticky Notes Pack,3,0.0,735.69,118.75,Same Day,16.14,2025-06,2025
ORD-02425,2024-03-15,CUST-0060,Home Office,South,Office Supplies,A4 Paper Ream,1,0.1,373.0,20.94,Standard,5.61,2024-03,2024
ORD-02616,2024-01-13,CUST-0128,Corporate,South,Furniture,Recliner Sofa,3,0.0,20513.1,1963.96,Standard,9.57,2024-01,2024
ORD-01076,2024-12-18,CUST-1257,Consumer,North,Furniture,Office Chair,1,0.0,12690.96,3867.06,Express,30.47,2024-12,2024
ORD-01617,2025-02-10,CUST-1323,Consumer,West,Furniture,Bed Side Table,1,0.1,4726.43,1236.68,Standard,26.17,2025-02,2025
ORD-01333,2024-07-18,CUST-0846,Corporate,North,Clothing,Denim Jeans,3,0.0,1582.47,377.68,Standard,23.87,2024-07,2024
ORD-02945,2025-02-17,CUST-0121,Corporate,West,Office Supplies,Ballpoint Pen Box,1,0.1,72.29,22.39,Standard,30.97,2025-02,2025
ORD-02689,2025-12-18,CUST-1030,Consumer,West,Office Supplies,Stapler,1,0.05,239.84,51.22,Express,21.36,2025-12,2025
ORD-02372,2025-03-19,CUST-0667,Corporate,East,Electronics,Smartwatch,1,0.15,1403.39,307.94,Express,21.94,2025-03,2025
ORD-02663,2024-11-12,CUST-0052,Corporate,North,Electronics,Smartwatch,1,0.05,1568.5,391.22,Standard,24.94,2024-11,2024
ORD-03011,2024-01-05,CUST-1090,Corporate,East,Clothing,Woolen Sweater,1,0.1,1709.45,440.24,Standard,25.75,2024-01,2024
ORD-02215,2025-07-04,CUST-0082,Corporate,West,Furniture,Study Table,2,0.0,13094.4,1541.65,Same Day,11.77,2025-07,2025
ORD-02458,2025-02-25,CUST-1274,Consumer,East,Electronics,Power Bank 10000mAh,1,0.15,1379.68,297.8,Standard,21.58,2025-02,2025
ORD-02856,2025-03-13,CUST-0243,Consumer,East,Clothing,Hoodie,1,0.0,1557.8,323.78,Same Day,20.78,2025-03,2025
ORD-01780,2025-04-26,CUST-0445,Corporate,West,Electronics,Wireless Mouse,1,0.15,4062.46,245.49,Same Day,6.04,2025-04,2025
ORD-01163,2025-08-05,CUST-0656,Corporate,North,Electronics,Power Bank 10000mAh,1,0.0,1623.15,423.4,Same Day,26.09,2025-08,2025
ORD-01007,2025-07-13,CUST-0705,Consumer,East,Office Supplies,Ballpoint Pen Box,2,0.15,136.54,40.24,Express,29.47,2025-07,2025
ORD-01492,2024-12-04,CUST-0069,Consumer,South,Electronics,Laptop Stand,1,0.0,1827.09,457.78,Same Day,25.06,2024-12,2024
ORD-02736,2024-02-13,CUST-1273,Consumer,South,Office Supplies,Whiteboard Marker Set,1,0.15,137.96,33.84,Standard,24.53,2024-02,2024
ORD-01725,2024-04-26,CUST-0618,Corporate,North,Clothing,Rain Jacket,1,0.05,1202.33,85.17,Standard,7.08,2024-04,2024
ORD-01236,2025-12-24,CUST-1011,Consumer,North,Clothing,Cotton T-Shirt,2,0.0,2429.56,221.66,Express,9.12,2025-12,2025
ORD-01449,2025-05-01,CUST-0507,Consumer,West,Electronics,Power Bank 10000mAh,2,0.0,3246.3,846.8,Express,26.09,2025-05,2025
ORD-01845,2024-01-04,CUST-1326,Corporate,West,Office Supplies,Ballpoint Pen Box,1,0.0,80.32,27.29,Standard,33.98,2024-01,2024
ORD-01857,2025-01-21,CUST-0096,Corporate,South,Electronics,Laptop Stand,1,0.0,1827.09,457.78,Standard,25.06,2025-01,2025
ORD-01329,2025-07-27,CUST-1200,Consumer,East,Furniture,Filing Cabinet,1,0.1,6931.02,1534.35,Express,22.14,2025-07,2025
ORD-01315,2024-09-18,CUST-1296,Corporate,North,Electronics,Noise Cancelling Headphones,1,0.0,4693.67,1361.93,Same Day,29.02,2024-09,2024
ORD-01333,2024-07-18,CUST-0846,Corporate,North,Furniture,Bean Bag,1,0.0,7533.04,835.59,Standard,11.09,2024-07,2024
ORD-01128,2025-03-22,CUST-0343,Corporate,West,Clothing,Woolen Sweater,2,0.0,3798.78,1092.28,Same Day,28.75,2025-03,2025
ORD-02644,2025-12-17,CUST-1042,Consumer,West,Electronics,Wireless Mouse,1,0.0,4779.36,503.88,Standard,10.54,2025-12,2025
ORD-01937,2024-08-04,CUST-0233,Consumer,West,Clothing,Formal Shirt,1,0.1,1819.82,131.64,Standard,7.23,2024-08,2024
ORD-01442,2025-11-12,CUST-0901,Consumer,East,Furniture,Office Chair,1,0.05,12056.41,3492.86,Standard,28.97,2025-11,2025
ORD-01238,2025-04-11,CUST-0503,Consumer,West,Office Supplies,A4 Paper Ream,2,0.0,828.9,71.4,Standard,8.61,2025-04,2025
ORD-01383,2025-02-18,CUST-0502,Consumer,North,Electronics,Wireless Mouse,2,0.0,9558.72,1007.76,Standard,10.54,2025-02,2025
ORD-02853,2024-04-03,CUST-1246,Consumer,West,Clothing,Denim Jeans,2,0.0,1054.98,251.79,Express,23.87,2024-04,2024
ORD-01476,2025-10-17,CUST-0618,Corporate,East,Furniture,Wall Shelf,2,0.0,17834.12,3529.62,Express,19.79,2025-10,2025
ORD-01446,2025-06-18,CUST-0549,Corporate,South,Clothing,Formal Shirt,1,0.0,2022.02,206.93,Express,10.23,2025-06,2025
ORD-01147,2024-04-27,CUST-1301,Consumer,North,Office Supplies,File Folder Pack,1,0.0,165.23,53.49,Standard,32.37,2024-04,2024
ORD-01117,2024-05-02,CUST-0022,Consumer,South,Clothing,Denim Jeans,1,0.0,527.49,125.89,Standard,23.87,2024-05,2024
ORD-02396,2025-07-31,CUST-0352,Home Office,West,Electronics,USB-C Charger,1,0.1,2342.08,397.5,Express,16.97,2025-07,2025
ORD-02706,2024-06-12,CUST-0206,Corporate,North,Furniture,Wall Shelf,1,0.1,8025.35,1347.57,Standard,16.79,2024-06,2024
ORD-01993,2024-05-28,CUST-0859,Consumer,South,Clothing,Woolen Sweater,2,0.2,3039.02,691.48,Standard,22.75,2024-05,2024
ORD-02735,2024-01-18,CUST-0708,Consumer,North,Electronics,Laptop Stand,1,0.0,1827.09,457.78,Standard,25.06,2024-01,2024
ORD-01653,2025-11-23,CUST-0324,Corporate,West,Office Supplies,Sticky Notes Pack,1,0.0,245.23,39.58,Standard,16.14,2025-11,2025
ORD-02684,2024-04-23,CUST-0475,Corporate,North,Clothing,Formal Shirt,1,0.0,2022.02,206.93,Standard,10.23,2024-04,2024
ORD-01877,2024-01-01,CUST-0836,Corporate,South,Electronics,Bluetooth Speaker,4,0.0,23473.44,4732.34,Standard,20.16,2024-01,2024
ORD-01762,2024-03-22,CUST-0970,Consumer,East,Electronics,Webcam HD,1,0.15,3928.46,635.55,Standard,16.18,2024-03,2024
ORD-02135,2025-01-23,CUST-1113,Consumer,West,Electronics,Power Bank 10000mAh,1,0.0,1623.15,423.4,Standard,26.09,2025-01,2025
ORD-02844,2024-11-01,CUST-1258,Corporate,North,Electronics,Bluetooth Speaker,1,0.0,5868.36,1183.09,Standard,20.16,2024-11,2024
ORD-02047,2024-05-27,CUST-0483,Consumer,North,Office Supplies,Printer Ink Cartridge,1,0.05,352.4,82.59,Standard,23.44,2024-05,2024
ORD-02418,2024-07-08,CUST-1265,Consumer,East,Furniture,Filing Cabinet,1,0.0,7701.13,1935.86,Standard,25.14,2024-07,2024
ORD-02558,2024-04-21,CUST-0762,Corporate,South,Clothing,Woolen Sweater,1,0.0,1899.39,546.14,Standard,28.75,2024-04,2024
ORD-02207,2024-04-05,CUST-0472,Consumer,North,Office Supplies,Printer Ink Cartridge,1,0.0,370.95,92.51,Standard,24.94,2024-04,2024
ORD-02011,2024-10-21,CUST-1027,Consumer,South,Furniture,Bookshelf,1,0.05,1236.52,315.8,Standard,25.54,2024-10,2024
ORD-02685,2024-06-25,CUST-1170,Corporate,East,Office Supplies,Desk Organizer,1,0.0,180.74,23.09,Standard,12.78,2024-06,2024
ORD-01748,2024-12-23,CUST-1333,Corporate,East,Office Supplies,Desk Organizer,1,0.0,180.74,23.09,Standard,12.78,2024-12,2024
ORD-01620,2025-12-27,CUST-1206,Corporate,West,Office Supplies,Stapler,2,0.0,504.92,108.7,Standard,21.53,2025-12,2025
ORD-01272,2025-06-24,CUST-0186,Home Office,North,Office Supplies,A4 Paper Ream,1,0.15,352.28,14.49,Same Day,4.11,2025-06,2025
ORD-02341,2024-12-14,CUST-0304,Consumer,West,Office Supplies,File Folder Pack,1,0.0,165.23,53.49,Standard,32.37,2024-12,2024
ORD-02487,2025-07-22,CUST-1366,Corporate,North,Office Supplies,Ballpoint Pen Box,4,0.0,321.28,109.14,Standard,33.97,2025-07,2025
ORD-02316,2025-06-28,CUST-1042,Consumer,East,Clothing,Denim Jeans,1,0.1,474.74,76.73,Express,16.16,2025-06,2025
ORD-01268,2025-09-22,CUST-0242,Corporate,North,Clothing,Hoodie,3,0.0,4673.4,971.33,Standard,20.78,2025-09,2025
ORD-02707,2024-12-08,CUST-0652,Consumer,North,Furniture,Bed Side Table,2,0.0,10503.18,3063.28,Express,29.17,2024-12,2024
ORD-01716,2025-08-22,CUST-1148,Consumer,North,Furniture,Office Chair,1,0.0,12690.96,3867.06,Express,30.47,2025-08,2025
ORD-01543,2025-06-03,CUST-0405,Consumer,East,Electronics,Wireless Mouse,1,0.0,4779.36,503.88,Standard,10.54,2025-06,2025
ORD-02709,2025-07-23,CUST-1248,Home Office,West,Electronics,Laptop Stand,1,0.0,1827.09,457.78,Standard,25.06,2025-07,2025
ORD-02225,2025-06-09,CUST-0931,Consumer,South,Office Supplies,Stapler,1,0.0,252.46,54.35,Standard,21.53,2025-06,2025
ORD-02606,2025-01-15,CUST-0592,Home Office,North,Furniture,Wall Shelf,1,0.0,8917.06,1764.81,Standard,19.79,2025-01,2025
ORD-02908,2025-06-11,CUST-0633,Corporate,North,Clothing,Formal Shirt,1,0.1,1819.82,131.64,Standard,7.23,2025-06,2025
ORD-02439,2025-07-15,CUST-0239,Consumer,South,Furniture,Wall Shelf,1,0.05,8471.21,1549.5,Express,18.29,2025-07,2025
ORD-02548,2024-11-15,CUST-1338,Corporate,West,Office Supplies,Printer Ink Cartridge,2,0.1,667.71,146.48,Standard,21.94,2024-11,2024
ORD-01300,2024-03-01,CUST-1176,Consumer,South,Electronics,Smartwatch,4,0.0,6604.2,1746.3,Same Day,26.44,2024-03,2024
ORD-01344,2024-02-11,CUST-0270,Consumer,South,Furniture,Bed Side Table,2,0.0,10503.18,3063.28,Standard,29.17,2024-02,2024
ORD-02801,2025-11-04,CUST-0579,Consumer,South,Electronics,Webcam HD,1,0.0,4621.72,955.68,Same Day,20.68,2025-11,2025
ORD-02076,2025-09-08,CUST-0292,Consumer,South,Office Supplies,Whiteboard Marker Set,3,0.0,486.9,141.33,Standard,29.03,2025-09,2025
ORD-01673,2024-04-09,CUST-1208,Consumer,East,Electronics,Power Bank 10000mAh,2,0.0,3246.3,846.8,Standard,26.09,2024-04,2024
ORD-01691,2024-10-20,CUST-0781,Corporate,East,Clothing,Hoodie,1,0.0,1557.8,323.78,Standard,20.78,2024-10,2024
ORD-02701,2024-05-15,CUST-0273,Consumer,South,Office Supplies,Ballpoint Pen Box,1,0.0,80.32,27.29,Express,33.98,2024-05,2024
ORD-01423,2025-07-19,CUST-0016,Consumer,West,Office Supplies,Printer Ink Cartridge,1,0.0,370.95,92.51,Standard,24.94,2025-07,2025
ORD-01127,2025-08-01,CUST-1353,Consumer,South,Clothing,Formal Shirt,1,0.0,2022.02,206.93,Standard,10.23,2025-08,2025
ORD-01341,2024-05-11,CUST-0999,Consumer,East,Furniture,Wall Shelf,1,0.0,8917.06,1764.81,Standard,19.79,2024-05,2024
ORD-02103,2024-06-24,CUST-1160,Consumer,North,Furniture,Office Chair,2,0.0,25381.92,7734.13,Standard,30.47,2024-06,2024
ORD-01931,2025-02-15,CUST-0723,Consumer,West,Electronics,Wireless Mouse,1,0.2,3823.49,173.69,Standard,4.54,2025-02,2025
ORD-01201,2024-10-30,CUST-0598,Home Office,North,Furniture,Bed Side Table,2,0.1,9452.86,2473.36,Express,26.17,2024-10,2024
ORD-01737,2024-08-26,CUST-0406,Corporate,North,Clothing,Running Shoes,2,0.2,1700.98,305.41,Same Day,17.95,2024-08,2024
ORD-02810,2024-02-02,CUST-0716,Consumer,South,Furniture,Filing Cabinet,1,0.15,6545.96,1350.92,Standard,20.64,2024-02,2024
ORD-02634,2024-05-12,CUST-0741,Consumer,South,Electronics,Power Bank 10000mAh,2,0.0,3246.3,846.8,Standard,26.09,2024-05,2024
ORD-01682,2025-07-23,CUST-1094,Corporate,South,Office Supplies,Ballpoint Pen Box,1,0.0,80.32,27.29,Standard,33.98,2025-07,2025
ORD-01404,2024-01-21,CUST-0251,Corporate,East,Electronics,Laptop Stand,1,0.1,1644.38,362.67,Standard,22.06,2024-01,2024
ORD-01990,2024-05-21,CUST-0761,Corporate,North,Electronics,Wireless Mouse,1,0.1,4301.42,324.45,Same Day,7.54,2024-05,2024
ORD-01966,2025-01-29,CUST-1215,Home Office,North,Clothing,Rain Jacket,1,0.05,1202.33,194.32,Express,16.16,2025-01,2025
ORD-02050,2025-10-17,CUST-0789,Corporate,North,Furniture,Wall Shelf,1,0.0,8917.06,1764.81,Standard,19.79,2025-10,2025
ORD-02359,2025-10-14,CUST-1024,Consumer,East,Clothing,Hoodie,1,0.0,1557.8,323.78,Express,20.78,2025-10,2025
ORD-01348,2024-01-22,CUST-1089,Corporate,East,Office Supplies,Stapler,1,0.0,252.46,54.35,Standard,21.53,2024-01,2024
ORD-01601,2025-07-13,CUST-0889,Corporate,North,Clothing,Woolen Sweater,1,0.0,1899.39,546.14,Standard,28.75,2025-07,2025
ORD-01542,2025-04-24,CUST-0014,Home Office,East,Office Supplies,Printer Ink Cartridge,1,0.0,370.95,92.51,Same Day,24.94,2025-04,2025
ORD-02844,2024-11-01,CUST-1258,Corporate,North,Electronics,Power Bank 10000mAh,2,0.0,3246.3,846.8,Standard,26.09,2024-11,2024
ORD-03060,2024-11-26,CUST-0505,Consumer,North,Furniture,Study Table,1,0.05,6219.84,638.98,Standard,10.27,2024-11,2024
ORD-02196,2025-11-25,CUST-0206,Home Office,East,Electronics,USB-C Charger,1,0.2,2081.85,290.88,Standard,13.97,2025-11,2025
ORD-02987,2024-11-28,CUST-1187,Consumer,East,Clothing,Formal Shirt,1,0.0,2022.02,206.93,Standard,10.23,2024-11,2024
ORD-01072,2024-01-11,CUST-0539,Consumer,South,Office Supplies,A4 Paper Ream,2,0.1,746.01,41.88,Standard,5.61,2024-01,2024
ORD-01765,2024-08-20,CUST-0378,Consumer,West,Electronics,Bluetooth Speaker,1,0.0,5868.36,1183.09,Express,20.16,2024-08,2024
ORD-02977,2025-12-27,CUST-0705,Home Office,South,Office Supplies,A4 Paper Ream,2,0.0,828.9,71.4,Standard,8.61,2025-12,2025
ORD-01419,2025-11-29,CUST-0982,Home Office,South,Electronics,Power Bank 10000mAh,1,0.0,1623.15,423.4,Standard,26.09,2025-11,2025
ORD-01625,2025-05-16,CUST-0997,Consumer,East,Office Supplies,Ballpoint Pen Box,1,0.0,80.32,27.29,Express,33.98,2025-05,2025
ORD-01267,2025-09-25,CUST-0433,Corporate,South,Electronics,USB-C Charger,1,0.0,2602.31,519.74,Standard,19.97,2025-09,2025
ORD-01633,2024-10-08,CUST-1065,Home Office,East,Electronics,Power Bank 10000mAh,1,0.0,1623.15,423.4,Express,26.09,2024-10,2024
ORD-02033,2025-10-06,CUST-1102,Corporate,West,Clothing,Running Shoes,3,0.0,3189.33,764.0,Standard,23.95,2025-10,2025
ORD-01210,2024-02-15,CUST-0007,Home Office,South,Clothing,Denim Jeans,1,0.1,474.74,99.06,Standard,20.87,2024-02,2024
ORD-01129,2025-01-29,CUST-1364,Consumer,South,Clothing,Hoodie,1,0.05,1479.91,285.39,Standard,19.28,2025-01,2025
ORD-03026,2024-05-01,CUST-0526,Consumer,East,Furniture,Filing Cabinet,1,0.15,6545.96,1350.92,Standard,20.64,2024-05,2024
ORD-02376,2025-10-04,CUST-0135,Consumer,East,Furniture,Wall Shelf,2,0.0,17834.12,3529.62,Standard,19.79,2025-10,2025
ORD-02218,2025-07-17,CUST-0340,Consumer,North,Electronics,Wireless Mouse,1,0.0,4779.36,503.88,Standard,10.54,2025-07,2025
ORD-01090,2024-07-10,CUST-0917,Home Office,North,Office Supplies,File Folder Pack,2,0.0,330.46,106.97,Standard,32.37,2024-07,2024
ORD-02044,2024-09-06,CUST-0627,Consumer,South,Office Supplies,Printer Ink Cartridge,1,0.0,370.95,92.51,Standard,24.94,2024-09,2024
ORD-01242,2025-07-25,CUST-0806,Home Office,East,Electronics,Wireless Mouse,2,0.0,9558.72,1007.76,Standard,10.54,2025-07,2025
ORD-02451,2024-06-23,CUST-0779,Consumer,South,Electronics,USB-C Charger,1,0.0,2602.31,519.74,Standard,19.97,2024-06,2024
ORD-01414,2024-05-13,CUST-0471,Home Office,West,Office Supplies,File Folder Pack,1,0.0,165.23,53.49,Express,32.37,2024-05,2024
ORD-02193,2024-03-09,CUST-1005,Corporate,North,Office Supplies,Desk Organizer,1,0.0,180.74,23.09,Standard,12.78,2024-03,2024
ORD-01582,2024-01-03,CUST-1098,Corporate,South,Office Supplies,Stapler,2,0.0,504.92,108.7,Standard,21.53,2024-01,2024
ORD-02811,2025-06-08,CUST-0430,Consumer,South,Office Supplies,A4 Paper Ream,1,0.0,414.45,35.7,Standard,8.61,2025-06,2025
ORD-01186,2025-09-16,CUST-1073,Consumer,East,Furniture,Wall Shelf,1,0.05,8471.21,1549.5,Standard,18.29,2025-09,2025
ORD-02537,2024-07-30,CUST-0283,Corporate,East,Office Supplies,Stapler,2,0.0,504.92,108.7,Express,21.53,2024-07,2024
ORD-01925,2024-06-03,CUST-0702,Consumer,East,Clothing,Rain Jacket,1,0.1,1139.05,63.6,Standard,5.58,2024-06,2024
ORD-02500,2025-02-19,CUST-1315,Consumer,North,Clothing,Cotton T-Shirt,1,0.0,1214.78,110.83,Express,9.12,2025-02,2025
ORD-02311,2025-11-07,CUST-1354,Home Office,North,Electronics,Laptop Stand,1,0.0,1827.09,457.78,Standard,25.06,2025-11,2025
ORD-02805,2025-03-17,CUST-0528,Consumer,East,Electronics,Webcam HD,1,0.0,4621.72,955.68,Standard,20.68,2025-03,2025
ORD-01675,2024-07-17,CUST-0749,Corporate,North,Electronics,Power Bank 10000mAh,3,0.0,4869.45,1270.19,Standard,26.08,2024-07,2024
ORD-02180,2025-07-14,CUST-0404,Consumer,East,Furniture,Bed Side Table,1,0.0,5251.59,1531.64,Standard,29.17,2025-07,2025
ORD-01167,2024-05-17,CUST-0722,Home Office,East,Furniture,Filing Cabinet,1,0.0,7701.13,1935.86,Standard,25.14,2024-05,2024
ORD-01262,2025-05-29,CUST-0061,Corporate,West,Electronics,Webcam HD,1,0.05,4390.63,842.04,Same Day,19.18,2025-05,2025
ORD-01339,2024-11-08,CUST-0987,Consumer,North,Office Supplies,A4 Paper Ream,2,0.0,828.9,71.4,Standard,8.61,2024-11,2024
ORD-01176,2025-10-25,CUST-0051,Consumer,North,Clothing,Woolen Sweater,1,0.0,1899.39,546.14,Standard,28.75,2025-10,2025
ORD-01801,2025-10-03,CUST-0661,Corporate,South,Office Supplies,Printer Ink Cartridge,1,0.0,370.95,92.51,Standard,24.94,2025-10,2025
ORD-01421,2025-10-29,CUST-1287,Consumer,North,Electronics,Smartwatch,2,0.0,3302.1,873.15,Standard,26.44,2025-10,2025
ORD-02666,2025-11-21,CUST-1355,Consumer,West,Electronics,Noise Cancelling Headphones,1,0.1,4224.3,1099.01,Express,26.02,2025-11,2025
ORD-01348,2024-01-22,CUST-1089,Corporate,East,Office Supplies,A4 Paper Ream,2,0.0,828.9,71.4,Standard,8.61,2024-01,2024
ORD-02865,2025-11-04,CUST-0650,Consumer,East,Electronics,Webcam HD,1,0.0,4621.72,955.68,Standard,20.68,2025-11,2025
ORD-01837,2025-06-09,CUST-0474,Corporate,East,Office Supplies,A4 Paper Ream,1,0.05,393.73,28.01,Standard,7.11,2025-06,2025
ORD-02519,2025-05-06,CUST-1167,Home Office,East,Office Supplies,Printer Ink Cartridge,1,0.0,370.95,92.51,Standard,24.94,2025-05,2025
ORD-03065,2025-09-17,CUST-0859,Corporate,North,Office Supplies,Stapler,4,0.0,1009.84,217.4,Express,21.53,2025-09,2025
ORD-01394,2025-12-11,CUST-0351,Home Office,East,Furniture,Bean Bag,1,0.1,6779.74,548.64,Standard,8.09,2025-12,2025
ORD-01034,2024-10-20,CUST-0455,Consumer,South,Electronics,Webcam HD,1,0.0,4621.72,955.68,Standard,20.68,2024-10,2024
ORD-01974,2025-10-24,CUST-0888,Consumer,East,Office Supplies,A4 Paper Ream,1,0.15,352.28,14.49,Express,4.11,2025-10,2025
ORD-02925,2025-10-13,CUST-0131,Consumer,South,Furniture,Recliner Sofa,1,0.15,5812.04,294.91,Standard,5.07,2025-10,2025
ORD-02489,2024-11-12,CUST-0971,Consumer,South,Electronics,Power Bank 10000mAh,1,0.0,1623.15,423.4,Express,26.09,2024-11,2024
ORD-01855,2025-02-08,CUST-0625,Consumer,West,Clothing,Running Shoes,1,0.0,1063.11,254.67,Standard,23.96,2025-02,2025
ORD-02209,2025-03-19,CUST-1312,Consumer,South,Office Supplies,A4 Paper Ream,1,0.0,414.45,35.7,Standard,8.61,2025-03,2025
ORD-02347,2024-11-01,CUST-0256,Consumer,North,Office Supplies,A4 Paper Ream,1,0.15,352.28,14.49,Standard,4.11,2024-11,2024
ORD-01117,2024-05-02,CUST-0022,Consumer,South,Office Supplies,Sticky Notes Pack,2,0.1,441.41,58.0,Standard,13.14,2024-05,2024
ORD-02428,2024-10-16,CUST-1190,Consumer,West,Electronics,USB-C Charger,2,0.0,5204.62,1039.48,Express,19.97,2024-10,2024
ORD-02665,2024-06-23,CUST-0710,Consumer,West,Electronics,Wireless Mouse,1,0.0,4779.36,503.88,Standard,10.54,2024-06,2024
ORD-01330,2024-03-14,CUST-0691,Home Office,North,Office Supplies,Desk Organizer,1,0.0,180.74,23.09,Express,12.78,2024-03,2024
ORD-02233,2025-10-23,CUST-1285,Corporate,East,Office Supplies,Desk Organizer,2,0.15,307.26,25.42,Standard,8.27,2025-10,2025
ORD-02172,2025-10-31,CUST-0125,Consumer,North,Furniture,Study Table,1,0.0,6547.2,770.82,Standard,11.77,2025-10,2025
ORD-01833,2024-06-16,CUST-0188,Corporate,West,Electronics,Wireless Mouse,1,0.0,4779.36,503.88,Express,10.54,2024-06,2024
ORD-01904,2025-01-21,CUST-0291,Consumer,West,Clothing,Running Shoes,1,0.2,850.49,152.7,Express,17.95,2025-01,2025
ORD-02036,2024-12-23,CUST-0638,Consumer,West,Office Supplies,Sticky Notes Pack,1,0.0,245.23,39.58,Express,16.14,2024-12,2024
ORD-01570,2024-09-12,CUST-0646,Consumer,West,Office Supplies,Ballpoint Pen Box,1,0.05,76.3,24.78,Express,32.48,2024-09,2024
ORD-01277,2025-10-27,CUST-1338,Corporate,North,Furniture,Bed Side Table,1,0.2,4201.27,973.23,Express,23.17,2025-10,2025
ORD-01657,2025-08-21,CUST-0009,Consumer,East,Furniture,Office Chair,1,0.15,10787.32,2801.58,Standard,25.97,2025-08,2025
ORD-01098,2025-05-30,CUST-0047,Consumer,South,Clothing,Denim Jeans,1,0.05,501.12,112.08,Express,22.37,2025-05,2025
ORD-01981,2024-07-20,CUST-1025,Consumer,North,Clothing,Running Shoes,2,0.0,2126.22,509.33,Standard,23.95,2024-07,2024
ORD-01648,2025-11-03,CUST-0637,Consumer,East,Clothing,Hoodie,1,0.0,1557.8,323.78,Standard,20.78,2025-11,2025
ORD-02770,2025-01-08,CUST-0528,Corporate,North,Furniture,Filing Cabinet,2,0.0,15402.26,3871.73,Standard,25.14,2025-01,2025
ORD-02178,2024-03-11,CUST-1144,Consumer,East,Furniture,Bookshelf,3,0.0,3904.8,1055.84,Same Day,27.04,2024-03,2024
ORD-01156,2025-10-30,CUST-1067,Consumer,North,Clothing,Cotton T-Shirt,1,0.05,1154.04,87.98,Standard,7.62,2025-10,2025
ORD-02492,2025-02-11,CUST-0509,Consumer,North,Furniture,Study Table,1,0.1,5892.48,516.97,Standard,8.77,2025-02,2025
ORD-01655,2025-07-31,CUST-1115,Consumer,West,Furniture,Bed Side Table,1,0.0,5251.59,1531.64,Same Day,29.17,2025-07,2025
ORD-01062,2025-07-15,CUST-0216,Home Office,East,Clothing,Running Shoes,1,0.0,1063.11,254.67,Standard,23.96,2025-07,2025
ORD-01204,2024-01-23,CUST-0539,Consumer,South,Furniture,Bed Side Table,2,0.0,10503.18,3063.28,Express,29.17,2024-01,2024
ORD-03047,2024-10-25,CUST-1331,Corporate,North,Electronics,Smartwatch,1,0.0,1651.05,436.58,Standard,26.44,2024-10,2024
ORD-01166,2025-04-09,CUST-0393,Corporate,West,Clothing,Hoodie,2,0.0,3115.6,647.55,Standard,20.78,2025-04,2025
ORD-01093,2024-06-01,CUST-1064,Corporate,East,Furniture,Bed Side Table,2,0.0,10503.18,3063.28,Express,29.17,2024-06,2024
ORD-01368,2025-10-21,CUST-0565,Consumer,North,Office Supplies,A4 Paper Ream,1,0.1,373.0,20.94,Standard,5.61,2025-10,2025
ORD-02599,2024-12-15,CUST-0512,Home Office,East,Electronics,Power Bank 10000mAh,1,0.2,1298.52,260.81,Standard,20.09,2024-12,2024
ORD-01923,2025-10-22,CUST-1242,Corporate,North,Clothing,Woolen Sweater,1,0.05,1804.42,491.77,Standard,27.25,2025-10,2025
ORD-01157,2025-12-17,CUST-0641,Corporate,South,Electronics,Webcam HD,1,0.1,4159.55,735.33,Standard,17.68,2025-12,2025
ORD-01534,2025-11-21,CUST-1288,Corporate,North,Furniture,Wall Shelf,1,0.0,8917.06,1764.81,Standard,19.79,2025-11,2025
ORD-02677,2024-06-11,CUST-1276,Corporate,South,Furniture,Bean Bag,1,0.05,7156.39,686.46,Express,9.59,2024-06,2024
ORD-01701,2024-11-09,CUST-1118,Consumer,West,Electronics,Webcam HD,1,0.1,4159.55,735.33,Standard,17.68,2024-11,2024
ORD-02514,2024-11-12,CUST-0228,Consumer,West,Office Supplies,Whiteboard Marker Set,1,0.1,146.07,38.02,Standard,26.03,2024-11,2024
ORD-02483,2025-08-27,CUST-0332,Consumer,East,Electronics,Smartwatch,1,0.0,1651.05,436.58,Express,26.44,2025-08,2025
ORD-02763,2025-07-22,CUST-0017,Consumer,East,Electronics,Smartwatch,1,0.0,1651.05,436.58,Standard,26.44,2025-07,2025
ORD-01254,2025-08-06,CUST-1165,Consumer,East,Furniture,Office Chair,1,0.0,12690.96,3867.06,Express,30.47,2025-08,2025
ORD-02661,2025-01-25,CUST-0891,Consumer,East,Clothing,Formal Shirt,1,0.1,1819.82,131.64,Standard,7.23,2025-01,2025
ORD-02533,2024-08-17,CUST-0012,Consumer,West,Electronics,Power Bank 10000mAh,1,0.0,1623.15,423.4,Standard,26.09,2024-08,2024
ORD-02458,2025-02-25,CUST-1274,Consumer,East,Electronics,Wireless Mouse,1,0.0,4779.36,503.88,Standard,10.54,2025-02,2025
ORD-01197,2025-10-01,CUST-0272,Corporate,South,Clothing,Woolen Sweater,2,0.0,3798.78,1092.28,Standard,28.75,2025-10,2025
ORD-02942,2024-10-20,CUST-0178,Home Office,East,Electronics,Bluetooth Speaker,1,0.0,5868.36,1183.09,Express,20.16,2024-10,2024
ORD-02352,2024-11-03,CUST-0394,Consumer,South,Electronics,Noise Cancelling Headphones,2,0.2,7509.87,1728.5,Standard,23.02,2024-11,2024
ORD-01296,2025-02-24,CUST-0617,Consumer,North,Clothing,Woolen Sweater,1,0.1,1709.45,440.24,Express,25.75,2025-02,2025
ORD-01205,2024-05-10,CUST-0959,Consumer,North,Office Supplies,Sticky Notes Pack,2,0.05,465.94,68.22,Standard,14.64,2024-05,2024
ORD-02494,2025-06-01,CUST-0553,Consumer,West,Clothing,Running Shoes,3,0.15,2710.93,527.4,Express,19.45,2025-06,2025
ORD-03000,2025-07-11,CUST-0511,Corporate,East,Clothing,Cotton T-Shirt,1,0.0,1214.78,110.83,Express,9.12,2025-07,2025
ORD-02386,2025-04-03,CUST-1151,Consumer,North,Furniture,Wall Shelf,1,0.0,8917.06,1764.81,Standard,19.79,2025-04,2025
ORD-02290,2025-09-28,CUST-0550,Consumer,South,Electronics,Noise Cancelling Headphones,1,0.0,4693.67,1361.93,Standard,29.02,2025-09,2025
ORD-02408,2024-04-07,CUST-0980,Consumer,North,Office Supplies,Sticky Notes Pack,1,0.0,245.23,39.58,Express,16.14,2024-04,2024
ORD-01815,2024-11-07,CUST-0675,Home Office,West,Clothing,Running Shoes,1,0.15,903.64,175.8,Standard,19.45,2024-11,2024
ORD-01078,2024-03-08,CUST-0711,Corporate,East,Office Supplies,Printer Ink Cartridge,2,0.1,667.71,146.48,Express,21.94,2024-03,2024
ORD-01667,2024-04-21,CUST-0028,Consumer,North,Clothing,Denim Jeans,1,0.15,448.37,86.83,Standard,19.37,2024-04,2024
ORD-02939,2025-07-10,CUST-0838,Consumer,East,Clothing,Rain Jacket,2,0.0,2531.22,217.27,Standard,8.58,2025-07,2025
ORD-02776,2025-12-19,CUST-0135,Consumer,South,Electronics,Noise Cancelling Headphones,1,0.0,4693.67,1361.93,Standard,29.02,2025-12,2025
ORD-01554,2025-04-11,CUST-0593,Consumer,North,Office Supplies,Stapler,2,0.0,504.92,108.7,Standard,21.53,2025-04,2025
ORD-01473,2025-11-16,CUST-0933,Consumer,North,Office Supplies,A4 Paper Ream,1,0.0,414.45,35.7,Express,8.61,2025-11,2025
ORD-01521,2025-07-25,CUST-0597,Consumer,East,Clothing,Denim Jeans,1,0.0,527.49,125.89,Standard,23.87,2025-07,2025
ORD-01685,2024-08-14,CUST-0899,Consumer,West,Electronics,Bluetooth Speaker,1,0.05,5574.94,1040.31,Express,18.66,2024-08,2024
ORD-02731,2025-10-08,CUST-1311,Corporate,North,Electronics,Noise Cancelling Headphones,1,0.0,4693.67,1361.93,Standard,29.02,2025-10,2025
ORD-02553,2024-07-08,CUST-0069,Consumer,East,Office Supplies,Sticky Notes Pack,1,0.0,245.23,39.58,Standard,16.14,2024-07,2024
ORD-01636,2025-04-18,CUST-0956,Consumer,North,Furniture,Bed Side Table,1,0.0,5251.59,1531.64,Standard,29.17,2025-04,2025
ORD-02963,2024-07-24,CUST-0420,Home Office,North,Electronics,USB-C Charger,2,0.0,5204.62,1039.48,Standard,19.97,2024-07,2024
ORD-01963,2024-10-07,CUST-1344,Corporate,North,Office Supplies,Desk Organizer,1,0.05,171.7,19.36,Express,11.28,2024-10,2024
ORD-01974,2025-10-24,CUST-0888,Consumer,East,Office Supplies,A4 Paper Ream,1,0.0,414.45,35.7,Express,8.61,2025-10,2025
ORD-02033,2025-10-06,CUST-1102,Corporate,West,Office Supplies,Ballpoint Pen Box,1,0.05,76.3,24.78,Standard,32.48,2025-10,2025
ORD-01291,2025-06-30,CUST-0173,Consumer,East,Clothing,Formal Shirt,1,0.0,2022.02,206.93,Express,10.23,2025-06,2025
ORD-02739,2025-10-15,CUST-0779,Consumer,East,Office Supplies,A4 Paper Ream,1,0.0,414.45,35.7,Standard,8.61,2025-10,2025
ORD-01579,2025-11-12,CUST-0757,Corporate,North,Clothing,Running Shoes,1,0.0,1063.11,254.67,Standard,23.96,2025-11,2025
ORD-01781,2024-01-19,CUST-0456,Corporate,North,Office Supplies,File Folder Pack,1,0.0,165.23,53.49,Standard,32.37,2024-01,2024
ORD-02352,2024-11-03,CUST-0394,Consumer,South,Furniture,Office Chair,1,0.0,12690.96,3867.06,Standard,30.47,2024-11,2024
ORD-02373,2025-07-31,CUST-1353,Home Office,East,Electronics,USB-C Charger,1,0.0,2602.31,519.74,Standard,19.97,2025-07,2025
ORD-01937,2024-08-04,CUST-0233,Consumer,West,Office Supplies,Printer Ink Cartridge,1,0.2,296.76,56.2,Standard,18.94,2024-08,2024
ORD-02267,2025-08-19,CUST-1009,Corporate,North,Clothing,Running Shoes,1,0.0,1063.11,254.67,Express,23.96,2025-08,2025
ORD-02038,2025-08-08,CUST-1089,Corporate,West,Clothing,Woolen Sweater,2,0.0,3798.78,1092.28,Standard,28.75,2025-08,2025
ORD-02581,2024-02-10,CUST-0666,Consumer,North,Furniture,Bean Bag,1,0.0,7533.04,835.59,Standard,11.09,2024-02,2024
ORD-02714,2024-11-16,CUST-1286,Home Office,North,Office Supplies,Printer Ink Cartridge,2,0.0,741.9,185.01,Standard,24.94,2024-11,2024
ORD-02540,2025-11-22,CUST-1178,Home Office,East,Electronics,USB-C Charger,2,0.05,4944.39,913.34,Standard,18.47,2025-11,2025
ORD-01024,2025-05-30,CUST-0692,Corporate,East,Clothing,Cotton T-Shirt,2,0.0,2429.56,221.66,Express,9.12,2025-05,2025
ORD-02744,2024-05-13,CUST-0906,Consumer,East,Office Supplies,Stapler,1,0.0,252.46,54.35,Express,21.53,2024-05,2024
ORD-02613,2024-10-08,CUST-1308,Corporate,North,Clothing,Rain Jacket,2,0.0,2531.22,217.27,Standard,8.58,2024-10,2024
ORD-01014,2024-03-25,CUST-1199,Consumer,West,Clothing,Sports Cap,1,0.0,1518.88,166.04,Standard,10.93,2024-03,2024
ORD-01798,2024-05-17,CUST-0413,Corporate,North,Clothing,Denim Jeans,3,0.0,1582.47,377.68,Express,23.87,2024-05,2024
ORD-02520,2024-03-20,CUST-0482,Home Office,North,Electronics,Smartwatch,1,0.0,1651.05,436.58,Standard,26.44,2024-03,2024
ORD-01962,2024-08-25,CUST-0117,Consumer,West,Electronics,Power Bank 10000mAh,3,0.1,4382.5,1011.7,Same Day,23.08,2024-08,2024
ORD-02602,2024-07-06,CUST-1389,Corporate,South,Office Supplies,Ballpoint Pen Box,1,0.0,80.32,27.29,Same Day,33.98,2024-07,2024
ORD-01257,2024-09-04,CUST-0585,Consumer,North,Clothing,Sports Cap,2,0.0,3037.76,332.07,Same Day,10.93,2024-09,2024
ORD-01919,2025-04-16,CUST-0110,Corporate,South,Clothing,Rain Jacket,1,0.05,1202.33,85.17,Same Day,7.08,2025-04,2025
ORD-02254,2024-09-07,CUST-0805,Consumer,West,Clothing,Denim Jeans,1,0.0,527.49,125.89,Express,23.87,2024-09,2024
ORD-02967,2025-10-20,CUST-0793,Consumer,North,Office Supplies,Desk Organizer,2,0.0,361.48,46.17,Standard,12.77,2025-10,2025
ORD-01592,2025-05-14,CUST-0619,Consumer,East,Clothing,Formal Shirt,1,0.0,2022.02,206.93,Standard,10.23,2025-05,2025
ORD-01634,2025-05-14,CUST-0711,Consumer,West,Furniture,Wall Shelf,1,0.0,8917.06,1764.81,Express,19.79,2025-05,2025
ORD-02281,2024-12-15,CUST-1203,Consumer,North,Electronics,Webcam HD,2,0.0,9243.44,1911.36,Standard,20.68,2024-12,2024
ORD-01924,2025-10-05,CUST-0017,Consumer,East,Office Supplies,Whiteboard Marker Set,1,0.05,154.18,42.44,Standard,27.53,2025-10,2025
ORD-02605,2025-07-03,CUST-0492,Corporate,North,Electronics,Bluetooth Speaker,1,0.0,5868.36,1183.09,Standard,20.16,2025-07,2025
ORD-02289,2024-01-13,CUST-0237,Home Office,North,Electronics,Webcam HD,1,0.0,4621.72,955.68,Express,20.68,2024-01,2024
ORD-01927,2024-06-16,CUST-0422,Consumer,North,Electronics,Wireless Mouse,2,0.0,9558.72,1007.76,Express,10.54,2024-06,2024
ORD-01889,2025-07-10,CUST-1043,Corporate,West,Clothing,Hoodie,1,0.0,1557.8,323.78,Express,20.78,2025-07,2025
ORD-02880,2025-02-20,CUST-0983,Consumer,West,Electronics,Wireless Mouse,1,0.0,4779.36,503.88,Express,10.54,2025-02,2025
ORD-02484,2025-12-22,CUST-0723,Home Office,South,Electronics,USB-C Charger,1,0.2,2081.85,290.88,Standard,13.97,2025-12,2025
ORD-02277,2024-12-25,CUST-0095,Corporate,West,Office Supplies,File Folder Pack,1,0.1,148.71,43.68,Standard,29.37,2024-12,2024
ORD-01221,2025-05-25,CUST-0289,Consumer,West,Furniture,Office Chair,1,0.05,12056.41,3492.86,Standard,28.97,2025-05,2025
ORD-02148,2025-02-13,CUST-0865,Consumer,West,Clothing,Cotton T-Shirt,3,0.0,3644.34,332.49,Express,9.12,2025-02,2025
ORD-01501,2024-07-12,CUST-1020,Consumer,West,Electronics,Bluetooth Speaker,1,0.0,5868.36,1183.09,Same Day,20.16,2024-07,2024
ORD-03040,2025-02-15,CUST-1214,Consumer,West,Electronics,Bluetooth Speaker,1,0.0,5868.36,1183.09,Standard,20.16,2025-02,2025
ORD-03048,2025-04-13,CUST-1366,Consumer,West,Electronics,Power Bank 10000mAh,1,0.0,1623.15,423.4,Standard,26.09,2025-04,2025
ORD-02915,2025-09-10,CUST-0199,Consumer,North,Office Supplies,Desk Organizer,1,0.0,180.74,23.09,Standard,12.78,2025-09,2025
ORD-02415,2024-12-20,CUST-0753,Corporate,North,Electronics,Wireless Mouse,2,0.0,9558.72,1007.76,Standard,10.54,2024-12,2024
ORD-01541,2025-03-21,CUST-0199,Consumer,North,Office Supplies,Ballpoint Pen Box,1,0.1,72.29,22.39,Standard,30.97,2025-03,2025
ORD-01542,2025-04-24,CUST-0014,Home Office,East,Electronics,Noise Cancelling Headphones,2,0.2,7509.87,1728.5,Same Day,23.02,2025-04,2025
ORD-02824,2025-12-05,CUST-0812,Consumer,North,Clothing,Rain Jacket,1,0.0,1265.61,108.63,Express,8.58,2025-12,2025
ORD-02365,2025-12-17,CUST-1112,Corporate,West,Furniture,Bed Side Table,1,0.0,5251.59,1531.64,Standard,29.17,2025-12,2025
ORD-01130,2024-04-12,CUST-0876,Consumer,East,Furniture,Study Table,1,0.0,6547.2,770.82,Express,11.77,2024-04,2024
ORD-02430,2024-10-16,CUST-0196,Consumer,South,Electronics,Noise Cancelling Headphones,2,0.1,8448.61,2198.02,Standard,26.02,2024-10,2024
ORD-02393,2025-08-23,CUST-0981,Home Office,East,Clothing,Woolen Sweater,1,0.0,1899.39,546.14,Standard,28.75,2025-08,2025
ORD-02540,2025-11-22,CUST-1178,Home Office,East,Clothing,Cotton T-Shirt,2,0.0,2429.56,221.66,Standard,9.12,2025-11,2025
ORD-02171,2024-10-02,CUST-1033,Consumer,West,Office Supplies,A4 Paper Ream,1,0.1,373.0,20.94,Standard,5.61,2024-10,2024
ORD-01284,2025-12-04,CUST-0054,Corporate,West,Clothing,Running Shoes,2,0.1,1913.6,400.99,Standard,20.95,2025-12,2025
ORD-02312,2024-08-22,CUST-0579,Home Office,East,Clothing,Hoodie,1,0.0,1557.8,323.78,Same Day,20.78,2024-08,2024
ORD-02031,2024-01-17,CUST-0839,Consumer,West,Office Supplies,A4 Paper Ream,1,0.0,414.45,35.7,Standard,8.61,2024-01,2024
ORD-01292,2024-11-08,CUST-0583,Corporate,East,Furniture,Bean Bag,1,0.0,7533.04,835.59,Standard,11.09,2024-11,2024
ORD-02651,2025-04-22,CUST-0556,Consumer,South,Office Supplies,Desk Organizer,3,0.0,542.22,69.26,Same Day,12.77,2025-04,2025
ORD-02136,2025-04-03,CUST-1035,Consumer,North,Clothing,Rain Jacket,2,0.0,2531.22,217.27,Standard,8.58,2025-04,2025
ORD-01304,2025-07-07,CUST-0430,Corporate,South,Furniture,Study Table,1,0.0,6547.2,770.82,Standard,11.77,2025-07,2025
ORD-02893,2024-10-09,CUST-1346,Consumer,South,Office Supplies,File Folder Pack,1,0.05,156.97,48.46,Standard,30.87,2024-10,2024
ORD-02018,2024-05-24,CUST-1083,Consumer,East,Clothing,Cotton T-Shirt,1,0.05,1154.04,87.98,Standard,7.62,2024-05,2024
ORD-01215,2025-10-16,CUST-1335,Home Office,North,Electronics,Laptop Stand,2,0.05,3471.47,817.7,Same Day,23.55,2025-10,2025
ORD-02067,2025-03-08,CUST-1049,Corporate,South,Office Supplies,Desk Organizer,1,0.0,180.74,23.09,Express,12.78,2025-03,2025
ORD-01652,2024-11-08,CUST-0795,Consumer,South,Electronics,Webcam HD,1,0.0,4621.72,955.68,Standard,20.68,2024-11,2024
ORD-01622,2025-04-18,CUST-0857,Corporate,West,Office Supplies,Whiteboard Marker Set,1,0.0,162.3,47.11,Standard,29.03,2025-04,2025
ORD-01616,2025-08-13,CUST-0574,Home Office,North,Furniture,Bed Side Table,1,0.0,5251.59,1531.64,Standard,29.17,2025-08,2025
ORD-01727,2025-07-05,CUST-0545,Home Office,South,Clothing,Hoodie,2,0.0,3115.6,647.55,Standard,20.78,2025-07,2025
ORD-02132,2024-11-10,CUST-1275,Corporate,South,Clothing,Woolen Sweater,3,0.0,5698.17,1638.42,Standard,28.75,2024-11,2024
ORD-02175,2024-04-03,CUST-0311,Corporate,East,Furniture,Bookshelf,1,0.0,2603.2,703.89,Express,27.04,2024-04,2024
ORD-02101,2024-09-30,CUST-1042,Consumer,North,Clothing,Rain Jacket,2,0.0,2531.22,217.27,Express,8.58,2024-09,2024
ORD-01899,2024-05-24,CUST-0236,Consumer,North,Clothing,Woolen Sweater,1,0.05,1804.42,491.77,Same Day,27.25,2024-05,2024
ORD-02108,2025-09-12,CUST-1154,Consumer,West,Office Supplies,A4 Paper Ream,2,0.0,828.9,71.4,Standard,8.61,2025-09,2025
ORD-01736,2025-02-18,CUST-0709,Corporate,North,Furniture,Bookshelf,1,0.1,1171.44,281.61,Standard,24.04,2025-02,2025
ORD-01137,2024-12-08,CUST-0147,Consumer,East,Office Supplies,A4 Paper Ream,1,0.0,414.45,35.7,Express,8.61,2024-12,2024
ORD-01359,2024-02-25,CUST-0585,Corporate,East,Clothing,Denim Jeans,1,0.0,527.49,125.89,Standard,23.87,2024-02,2024
ORD-02165,2025-02-10,CUST-0909,Consumer,North,Furniture,Filing Cabinet,1,0.2,6160.9,1179.04,Same Day,19.14,2025-02,2025
ORD-02561,2025-11-06,CUST-0709,Consumer,North,Office Supplies,Printer Ink Cartridge,1,0.0,370.95,92.51,Standard,24.94,2025-11,2025
ORD-01232,2024-02-04,CUST-0150,Consumer,North,Clothing,Formal Shirt,1,0.0,2022.02,206.93,Standard,10.23,2024-02,2024
ORD-01054,2025-06-22,CUST-1236,Corporate,North,Office Supplies,Ballpoint Pen Box,2,0.0,160.64,54.57,Same Day,33.97,2025-06,2025
ORD-01037,2025-11-12,CUST-1107,Consumer,North,Office Supplies,Ballpoint Pen Box,2,0.0,160.64,54.57,Express,33.97,2025-11,2025
ORD-02779,2025-05-21,CUST-0307,Consumer,East,Clothing,Sports Cap,2,0.15,2582.1,166.07,Same Day,6.43,2025-05,2025
ORD-02013,2025-03-04,CUST-0762,Consumer,West,Electronics,Wireless Mouse,2,0.0,9558.72,1007.76,Standard,10.54,2025-03,2025
ORD-02730,2025-03-23,CUST-0729,Consumer,North,Clothing,Hoodie,1,0.0,1557.8,323.78,Standard,20.78,2025-03,2025
ORD-02064,2024-12-10,CUST-0576,Corporate,East,Office Supplies,Printer Ink Cartridge,1,0.0,370.95,92.51,Standard,24.94,2024-12,2024
ORD-02604,2024-11-07,CUST-1238,Consumer,North,Office Supplies,Printer Ink Cartridge,4,0.0,1483.8,370.02,Standard,24.94,2024-11,2024
ORD-02462,2025-10-13,CUST-1125,Corporate,North,Electronics,Smartwatch,1,0.0,1651.05,436.58,Standard,26.44,2025-10,2025
ORD-01066,2025-06-19,CUST-0650,Home Office,North,Furniture,Office Chair,1,0.1,11421.86,3137.7,Express,27.47,2025-06,2025
ORD-02030,2025-10-25,CUST-0557,Corporate,North,Clothing,Woolen Sweater,1,0.0,1899.39,546.14,Same Day,28.75,2025-10,2025
ORD-01906,2024-02-28,CUST-0398,Consumer,North,Clothing,Formal Shirt,2,0.2,3235.23,136.97,Same Day,4.23,2024-02,2024
ORD-02979,2025-08-09,CUST-1174,Corporate,West,Office Supplies,Printer Ink Cartridge,2,0.0,741.9,185.01,Standard,24.94,2025-08,2025
ORD-02291,2024-05-28,CUST-0934,Home Office,North,Electronics,Laptop Stand,1,0.0,1827.09,457.78,Same Day,25.06,2024-05,2024
ORD-02144,2025-01-25,CUST-0791,Consumer,North,Office Supplies,Printer Ink Cartridge,1,0.05,352.4,75.26,Standard,21.36,2025-01,2025
ORD-01464,2024-08-12,CUST-0763,Consumer,North,Electronics,Power Bank 10000mAh,1,0.0,1623.15,423.4,Standard,26.09,2024-08,2024
ORD-01231,2024-07-30,CUST-0767,Consumer,South,Office Supplies,File Folder Pack,1,0.0,165.23,53.49,Standard,32.37,2024-07,2024
ORD-02860,2024-03-18,CUST-0502,Consumer,South,Electronics,Wireless Mouse,2,0.0,9558.72,1007.76,Express,10.54,2024-03,2024
ORD-02227,2024-04-05,CUST-0334,Corporate,South,Office Supplies,A4 Paper Ream,2,0.0,828.9,71.4,Express,8.61,2024-04,2024
ORD-02349,2025-11-24,CUST-1343,Home Office,South,Office Supplies,Stapler,1,0.0,252.46,54.35,Standard,21.53,2025-11,2025
ORD-01760,2025-08-25,CUST-0541,Home Office,East,Office Supplies,File Folder Pack,1,0.0,165.23,53.49,Express,32.37,2025-08,2025
ORD-02195,2024-05-12,CUST-0357,Corporate,East,Electronics,Noise Cancelling Headphones,1,0.0,4693.67,1361.93,Standard,29.02,2024-05,2024
ORD-01783,2025-03-10,CUST-0703,Consumer,East,Electronics,Laptop Stand,2,0.1,3288.76,725.33,Express,22.05,2025-03,2025
ORD-01376,2025-03-19,CUST-0625,Consumer,South,Office Supplies,Whiteboard Marker Set,1,0.05,154.18,42.44,Standard,27.53,2025-03,2025
ORD-02204,2024-12-29,CUST-0555,Consumer,East,Furniture,Bookshelf,1,0.0,1301.6,351.95,Standard,27.04,2024-12,2024
ORD-01828,2024-08-05,CUST-0617,Consumer,South,Furniture,Bed Side Table,2,0.0,10503.18,3063.28,Same Day,29.17,2024-08,2024
ORD-02759,2024-07-12,CUST-0065,Home Office,East,Electronics,USB-C Charger,1,0.0,2602.31,519.74,Express,19.97,2024-07,2024
ORD-01051,2024-06-12,CUST-0396,Home Office,North,Clothing,Running Shoes,1,0.1,956.8,200.49,Standard,20.95,2024-06,2024
ORD-01925,2024-06-03,CUST-0702,Consumer,East,Electronics,Wireless Mouse,2,0.0,9558.72,1007.76,Standard,10.54,2024-06,2024
ORD-02659,2025-02-01,CUST-1365,Consumer,East,Clothing,Hoodie,1,0.0,1557.8,323.78,Standard,20.78,2025-02,2025
ORD-03015,2025-10-23,CUST-0845,Consumer,East,Office Supplies,File Folder Pack,1,0.0,165.23,53.49,Standard,32.37,2025-10,2025
ORD-03057,2025-08-27,CUST-0224,Home Office,West,Furniture,Bookshelf,2,0.15,2212.72,498.74,Same Day,22.54,2025-08,2025
ORD-02938,2024-04-20,CUST-0908,Consumer,South,Electronics,Noise Cancelling Headphones,1,0.2,3754.94,864.25,Standard,23.02,2024-04,2024
ORD-02355,2025-12-30,CUST-0054,Consumer,West,Clothing,Sports Cap,1,0.0,1518.88,166.04,Standard,10.93,2025-12,2025
ORD-01121,2025-03-13,CUST-0436,Consumer,North,Clothing,Running Shoes,1,0.0,1063.11,254.67,Standard,23.96,2025-03,2025
ORD-02242,2024-01-09,CUST-1056,Consumer,North,Office Supplies,Desk Organizer,3,0.1,488.0,47.69,Standard,9.77,2024-01,2024
ORD-02431,2025-08-30,CUST-0739,Corporate,North,Clothing,Formal Shirt,1,0.0,2022.02,206.93,Standard,10.23,2025-08,2025
ORD-02637,2024-07-28,CUST-0632,Home Office,North,Furniture,Office Chair,1,0.0,12690.96,3867.06,Standard,30.47,2024-07,2024
ORD-02628,2025-11-01,CUST-1225,Consumer,West,Electronics,USB-C Charger,1,0.0,2602.31,519.74,Standard,19.97,2025-11,2025
ORD-01991,2024-01-08,CUST-0349,Consumer,West,Electronics,Smartwatch,2,0.0,3302.1,873.15,Standard,26.44,2024-01,2024
ORD-01785,2025-06-03,CUST-1108,Home Office,North,Furniture,Bean Bag,2,0.0,15066.08,1671.18,Standard,11.09,2025-06,2025
ORD-01809,2024-12-13,CUST-1121,Corporate,South,Furniture,Bed Side Table,1,0.0,5251.59,1043.36,Same Day,19.87,2024-12,2024
ORD-02341,2024-12-14,CUST-0304,Consumer,West,Clothing,Running Shoes,2,0.15,1807.29,351.6,Standard,19.45,2024-12,2024
ORD-01048,2024-11-15,CUST-0273,Consumer,South,Office Supplies,Stapler,2,0.0,504.92,108.7,Standard,21.53,2024-11,2024
ORD-02261,2025-04-22,CUST-0803,Consumer,North,Office Supplies,Printer Ink Cartridge,1,0.0,370.95,92.51,Standard,24.94,2025-04,2025
ORD-02894,2025-04-09,CUST-0190,Consumer,West,Furniture,Study Table,2,0.05,12439.68,1277.97,Standard,10.27,2025-04,2025
ORD-02777,2025-09-10,CUST-0151,Consumer,West,Office Supplies,Whiteboard Marker Set,2,0.0,324.6,94.22,Standard,29.03,2025-09,2025
ORD-01593,2025-10-06,CUST-1042,Corporate,South,Clothing,Formal Shirt,1,0.1,1819.82,131.64,Standard,7.23,2025-10,2025
ORD-01043,2025-08-03,CUST-1118,Consumer,South,Furniture,Bed Side Table,1,0.0,5251.59,1531.64,Standard,29.17,2025-08,2025
ORD-02376,2025-10-04,CUST-0135,Consumer,East,Clothing,Woolen Sweater,1,0.15,1614.48,391.57,Standard,24.25,2025-10,2025
ORD-01856,2024-10-02,CUST-0453,Consumer,South,Clothing,Running Shoes,1,0.0,1063.11,254.67,Standard,23.96,2024-10,2024
ORD-01005,2025-05-11,CUST-1225,Home Office,South,Electronics,Power Bank 10000mAh,1,0.0,1623.15,423.4,Standard,26.09,2025-05,2025
ORD-02330,2024-09-24,CUST-1098,Consumer,South,Electronics,USB-C Charger,1,0.0,2602.31,519.74,Standard,19.97,2024-09,2024
ORD-01444,2025-10-18,CUST-1167,Consumer,East,Electronics,Bluetooth Speaker,1,0.0,5868.36,1183.09,Express,20.16,2025-10,2025
ORD-01669,2025-11-24,CUST-0914,Corporate,East,Electronics,Smartwatch,2,0.15,2806.78,615.87,Same Day,21.94,2025-11,2025
ORD-01394,2025-12-11,CUST-0351,Home Office,East,Office Supplies,Stapler,1,0.2,201.97,31.36,Standard,15.53,2025-12,2025
ORD-01696,2025-09-11,CUST-0841,Corporate,East,Clothing,Rain Jacket,2,0.0,2531.22,217.27,Standard,8.58,2025-09,2025
ORD-02594,2024-07-19,CUST-1377,Consumer,West,Office Supplies,Desk Organizer,1,0.1,162.67,15.9,Express,9.77,2024-07,2024
ORD-01137,2024-12-08,CUST-0147,Consumer,East,Electronics,Bluetooth Speaker,1,0.0,5868.36,1183.09,Express,20.16,2024-12,2024
ORD-01707,2024-04-08,CUST-1038,Corporate,South,Furniture,Recliner Sofa,1,0.2,5470.16,195.51,Express,3.57,2024-04,2024
ORD-01796,2025-12-30,CUST-0369,Consumer,South,Furniture,Study Table,1,0.05,6219.84,638.98,Standard,10.27,2025-12,2025
ORD-01689,2024-10-27,CUST-0744,Consumer,West,Electronics,Webcam HD,1,0.0,4621.72,955.68,Express,20.68,2024-10,2024
ORD-01045,2025-05-11,CUST-0522,Corporate,West,Furniture,Recliner Sofa,1,0.1,6153.93,404.57,Standard,6.57,2025-05,2025
ORD-01046,2025-07-31,CUST-0626,Consumer,South,Electronics,Bluetooth Speaker,1,0.0,5868.36,1183.09,Standard,20.16,2025-07,2025
ORD-02409,2025-07-06,CUST-0419,Consumer,North,Clothing,Rain Jacket,1,0.0,1265.61,108.63,Standard,8.58,2025-07,2025
ORD-02521,2025-03-11,CUST-0555,Corporate,North,Furniture,Office Chair,1,0.05,12056.41,3492.86,Standard,28.97,2025-03,2025
ORD-01952,2024-01-24,CUST-1050,Consumer,East,Office Supplies,A4 Paper Ream,1,0.0,414.45,35.7,Standard,8.61,2024-01,2024
ORD-02352,2024-11-03,CUST-0394,Consumer,South,Clothing,Cotton T-Shirt,1,0.0,1214.78,110.83,Standard,9.12,2024-11,2024
ORD-01747,2025-07-01,CUST-0710,Home Office,North,Clothing,Sports Cap,2,0.0,3037.76,332.07,Same Day,10.93,2025-07,2025
ORD-02943,2024-07-19,CUST-0634,Home Office,South,Clothing,Cotton T-Shirt,1,0.0,1214.78,110.83,Standard,9.12,2024-07,2024
ORD-01904,2025-01-21,CUST-0291,Consumer,West,Electronics,Smartwatch,1,0.0,1651.05,436.58,Express,26.44,2025-01,2025
ORD-01662,2024-12-12,CUST-0944,Consumer,East,Clothing,Running Shoes,1,0.0,1063.11,254.67,Standard,23.96,2024-12,2024
ORD-02887,2024-06-22,CUST-0136,Consumer,North,Office Supplies,Ballpoint Pen Box,1,0.0,80.32,27.29,Standard,33.98,2024-06,2024
ORD-02628,2025-11-01,CUST-1225,Consumer,West,Office Supplies,Desk Organizer,1,0.0,722.96,92.34,Standard,12.77,2025-11,2025
ORD-01716,2025-08-22,CUST-1148,Consumer,North,Electronics,Webcam HD,2,0.0,9243.44,1911.36,Express,20.68,2025-08,2025
ORD-02693,2024-02-22,CUST-0074,Corporate,South,Office Supplies,Whiteboard Marker Set,1,0.0,162.3,47.11,Standard,29.03,2024-02,2024
ORD-01499,2025-03-06,CUST-0714,Consumer,North,Clothing,Rain Jacket,2,0.1,2278.1,127.2,Standard,5.58,2025-03,2025
ORD-01187,2025-07-19,CUST-0681,Corporate,South,Clothing,Running Shoes,2,0.0,2126.22,509.33,Standard,23.95,2025-07,2025
ORD-02034,2024-10-23,CUST-0048,Consumer,North,Office Supplies,Stapler,2,0.0,504.92,108.7,Standard,21.53,2024-10,2024
ORD-02696,2024-09-19,CUST-0055,Home Office,East,Furniture,Office Chair,2,0.0,25381.92,7734.13,Standard,30.47,2024-09,2024
ORD-01345,2024-12-24,CUST-1396,Consumer,West,Office Supplies,A4 Paper Ream,1,0.0,414.45,35.7,Standard,8.61,2024-12,2024
ORD-02011,2024-10-21,CUST-1027,Consumer,South,Clothing,Formal Shirt,2,0.0,4044.04,413.86,Standard,10.23,2024-10,2024
ORD-01502,2024-06-20,CUST-0419,Home Office,North,Electronics,Noise Cancelling Headphones,3,0.2,11264.81,2592.75,Standard,23.02,2024-06,2024
ORD-01593,2025-10-06,CUST-1042,Corporate,South,Electronics,Bluetooth Speaker,2,0.05,11149.88,2080.61,Standard,18.66,2025-10,2025
ORD-02690,2024-06-08,CUST-0582,Home Office,West,Office Supplies,Printer Ink Cartridge,3,0.0,1112.85,277.52,Standard,24.94,2024-06,2024
ORD-02177,2024-11-10,CUST-1120,Corporate,South,Office Supplies,Ballpoint Pen Box,1,0.0,80.32,27.29,Standard,33.98,2024-11,2024
ORD-02547,2025-07-04,CUST-0568,Consumer,South,Office Supplies,Ballpoint Pen Box,1,0.0,80.32,27.29,Standard,33.98,2025-07,2025
ORD-02346,2025-12-25,CUST-0926,Consumer,West,Office Supplies,Ballpoint Pen Box,1,0.05,76.3,24.78,Standard,32.48,2025-12,2025
ORD-02700,2024-09-03,CUST-0238,Corporate,South,Office Supplies,Whiteboard Marker Set,1,0.0,162.3,47.11,Standard,29.03,2024-09,2024
ORD-02713,2024-01-31,CUST-0048,Consumer,North,Office Supplies,Printer Ink Cartridge,3,0.0,1112.85,277.52,Standard,24.94,2024-01,2024
ORD-02143,2025-04-23,CUST-0972,Consumer,East,Office Supplies,Printer Ink Cartridge,4,0.0,1483.8,370.02,Standard,24.94,2025-04,2025
ORD-02358,2025-11-21,CUST-0281,Consumer,West,Electronics,USB-C Charger,3,0.1,7026.24,1192.51,Express,16.97,2025-11,2025
ORD-01670,2025-11-10,CUST-0448,Consumer,North,Electronics,USB-C Charger,3,0.05,7416.58,1370.0,Express,18.47,2025-11,2025
ORD-01048,2024-11-15,CUST-0273,Consumer,South,Electronics,Laptop Stand,1,0.05,1735.74,408.85,Standard,23.55,2024-11,2024
ORD-01642,2024-08-16,CUST-1182,Corporate,West,Electronics,Smartwatch,1,0.0,1651.05,436.58,Standard,26.44,2024-08,2024
ORD-02073,2024-08-04,CUST-0850,Corporate,East,Electronics,Power Bank 10000mAh,1,0.0,1623.15,423.4,Express,26.09,2024-08,2024
ORD-01082,2024-09-26,CUST-1169,Consumer,West,Electronics,Noise Cancelling Headphones,1,0.0,4693.67,1361.93,Standard,29.02,2024-09,2024
ORD-01255,2024-07-22,CUST-0120,Consumer,East,Furniture,Filing Cabinet,2,0.05,14632.15,3458.66,Express,23.64,2024-07,2024
ORD-01870,2024-07-04,CUST-1389,Home Office,East,Office Supplies,Sticky Notes Pack,1,0.0,245.23,39.58,Standard,16.14,2024-07,2024
ORD-02160,2024-07-09,CUST-0534,Consumer,South,Furniture,Bean Bag,1,0.05,7156.39,686.46,Standard,9.59,2024-07,2024
ORD-02571,2025-01-26,CUST-0152,Consumer,North,Electronics,Noise Cancelling Headphones,2,0.0,9387.34,2723.86,Express,29.02,2025-01,2025
ORD-01363,2025-11-08,CUST-0406,Consumer,West,Furniture,Recliner Sofa,1,0.0,6837.7,654.65,Standard,9.57,2025-11,2025
ORD-01772,2024-12-27,CUST-0063,Corporate,East,Clothing,Woolen Sweater,1,0.0,1899.39,546.14,Express,28.75,2024-12,2024
ORD-02409,2025-07-06,CUST-0419,Consumer,North,Office Supplies,Desk Organizer,1,0.0,180.74,23.09,Standard,12.78,2025-07,2025
ORD-01168,2024-04-15,CUST-0646,Consumer,West,Office Supplies,File Folder Pack,1,0.0,165.23,53.49,Express,32.37,2024-04,2024
ORD-01109,2024-08-01,CUST-1039,Consumer,South,Electronics,Laptop Stand,1,0.1,1644.38,362.67,Standard,22.06,2024-08,2024
ORD-02244,2025-05-21,CUST-0766,Consumer,South,Electronics,Wireless Mouse,2,0.0,9558.72,1007.76,Standard,10.54,2025-05,2025
ORD-02572,2025-12-05,CUST-0718,Corporate,East,Furniture,Wall Shelf,2,0.15,15159.0,2318.02,Standard,15.29,2025-12,2025
ORD-02978,2025-09-27,CUST-0088,Consumer,South,Office Supplies,Desk Organizer,2,0.05,343.41,38.71,Standard,11.27,2025-09,2025
ORD-02270,2024-09-15,CUST-1031,Corporate,North,Electronics,Laptop Stand,1,0.0,1827.09,457.78,Standard,25.06,2024-09,2024
ORD-02858,2025-09-13,CUST-1124,Consumer,East,Office Supplies,File Folder Pack,2,0.0,330.46,106.97,Standard,32.37,2025-09,2025
ORD-01271,2025-09-09,CUST-1148,Consumer,East,Furniture,Study Table,2,0.05,12439.68,1277.97,Same Day,10.27,2025-09,2025
ORD-01928,2024-05-08,CUST-1218,Consumer,East,Electronics,Noise Cancelling Headphones,1,0.0,4693.67,1361.93,Express,29.02,2024-05,2024
ORD-02994,2024-04-02,CUST-0233,Corporate,North,Office Supplies,File Folder Pack,4,0.05,627.87,193.83,Standard,30.87,2024-04,2024
ORD-02152,2024-03-08,CUST-0694,Consumer,South,Electronics,Bluetooth Speaker,2,0.15,9976.21,1562.32,Standard,15.66,2024-03,2024
ORD-01988,2025-11-30,CUST-1112,Consumer,South,Furniture,Filing Cabinet,1,0.15,6545.96,1350.92,Standard,20.64,2025-11,2025
ORD-02429,2025-05-19,CUST-0408,Corporate,East,Office Supplies,Stapler,1,0.0,252.46,54.35,Standard,21.53,2025-05,2025
ORD-01156,2025-10-30,CUST-1067,Consumer,North,Electronics,USB-C Charger,1,0.0,2602.31,519.74,Standard,19.97,2025-10,2025
ORD-02964,2024-05-25,CUST-0396,Home Office,South,Office Supplies,Ballpoint Pen Box,1,0.0,80.32,27.29,Express,33.98,2024-05,2024
ORD-02883,2025-12-25,CUST-0044,Consumer,South,Electronics,Power Bank 10000mAh,1,0.0,1623.15,423.4,Standard,26.09,2025-12,2025
ORD-01826,2024-12-11,CUST-0886,Consumer,South,Office Supplies,A4 Paper Ream,1,0.0,414.45,35.7,Standard,8.61,2024-12,2024
ORD-01097,2024-07-02,CUST-0431,Corporate,North,Furniture,Study Table,2,0.0,13094.4,1541.65,Express,11.77,2024-07,2024
ORD-01581,2025-04-14,CUST-0594,Consumer,East,Electronics,Noise Cancelling Headphones,1,0.0,4693.67,1361.93,Standard,29.02,2025-04,2025
ORD-01808,2024-11-06,CUST-0541,Corporate,South,Office Supplies,Ballpoint Pen Box,1,0.0,80.32,27.29,Same Day,33.98,2024-11,2024
ORD-01574,2024-01-11,CUST-0810,Consumer,East,Clothing,Woolen Sweater,1,0.0,1899.39,546.14,Standard,28.75,2024-01,2024
ORD-01253,2024-09-21,CUST-1088,Home Office,North,Electronics,USB-C Charger,2,0.0,5204.62,1039.48,Standard,19.97,2024-09,2024
ORD-01053,2024-03-27,CUST-0880,Consumer,South,Electronics,Bluetooth Speaker,3,0.0,17605.08,3549.26,Standard,20.16,2024-03,2024
ORD-01556,2024-12-22,CUST-0541,Consumer,West,Office Supplies,Sticky Notes Pack,1,0.0,245.23,39.58,Standard,16.14,2024-12,2024
ORD-01634,2025-05-14,CUST-0711,Consumer,West,Electronics,Wireless Mouse,1,0.0,4779.36,503.88,Express,10.54,2025-05,2025
ORD-02283,2024-04-06,CUST-1059,Consumer,West,Clothing,Denim Jeans,1,0.0,527.49,125.89,Same Day,23.87,2024-04,2024
ORD-02369,2025-01-22,CUST-1357,Consumer,East,Clothing,Cotton T-Shirt,1,0.0,1214.78,110.83,Express,9.12,2025-01,2025
ORD-02771,2024-08-09,CUST-1140,Home Office,West,Electronics,USB-C Charger,1,0.0,2602.31,519.74,Express,19.97,2024-08,2024
ORD-01188,2024-03-28,CUST-0769,Corporate,East,Electronics,Bluetooth Speaker,1,0.0,5868.36,1183.09,Standard,20.16,2024-03,2024
ORD-01404,2024-01-21,CUST-0251,Corporate,East,Clothing,Rain Jacket,2,0.15,2151.54,87.86,Standard,4.08,2024-01,2024
ORD-02565,2025-09-21,CUST-1312,Corporate,East,Office Supplies,Ballpoint Pen Box,1,0.1,72.29,22.39,Express,30.97,2025-09,2025
ORD-02790,2025-10-07,CUST-0667,Consumer,East,Office Supplies,Sticky Notes Pack,2,0.0,490.46,79.16,Standard,16.14,2025-10,2025
ORD-02669,2024-07-12,CUST-0340,Consumer,South,Office Supplies,Ballpoint Pen Box,3,0.0,240.96,81.86,Same Day,33.97,2024-07,2024
ORD-01468,2024-03-28,CUST-0347,Consumer,East,Electronics,Smartwatch,1,0.0,1651.05,436.58,Express,26.44,2024-03,2024
ORD-02158,2024-07-02,CUST-0913,Home Office,South,Office Supplies,Ballpoint Pen Box,1,0.0,80.32,27.29,Same Day,33.98,2024-07,2024
ORD-01900,2024-08-25,CUST-1275,Corporate,North,Electronics,Power Bank 10000mAh,1,0.0,1623.15,423.4,Standard,26.09,2024-08,2024
ORD-01204,2024-01-23,CUST-0539,Consumer,South,Clothing,Cotton T-Shirt,3,0.0,3644.34,332.49,Express,9.12,2024-01,2024
ORD-01587,2024-02-02,CUST-1005,Corporate,West,Clothing,Woolen Sweater,2,0.1,3418.9,880.49,Standard,25.75,2024-02,2024
ORD-02419,2024-01-23,CUST-1087,Consumer,East,Office Supplies,Ballpoint Pen Box,1,0.0,80.32,27.29,Express,33.98,2024-01,2024
ORD-01606,2025-12-19,CUST-0399,Consumer,South,Clothing,Formal Shirt,4,0.05,7683.68,671.07,Standard,8.73,2025-12,2025
ORD-01406,2025-01-16,CUST-0257,Consumer,East,Clothing,Cotton T-Shirt,1,0.0,1214.78,110.83,Same Day,9.12,2025-01,2025
ORD-01649,2024-07-20,CUST-0695,Consumer,East,Clothing,Rain Jacket,2,0.1,2278.1,127.2,Express,5.58,2024-07,2024
ORD-02619,2025-05-19,CUST-0373,Home Office,North,Electronics,Webcam HD,1,0.0,4621.72,955.68,Standard,20.68,2025-05,2025
ORD-02553,2024-07-08,CUST-0069,Consumer,East,Office Supplies,Whiteboard Marker Set,2,0.0,324.6,94.22,Standard,29.03,2024-07,2024
ORD-01533,2025-10-06,CUST-0963,Consumer,East,Electronics,Wireless Mouse,3,0.0,14338.08,1511.63,Standard,10.54,2025-10,2025
ORD-02500,2025-02-19,CUST-1315,Consumer,North,Electronics,Smartwatch,1,0.1,1485.94,348.34,Express,23.44,2025-02,2025
ORD-01215,2025-10-16,CUST-1335,Home Office,North,Electronics,Webcam HD,2,0.05,8781.27,1684.07,Same Day,19.18,2025-10,2025
ORD-02749,2024-12-10,CUST-1039,Consumer,West,Electronics,USB-C Charger,2,0.0,5204.62,1039.48,Standard,19.97,2024-12,2024
ORD-02631,2025-07-15,CUST-0420,Corporate,South,Furniture,Filing Cabinet,1,0.2,6160.9,1179.04,Express,19.14,2025-07,2025
ORD-01192,2025-03-01,CUST-0911,Consumer,East,Electronics,Bluetooth Speaker,1,0.0,5868.36,1183.09,Standard,20.16,2025-03,2025
ORD-02259,2024-11-15,CUST-1248,Consumer,West,Office Supplies,Desk Organizer,2,0.1,325.33,31.79,Standard,9.77,2024-11,2024
ORD-01239,2025-12-13,CUST-1139,Consumer,East,Furniture,Filing Cabinet,3,0.0,23103.39,5807.59,Standard,25.14,2025-12,2025
ORD-01774,2024-11-10,CUST-1236,Consumer,West,Electronics,Laptop Stand,1,0.15,1553.03,319.22,Standard,20.55,2024-11,2024
ORD-02565,2025-09-21,CUST-1312,Corporate,East,Furniture,Filing Cabinet,1,0.0,7701.13,1935.86,Express,25.14,2025-09,2025
ORD-02648,2024-05-24,CUST-0137,Corporate,North,Electronics,Webcam HD,1,0.0,4621.72,955.68,Express,20.68,2024-05,2024
ORD-02304,2025-01-13,CUST-0895,Consumer,North,Clothing,Running Shoes,1,0.0,1063.11,254.67,Standard,23.96,2025-01,2025
ORD-02317,2024-12-18,CUST-0234,Consumer,East,Furniture,Office Chair,1,0.1,11421.86,3137.7,Same Day,27.47,2024-12,2024
ORD-02647,2024-10-14,CUST-1297,Corporate,South,Clothing,Cotton T-Shirt,1,0.0,1214.78,110.83,Standard,9.12,2024-10,2024
ORD-01681,2025-02-09,CUST-1173,Consumer,North,Electronics,Webcam HD,1,0.0,4621.72,955.68,Express,20.68,2025-02,2025
ORD-01874,2025-12-18,CUST-1285,Consumer,West,Electronics,USB-C Charger,1,0.05,2472.19,456.67,Express,18.47,2025-12,2025
ORD-01406,2025-01-16,CUST-0257,Consumer,East,Electronics,Smartwatch,3,0.0,4953.15,1309.73,Same Day,26.44,2025-01,2025
ORD-02028,2025-04-04,CUST-0361,Home Office,West,Electronics,Webcam HD,1,0.0,4621.72,955.68,Standard,20.68,2025-04,2025
ORD-02965,2024-03-06,CUST-1139,Consumer,South,Furniture,Study Table,1,0.1,5892.48,516.97,Same Day,8.77,2024-03,2024
ORD-02861,2024-10-07,CUST-1179,Consumer,West,Office Supplies,Ballpoint Pen Box,1,0.0,80.32,27.29,Standard,33.98,2024-10,2024
ORD-02773,2024-12-31,CUST-1003,Consumer,South,Furniture,Study Table,1,0.0,6547.2,770.82,Express,11.77,2024-12,2024
ORD-01748,2024-12-23,CUST-1333,Corporate,East,Electronics,Wireless Mouse,1,0.05,4540.39,410.58,Standard,9.04,2024-12,2024
ORD-01274,2024-01-27,CUST-0506,Corporate,West,Office Supplies,File Folder Pack,1,0.0,165.23,53.49,Standard,32.37,2024-01,2024
ORD-02340,2024-07-27,CUST-0107,Consumer,West,Electronics,USB-C Charger,1,0.0,2602.31,519.74,Express,19.97,2024-07,2024
ORD-02163,2024-05-30,CUST-0982,Consumer,West,Electronics,Power Bank 10000mAh,1,0.1,1460.84,337.23,Express,23.08,2024-05,2024
ORD-02650,2024-12-04,CUST-0554,Consumer,West,Electronics,Wireless Mouse,1,0.0,4779.36,503.88,Standard,10.54,2024-12,2024
ORD-01495,2024-05-09,CUST-0853,Corporate,West,Electronics,Laptop Stand,1,0.0,1827.09,457.78,Standard,25.06,2024-05,2024
ORD-02886,2024-01-26,CUST-0016,Corporate,East,Furniture,Bookshelf,1,0.0,1301.6,351.95,Express,27.04,2024-01,2024
ORD-01246,2024-11-12,CUST-1356,Home Office,East,Office Supplies,Whiteboard Marker Set,1,0.0,162.3,47.11,Express,29.03,2024-11,2024
ORD-01744,2025-10-22,CUST-0918,Home Office,North,Clothing,Denim Jeans,2,0.0,1054.98,251.79,Standard,23.87,2025-10,2025
ORD-01112,2024-04-04,CUST-0222,Consumer,North,Clothing,Denim Jeans,1,0.15,448.37,86.83,Standard,19.37,2024-04,2024
ORD-02820,2025-02-01,CUST-1192,Consumer,North,Furniture,Filing Cabinet,1,0.0,7701.13,1935.86,Standard,25.14,2025-02,2025
ORD-01343,2024-10-22,CUST-0841,Corporate,East,Furniture,Wall Shelf,3,0.0,26751.18,5294.42,Express,19.79,2024-10,2024
ORD-02941,2025-09-24,CUST-0419,Consumer,East,Electronics,Power Bank 10000mAh,1,0.0,1623.15,423.4,Standard,26.09,2025-09,2025
ORD-02636,2025-05-19,CUST-1204,Consumer,East,Electronics,Laptop Stand,1,0.0,1827.09,457.78,Express,25.06,2025-05,2025
ORD-02502,2025-07-08,CUST-1173,Corporate,North,Office Supplies,Printer Ink Cartridge,1,0.0,370.95,92.51,Standard,24.94,2025-07,2025
ORD-02737,2024-10-09,CUST-0937,Consumer,North,Electronics,Webcam HD,1,0.05,4390.63,842.04,Standard,19.18,2024-10,2024
ORD-01699,2025-05-26,CUST-0994,Consumer,South,Office Supplies,A4 Paper Ream,1,0.0,414.45,35.7,Standard,8.61,2025-05,2025
ORD-02589,2025-05-27,CUST-0584,Consumer,North,Electronics,Wireless Mouse,1,0.1,4301.42,324.45,Standard,7.54,2025-05,2025
ORD-02562,2025-08-07,CUST-0791,Home Office,North,Furniture,Study Table,1,0.0,6547.2,770.82,Express,11.77,2025-08,2025
ORD-02330,2024-09-24,CUST-1098,Consumer,South,Clothing,Woolen Sweater,2,0.1,3418.9,880.49,Standard,25.75,2024-09,2024
ORD-01296,2025-02-24,CUST-0617,Consumer,North,Electronics,Wireless Mouse,1,0.0,4779.36,503.88,Express,10.54,2025-02,2025
ORD-01524,2024-10-03,CUST-0816,Corporate,South,Clothing,Sports Cap,1,0.0,1518.88,166.04,Same Day,10.93,2024-10,2024
ORD-01040,2025-04-22,CUST-0793,Corporate,East,Office Supplies,Ballpoint Pen Box,1,0.0,80.32,27.29,Express,33.98,2025-04,2025
ORD-02297,2025-04-30,CUST-0878,Corporate,North,Clothing,Formal Shirt,2,0.15,3437.43,197.09,Standard,5.73,2025-04,2025
ORD-02150,2025-01-24,CUST-0471,Corporate,North,Electronics,Bluetooth Speaker,1,0.05,5574.94,1040.31,Standard,18.66,2025-01,2025
ORD-02400,2025-03-12,CUST-0792,Corporate,East,Office Supplies,Sticky Notes Pack,1,0.05,232.97,34.11,Standard,14.64,2025-03,2025
ORD-02727,2024-03-06,CUST-1357,Consumer,East,Electronics,Laptop Stand,1,0.0,1827.09,457.78,Express,25.06,2024-03,2024
ORD-01873,2024-04-27,CUST-0228,Consumer,East,Electronics,Wireless Mouse,1,0.0,4779.36,503.88,Express,10.54,2024-04,2024
ORD-01419,2025-11-29,CUST-0982,Home Office,South,Furniture,Office Chair,1,0.0,12690.96,3867.06,Standard,30.47,2025-11,2025
ORD-01061,2025-02-12,CUST-1394,Consumer,South,Furniture,Study Table,2,0.0,13094.4,1541.65,Standard,11.77,2025-02,2025
ORD-01624,2024-07-12,CUST-1268,Consumer,South,Office Supplies,Stapler,1,0.15,214.59,36.54,Standard,17.03,2024-07,2024
ORD-02405,2025-07-09,CUST-0926,Corporate,East,Electronics,USB-C Charger,1,0.0,2602.31,519.74,Standard,19.97,2025-07,2025
ORD-02549,2025-08-31,CUST-1060,Consumer,South,Clothing,Hoodie,2,0.15,2648.26,431.25,Express,16.28,2025-08,2025
ORD-02788,2025-05-25,CUST-1236,Consumer,South,Office Supplies,Desk Organizer,1,0.0,180.74,23.09,Standard,12.78,2025-05,2025
ORD-01980,2025-10-20,CUST-1385,Consumer,East,Clothing,Sports Cap,1,0.0,1518.88,166.04,Standard,10.93,2025-10,2025
ORD-02977,2025-12-27,CUST-0705,Home Office,South,Furniture,Bookshelf,1,0.05,1236.52,315.8,Standard,25.54,2025-12,2025
ORD-01799,2024-07-31,CUST-0896,Home Office,South,Furniture,Bookshelf,1,0.0,1301.6,351.95,Express,27.04,2024-07,2024
ORD-01294,2025-06-08,CUST-0377,Consumer,West,Electronics,USB-C Charger,2,0.0,5204.62,1039.48,Standard,19.97,2025-06,2025
ORD-01787,2025-05-03,CUST-0738,Consumer,East,Office Supplies,Stapler,2,0.2,403.94,62.72,Express,15.53,2025-05,2025
ORD-01316,2024-10-25,CUST-0653,Consumer,East,Clothing,Hoodie,1,0.15,1324.13,215.62,Standard,16.28,2024-10,2024
ORD-01391,2025-04-17,CUST-1260,Corporate,South,Electronics,Noise Cancelling Headphones,1,0.0,4693.67,1361.93,Same Day,29.02,2025-04,2025
ORD-02711,2024-02-02,CUST-0509,Home Office,South,Clothing,Running Shoes,1,0.05,1009.95,226.78,Standard,22.45,2024-02,2024
ORD-01615,2025-09-06,CUST-0233,Consumer,North,Electronics,USB-C Charger,1,0.0,2602.31,519.74,Express,19.97,2025-09,2025
ORD-01669,2025-11-24,CUST-0914,Corporate,East,Office Supplies,Stapler,1,0.0,252.46,54.35,Same Day,21.53,2025-11,2025
ORD-01337,2025-07-16,CUST-0381,Consumer,East,Clothing,Sports Cap,1,0.0,1518.88,166.04,Standard,10.93,2025-07,2025
ORD-02532,2024-05-08,CUST-0531,Consumer,East,Furniture,Wall Shelf,1,0.0,8917.06,1764.81,Standard,19.79,2024-05,2024
ORD-03038,2025-02-20,CUST-0827,Consumer,East,Office Supplies,Printer Ink Cartridge,1,0.1,333.86,73.24,Standard,21.94,2025-02,2025
ORD-02425,2024-03-15,CUST-0060,Home Office,South,Office Supplies,Whiteboard Marker Set,2,0.0,324.6,94.22,Standard,29.03,2024-03,2024
ORD-03058,2025-07-17,CUST-0627,Consumer,South,Office Supplies,Whiteboard Marker Set,1,0.0,162.3,47.11,Standard,29.03,2025-07,2025
ORD-02447,2025-10-21,CUST-0924,Corporate,North,Electronics,Bluetooth Speaker,1,0.15,4988.11,781.16,Same Day,15.66,2025-10,2025
ORD-01762,2024-03-22,CUST-0970,Consumer,East,Furniture,Recliner Sofa,2,0.05,12991.63,1048.97,Standard,8.07,2024-03,2024
ORD-02968,2024-10-02,CUST-1061,Corporate,South,Electronics,Bluetooth Speaker,1,0.0,5868.36,1183.09,Standard,20.16,2024-10,2024
ORD-02781,2025-05-06,CUST-0414,Home Office,North,Electronics,Noise Cancelling Headphones,3,0.0,14081.01,4085.8,Standard,29.02,2025-05,2025
ORD-01316,2024-10-25,CUST-0653,Consumer,East,Clothing,Denim Jeans,1,0.0,527.49,125.89,Standard,23.87,2024-10,2024
ORD-02985,2025-03-30,CUST-0030,Consumer,South,Electronics,Wireless Mouse,1,0.0,4779.36,503.88,Standard,10.54,2025-03,2025
ORD-01130,2024-04-12,CUST-0876,Consumer,East,Furniture,Recliner Sofa,2,0.15,11624.09,589.83,Express,5.07,2024-04,2024
ORD-01141,2024-01-02,CUST-1004,Home Office,South,Furniture,Bookshelf,1,0.2,1041.28,219.08,Express,21.04,2024-01,2024
ORD-02344,2025-03-31,CUST-1342,Consumer,North,Furniture,Bean Bag,1,0.1,6779.74,548.64,Standard,8.09,2025-03,2025
ORD-01806,2024-05-06,CUST-0958,Corporate,North,Electronics,Wireless Mouse,1,0.0,4779.36,503.88,Standard,10.54,2024-05,2024
ORD-01591,2025-10-06,CUST-0217,Consumer,East,Clothing,Sports Cap,1,0.0,1518.88,166.04,Express,10.93,2025-10,2025
ORD-01985,2025-01-21,CUST-0041,Corporate,West,Clothing,Denim Jeans,1,0.15,896.73,173.66,Express,19.37,2025-01,2025
ORD-02264,2024-05-26,CUST-0346,Corporate,East,Clothing,Formal Shirt,1,0.0,2022.02,206.93,Express,10.23,2024-05,2024
ORD-01232,2024-02-04,CUST-0150,Consumer,North,Electronics,Laptop Stand,1,0.0,1827.09,457.78,Standard,25.06,2024-02,2024
ORD-02183,2024-02-21,CUST-1071,Consumer,North,Office Supplies,Ballpoint Pen Box,1,0.0,80.32,27.29,Standard,33.98,2024-02,2024
ORD-02928,2025-08-13,CUST-0815,Consumer,South,Clothing,Denim Jeans,2,0.0,1054.98,251.79,Standard,23.87,2025-08,2025
ORD-01222,2024-02-03,CUST-0349,Consumer,South,Electronics,Laptop Stand,1,0.0,1827.09,457.78,Standard,25.06,2024-02,2024
ORD-02862,2025-09-09,CUST-0066,Home Office,West,Furniture,Filing Cabinet,1,0.0,7701.13,1935.86,Standard,25.14,2025-09,2025
ORD-02467,2024-11-21,CUST-0008,Consumer,East,Electronics,Laptop Stand,2,0.1,3288.76,725.33,Standard,22.05,2024-11,2024
ORD-01153,2024-11-04,CUST-0723,Consumer,South,Clothing,Rain Jacket,1,0.0,1265.61,108.63,Express,8.58,2024-11,2024
ORD-01875,2024-10-01,CUST-1055,Corporate,West,Electronics,Smartwatch,2,0.0,3302.1,873.15,Standard,26.44,2024-10,2024
ORD-02245,2024-10-23,CUST-0792,Consumer,North,Electronics,Power Bank 10000mAh,1,0.0,1623.15,423.4,Standard,26.09,2024-10,2024
ORD-02868,2025-10-24,CUST-0851,Consumer,South,Electronics,Webcam HD,2,0.15,7856.92,1271.09,Standard,16.18,2025-10,2025
ORD-03048,2025-04-13,CUST-1366,Consumer,West,Office Supplies,Desk Organizer,1,0.05,171.7,19.36,Standard,11.28,2025-04,2025
ORD-01965,2024-07-23,CUST-1175,Consumer,East,Clothing,Woolen Sweater,1,0.0,1899.39,546.14,Same Day,28.75,2024-07,2024
ORD-02185,2024-02-20,CUST-1167,Consumer,North,Office Supplies,Printer Ink Cartridge,1,0.0,370.95,92.51,Standard,24.94,2024-02,2024
ORD-02227,2024-04-05,CUST-0334,Corporate,South,Clothing,Running Shoes,2,0.0,2126.22,509.33,Express,23.95,2024-04,2024
ORD-02657,2024-03-28,CUST-1276,Corporate,West,Furniture,Filing Cabinet,2,0.0,15402.26,3871.73,Standard,25.14,2024-03,2024
ORD-02307,2025-08-14,CUST-0960,Consumer,South,Office Supplies,Sticky Notes Pack,1,0.0,245.23,39.58,Express,16.14,2025-08,2025
ORD-01813,2024-12-21,CUST-0382,Corporate,South,Electronics,Laptop Stand,1,0.1,1644.38,362.67,Express,22.06,2024-12,2024
ORD-01148,2025-10-22,CUST-0765,Consumer,East,Electronics,Webcam HD,1,0.1,4159.55,735.33,Standard,17.68,2025-10,2025
ORD-01913,2025-01-24,CUST-1018,Corporate,North,Clothing,Sports Cap,1,0.0,1518.88,166.04,Express,10.93,2025-01,2025
ORD-01139,2025-09-05,CUST-0874,Consumer,West,Furniture,Filing Cabinet,1,0.0,7701.13,1935.86,Standard,25.14,2025-09,2025
ORD-01336,2024-10-26,CUST-0616,Consumer,South,Clothing,Sports Cap,1,0.0,1518.88,166.04,Express,10.93,2024-10,2024
ORD-01532,2025-08-22,CUST-0657,Consumer,West,Furniture,Bookshelf,1,0.0,1301.6,351.95,Standard,27.04,2025-08,2025
ORD-01373,2025-01-24,CUST-1360,Corporate,North,Clothing,Formal Shirt,1,0.0,2022.02,206.93,Standard,10.23,2025-01,2025
ORD-02888,2025-10-25,CUST-1334,Corporate,East,Electronics,Power Bank 10000mAh,1,0.0,1623.15,423.4,Standard,26.09,2025-10,2025
ORD-01282,2025-07-17,CUST-0122,Consumer,North,Office Supplies,Printer Ink Cartridge,1,0.0,370.95,92.51,Standard,24.94,2025-07,2025
ORD-02070,2025-05-01,CUST-0616,Home Office,South,Electronics,Laptop Stand,1,0.0,1827.09,457.78,Express,25.06,2025-05,2025
ORD-01138,2024-04-10,CUST-0546,Consumer,South,Office Supplies,Desk Organizer,2,0.0,361.48,46.17,Standard,12.77,2024-04,2024
ORD-02873,2025-11-23,CUST-0598,Corporate,East,Electronics,Power Bank 10000mAh,1,0.0,1623.15,423.4,Express,26.09,2025-11,2025
ORD-01949,2025-08-03,CUST-0238,Home Office,West,Electronics,Webcam HD,1,0.0,4621.72,955.68,Standard,20.68,2025-08,2025
ORD-02641,2024-04-29,CUST-1282,Corporate,North,Office Supplies,Ballpoint Pen Box,1,0.1,72.29,22.39,Standard,30.97,2024-04,2024
ORD-02145,2024-07-02,CUST-0481,Corporate,West,Office Supplies,Stapler,1,0.0,252.46,54.35,Standard,21.53,2024-07,2024
ORD-02494,2025-06-01,CUST-0553,Consumer,West,Electronics,Bluetooth Speaker,1,0.15,4988.11,781.16,Express,15.66,2025-06,2025
ORD-02947,2024-10-11,CUST-0167,Consumer,West,Clothing,Cotton T-Shirt,1,0.0,1214.78,110.83,Standard,9.12,2024-10,2024
ORD-01594,2024-02-25,CUST-0991,Consumer,North,Electronics,Power Bank 10000mAh,1,0.0,1623.15,423.4,Standard,26.09,2024-02,2024
ORD-01766,2025-02-25,CUST-0352,Consumer,West,Electronics,Bluetooth Speaker,1,0.0,5868.36,1183.09,Same Day,20.16,2025-02,2025
ORD-01994,2024-02-10,CUST-0664,Consumer,South,Furniture,Bookshelf,2,0.0,2603.2,703.89,Standard,27.04,2024-02,2024
ORD-01678,2024-04-09,CUST-1371,Consumer,North,Office Supplies,Printer Ink Cartridge,1,0.0,370.95,92.51,Standard,24.94,2024-04,2024
ORD-01845,2024-01-04,CUST-1326,Corporate,West,Electronics,Power Bank 10000mAh,1,0.15,1379.68,297.8,Standard,21.58,2024-01,2024
ORD-02901,2024-07-13,CUST-0965,Home Office,North,Electronics,Bluetooth Speaker,1,0.0,5868.36,1183.09,Express,20.16,2024-07,2024
ORD-01395,2025-07-16,CUST-0863,Corporate,North,Electronics,Wireless Mouse,1,0.0,4779.36,503.88,Express,10.54,2025-07,2025
ORD-01219,2025-05-29,CUST-1185,Corporate,North,Electronics,Webcam HD,1,0.0,4621.72,955.68,Same Day,20.68,2025-05,2025
ORD-02804,2024-06-23,CUST-0313,Corporate,East,Electronics,Noise Cancelling Headphones,1,0.0,4693.67,1361.93,Standard,29.02,2024-06,2024
ORD-02908,2025-06-11,CUST-0633,Corporate,North,Furniture,Office Chair,1,0.0,12690.96,3867.06,Standard,30.47,2025-06,2025
ORD-01885,2025-11-29,CUST-1378,Consumer,West,Electronics,Laptop Stand,1,0.0,1827.09,457.78,Express,25.06,2025-11,2025
ORD-01592,2025-05-14,CUST-0619,Consumer,East,Clothing,Running Shoes,2,0.0,2126.22,509.33,Standard,23.95,2025-05,2025
ORD-02099,2024-11-30,CUST-0238,Corporate,West,Electronics,USB-C Charger,2,0.0,5204.62,1039.48,Standard,19.97,2024-11,2024
ORD-02136,2025-04-03,CUST-1035,Consumer,North,Clothing,Sports Cap,4,0.0,6075.52,664.15,Standard,10.93,2025-04,2025
ORD-01438,2024-10-28,CUST-0266,Consumer,East,Electronics,Smartwatch,1,0.0,1651.05,436.58,Standard,26.44,2024-10,2024
ORD-02503,2025-11-23,CUST-0964,Consumer,West,Office Supplies,Desk Organizer,1,0.15,153.63,12.71,Express,8.27,2025-11,2025
ORD-01852,2024-01-27,CUST-1304,Home Office,South,Furniture,Study Table,1,0.0,6547.2,770.82,Standard,11.77,2024-01,2024
ORD-02574,2025-05-22,CUST-0872,Corporate,West,Furniture,Study Table,1,0.0,6547.2,770.82,Standard,11.77,2025-05,2025
ORD-01888,2025-07-26,CUST-0612,Consumer,North,Furniture,Filing Cabinet,1,0.0,7701.13,1935.86,Standard,25.14,2025-07,2025
ORD-01621,2025-09-16,CUST-0949,Corporate,South,Furniture,Office Chair,1,0.0,12690.96,3867.06,Standard,30.47,2025-09,2025
ORD-02829,2024-11-24,CUST-0129,Corporate,North,Electronics,Noise Cancelling Headphones,1,0.15,3989.62,978.11,Same Day,24.52,2024-11,2024
ORD-01455,2024-03-28,CUST-0241,Corporate,East,Electronics,Wireless Mouse,4,0.0,19117.44,2015.51,Standard,10.54,2024-03,2024
ORD-02375,2025-10-08,CUST-0513,Consumer,West,Office Supplies,Ballpoint Pen Box,1,0.0,80.32,27.29,Express,33.98,2025-10,2025
ORD-02766,2024-07-04,CUST-0484,Consumer,West,Clothing,Woolen Sweater,1,0.2,1519.51,345.74,Standard,22.75,2024-07,2024
ORD-01767,2024-02-13,CUST-0406,Corporate,West,Electronics,Webcam HD,2,0.0,9243.44,1911.36,Standard,20.68,2024-02,2024
ORD-01305,2024-05-14,CUST-1047,Corporate,West,Furniture,Bean Bag,2,0.0,15066.08,1671.18,Standard,11.09,2024-05,2024
ORD-01647,2025-11-08,CUST-1272,Consumer,North,Office Supplies,A4 Paper Ream,1,0.2,331.56,8.66,Express,2.61,2025-11,2025
ORD-02546,2025-07-26,CUST-0480,Consumer,South,Furniture,Bed Side Table,1,0.15,4463.85,1101.02,Standard,24.67,2025-07,2025
ORD-01108,2025-04-22,CUST-0768,Consumer,North,Clothing,Sports Cap,1,0.0,1518.88,166.04,Standard,10.93,2025-04,2025
ORD-02564,2025-02-22,CUST-0938,Consumer,North,Clothing,Denim Jeans,1,0.0,527.49,85.25,Standard,16.16,2025-02,2025
ORD-02434,2025-11-14,CUST-0661,Corporate,East,Furniture,Bean Bag,1,0.0,7533.04,835.59,Standard,11.09,2025-11,2025
ORD-02133,2024-04-10,CUST-1315,Consumer,West,Office Supplies,Ballpoint Pen Box,1,0.1,72.29,22.39,Standard,30.97,2024-04,2024
ORD-01106,2025-03-05,CUST-0343,Consumer,North,Office Supplies,Desk Organizer,1,0.15,153.63,12.71,Same Day,8.27,2025-03,2025
ORD-01017,2025-07-24,CUST-0616,Corporate,East,Clothing,Woolen Sweater,1,0.2,1519.51,345.74,Express,22.75,2025-07,2025
ORD-02477,2024-11-26,CUST-0368,Consumer,North,Office Supplies,Desk Organizer,1,0.0,180.74,23.09,Standard,12.78,2024-11,2024
ORD-02223,2025-12-28,CUST-0344,Consumer,South,Office Supplies,Ballpoint Pen Box,1,0.0,80.32,27.29,Standard,33.98,2025-12,2025
ORD-02842,2024-08-19,CUST-1193,Corporate,North,Office Supplies,A4 Paper Ream,1,0.1,373.0,20.94,Standard,5.61,2024-08,2024
ORD-01187,2025-07-19,CUST-0681,Corporate,South,Office Supplies,Stapler,1,0.0,252.46,54.35,Standard,21.53,2025-07,2025
ORD-02485,2025-06-09,CUST-1169,Consumer,East,Furniture,Recliner Sofa,1,0.0,6837.7,654.65,Standard,9.57,2025-06,2025
ORD-01006,2025-07-22,CUST-0584,Consumer,South,Furniture,Wall Shelf,1,0.0,8917.06,1764.81,Standard,19.79,2025-07,2025
ORD-01243,2025-10-02,CUST-0066,Corporate,West,Clothing,Cotton T-Shirt,1,0.05,1154.04,186.52,Standard,16.16,2025-10,2025
ORD-02695,2025-01-02,CUST-0736,Consumer,East,Office Supplies,Sticky Notes Pack,1,0.05,232.97,34.11,Standard,14.64,2025-01,2025
ORD-02625,2024-05-03,CUST-1177,Corporate,North,Office Supplies,Desk Organizer,1,0.0,180.74,23.09,Standard,12.78,2024-05,2024
ORD-02896,2025-02-26,CUST-1095,Home Office,East,Furniture,Office Chair,1,0.15,10787.32,2801.58,Express,25.97,2025-02,2025
ORD-01857,2025-01-21,CUST-0096,Corporate,South,Clothing,Cotton T-Shirt,2,0.1,2186.6,133.9,Standard,6.12,2025-01,2025
ORD-02140,2025-06-21,CUST-1137,Home Office,South,Furniture,Office Chair,1,0.0,12690.96,3867.06,Standard,30.47,2025-06,2025
ORD-02372,2025-03-19,CUST-0667,Corporate,East,Electronics,Power Bank 10000mAh,1,0.2,1298.52,260.81,Express,20.09,2025-03,2025
ORD-02735,2024-01-18,CUST-0708,Consumer,North,Clothing,Rain Jacket,2,0.05,2404.66,170.33,Standard,7.08,2024-01,2024
ORD-03009,2025-05-04,CUST-0935,Corporate,East,Clothing,Hoodie,1,0.0,1557.8,323.78,Express,20.78,2025-05,2025
ORD-01545,2025-07-19,CUST-0278,Consumer,East,Office Supplies,Printer Ink Cartridge,2,0.0,741.9,185.01,Standard,24.94,2025-07,2025
ORD-01371,2025-03-02,CUST-0806,Consumer,West,Clothing,Rain Jacket,1,0.0,1265.61,108.63,Standard,8.58,2025-03,2025
ORD-01817,2025-08-09,CUST-1163,Home Office,South,Furniture,Recliner Sofa,4,0.0,27350.8,2618.61,Standard,9.57,2025-08,2025
ORD-01007,2025-07-13,CUST-0705,Consumer,East,Electronics,Webcam HD,1,0.0,4621.72,955.68,Express,20.68,2025-07,2025
ORD-02671,2024-04-17,CUST-0846,Home Office,South,Office Supplies,File Folder Pack,1,0.0,165.23,53.49,Same Day,32.37,2024-04,2024
ORD-02052,2025-08-31,CUST-0736,Corporate,East,Office Supplies,A4 Paper Ream,1,0.05,393.73,28.01,Standard,7.11,2025-08,2025
ORD-02393,2025-08-23,CUST-0981,Home Office,East,Clothing,Cotton T-Shirt,1,0.05,1154.04,87.98,Standard,7.62,2025-08,2025
ORD-01515,2025-09-19,CUST-0869,Consumer,East,Electronics,Noise Cancelling Headphones,2,0.15,7979.24,1956.22,Express,24.52,2025-09,2025
ORD-01487,2024-11-27,CUST-0328,Consumer,West,Clothing,Running Shoes,1,0.0,1063.11,254.67,Express,23.96,2024-11,2024
ORD-01308,2025-01-14,CUST-0548,Consumer,North,Electronics,Smartwatch,2,0.15,2806.78,615.87,Standard,21.94,2025-01,2025
ORD-02029,2024-12-07,CUST-0487,Home Office,North,Furniture,Study Table,1,0.0,6547.2,770.82,Express,11.77,2024-12,2024
ORD-02444,2025-07-08,CUST-0214,Consumer,East,Office Supplies,Whiteboard Marker Set,3,0.0,486.9,141.33,Same Day,29.03,2025-07,2025
ORD-01223,2025-04-12,CUST-0433,Consumer,East,Furniture,Study Table,1,0.0,6547.2,770.82,Standard,11.77,2025-04,2025
ORD-02408,2024-04-07,CUST-0980,Consumer,North,Furniture,Study Table,2,0.0,13094.4,1541.65,Express,11.77,2024-04,2024
ORD-02775,2025-10-13,CUST-1107,Home Office,North,Electronics,Wireless Mouse,1,0.0,4779.36,503.88,Same Day,10.54,2025-10,2025
ORD-01884,2024-06-01,CUST-1256,Consumer,North,Furniture,Bed Side Table,1,0.05,4989.01,1380.22,Standard,27.67,2024-06,2024
ORD-01893,2025-01-02,CUST-1066,Consumer,West,Clothing,Sports Cap,4,0.0,6075.52,664.15,Standard,10.93,2025-01,2025
ORD-02197,2024-07-10,CUST-0101,Corporate,North,Furniture,Bed Side Table,1,0.05,4989.01,1380.22,Standard,27.67,2024-07,2024
ORD-02126,2025-01-03,CUST-1381,Consumer,North,Office Supplies,A4 Paper Ream,1,0.0,414.45,35.7,Standard,8.61,2025-01,2025
ORD-01559,2025-06-03,CUST-1300,Corporate,East,Clothing,Rain Jacket,1,0.0,1265.61,108.63,Express,8.58,2025-06,2025
ORD-02677,2024-06-11,CUST-1276,Corporate,South,Clothing,Rain Jacket,1,0.1,1139.05,63.6,Express,5.58,2024-06,2024
ORD-02194,2025-03-14,CUST-1059,Consumer,West,Clothing,Cotton T-Shirt,1,0.0,1214.78,110.83,Standard,9.12,2025-03,2025
ORD-02714,2024-11-16,CUST-1286,Home Office,North,Office Supplies,Printer Ink Cartridge,1,0.2,296.76,56.2,Standard,18.94,2024-11,2024
ORD-01976,2025-06-04,CUST-1295,Consumer,West,Electronics,Webcam HD,1,0.0,4621.72,955.68,Standard,20.68,2025-06,2025
ORD-01175,2024-02-12,CUST-1353,Consumer,South,Electronics,Power Bank 10000mAh,2,0.0,3246.3,846.8,Standard,26.09,2024-02,2024
ORD-02765,2025-07-15,CUST-1028,Consumer,East,Furniture,Filing Cabinet,1,0.0,7701.13,1935.86,Express,25.14,2025-07,2025
ORD-03030,2025-02-02,CUST-0104,Consumer,North,Electronics,Noise Cancelling Headphones,2,0.0,9387.34,2723.86,Standard,29.02,2025-02,2025
ORD-03044,2024-12-07,CUST-1213,Consumer,West,Electronics,Smartwatch,1,0.15,1403.39,307.94,Standard,21.94,2024-12,2024
ORD-02439,2025-07-15,CUST-0239,Consumer,South,Office Supplies,Desk Organizer,1,0.0,180.74,23.09,Express,12.78,2025-07,2025
ORD-02299,2024-01-08,CUST-0046,Consumer,South,Office Supplies,Ballpoint Pen Box,2,0.05,152.61,49.55,Express,32.47,2024-01,2024
ORD-02327,2025-12-19,CUST-0150,Corporate,North,Office Supplies,Desk Organizer,3,0.0,542.22,69.26,Standard,12.77,2025-12,2025
ORD-01856,2024-10-02,CUST-0453,Consumer,South,Clothing,Denim Jeans,2,0.0,1054.98,251.79,Standard,23.87,2024-10,2024
ORD-01015,2025-12-23,CUST-0063,Consumer,West,Clothing,Running Shoes,2,0.0,2126.22,509.33,Standard,23.95,2025-12,2025
ORD-01190,2024-06-08,CUST-0489,Consumer,South,Office Supplies,Stapler,2,0.15,429.18,73.08,Express,17.03,2024-06,2024
ORD-01336,2024-10-26,CUST-0616,Consumer,South,Electronics,Power Bank 10000mAh,1,0.0,1623.15,423.4,Express,26.09,2024-10,2024
ORD-02865,2025-11-04,CUST-0650,Consumer,East,Electronics,Bluetooth Speaker,1,0.0,5868.36,1183.09,Standard,20.16,2025-11,2025
ORD-02109,2024-11-10,CUST-0168,Consumer,South,Electronics,USB-C Charger,1,0.0,2602.31,519.74,Standard,19.97,2024-11,2024
ORD-01546,2025-02-04,CUST-0454,Consumer,East,Clothing,Rain Jacket,1,0.05,1202.33,85.17,Same Day,7.08,2025-02,2025
ORD-02599,2024-12-15,CUST-0512,Home Office,East,Clothing,Formal Shirt,3,0.0,6066.06,620.78,Standard,10.23,2024-12,2024
ORD-02230,2024-05-23,CUST-0305,Consumer,South,Office Supplies,Whiteboard Marker Set,1,0.0,162.3,47.11,Standard,29.03,2024-05,2024
ORD-02540,2025-11-22,CUST-1178,Home Office,East,Clothing,Woolen Sweater,1,0.0,1899.39,546.14,Standard,28.75,2025-11,2025
ORD-01260,2025-02-05,CUST-0069,Home Office,North,Electronics,USB-C Charger,1,0.0,2602.31,519.74,Standard,19.97,2025-02,2025
ORD-02123,2025-11-05,CUST-1358,Corporate,North,Office Supplies,Ballpoint Pen Box,1,0.2,64.26,17.97,Standard,27.96,2025-11,2025
ORD-03007,2024-12-14,CUST-0594,Consumer,East,Electronics,Bluetooth Speaker,1,0.2,4694.69,664.79,Same Day,14.16,2024-12,2024
ORD-02985,2025-03-30,CUST-0030,Consumer,South,Electronics,Bluetooth Speaker,1,0.0,5868.36,1183.09,Standard,20.16,2025-03,2025
ORD-01658,2025-05-26,CUST-0353,Corporate,East,Clothing,Woolen Sweater,2,0.0,3798.78,1092.28,Standard,28.75,2025-05,2025
ORD-01435,2025-05-09,CUST-0682,Consumer,North,Office Supplies,Stapler,4,0.05,959.35,192.14,Express,20.03,2025-05,2025
ORD-01802,2024-06-11,CUST-0122,Corporate,East,Clothing,Hoodie,1,0.0,1557.8,323.78,Same Day,20.78,2024-06,2024
ORD-01022,2025-12-01,CUST-0538,Consumer,North,Furniture,Bookshelf,1,0.05,1236.52,315.8,Express,25.54,2025-12,2025
ORD-01769,2025-09-01,CUST-0042,Consumer,North,Clothing,Sports Cap,2,0.0,3037.76,332.07,Express,10.93,2025-09,2025
ORD-02596,2025-02-21,CUST-0142,Corporate,South,Office Supplies,Desk Organizer,2,0.0,361.48,46.17,Same Day,12.77,2025-02,2025
ORD-02296,2025-12-22,CUST-0028,Corporate,South,Electronics,Wireless Mouse,2,0.0,9558.72,1007.76,Standard,10.54,2025-12,2025
ORD-02534,2025-12-18,CUST-1286,Consumer,North,Office Supplies,Stapler,1,0.05,239.84,48.04,Standard,20.03,2025-12,2025
ORD-02691,2025-05-31,CUST-0705,Consumer,South,Office Supplies,Printer Ink Cartridge,1,0.0,370.95,92.51,Standard,24.94,2025-05,2025
ORD-01250,2024-10-02,CUST-1128,Consumer,East,Office Supplies,Ballpoint Pen Box,1,0.0,80.32,27.29,Standard,33.98,2024-10,2024
ORD-02969,2024-12-19,CUST-1035,Consumer,West,Office Supplies,Sticky Notes Pack,1,0.0,245.23,39.58,Standard,16.14,2024-12,2024
ORD-01258,2024-09-27,CUST-0120,Consumer,West,Office Supplies,Whiteboard Marker Set,1,0.0,162.3,47.11,Standard,29.03,2024-09,2024
ORD-02128,2024-12-12,CUST-0679,Home Office,West,Office Supplies,Desk Organizer,1,0.0,180.74,23.09,Express,12.78,2024-12,2024
ORD-01063,2025-02-28,CUST-0244,Consumer,South,Office Supplies,Desk Organizer,1,0.1,162.67,15.9,Standard,9.77,2025-02,2025
ORD-02051,2024-06-01,CUST-0865,Consumer,West,Electronics,Laptop Stand,1,0.0,1827.09,388.23,Standard,21.25,2024-06,2024
ORD-01352,2024-01-23,CUST-0055,Corporate,East,Electronics,Webcam HD,1,0.0,4621.72,955.68,Express,20.68,2024-01,2024
ORD-02035,2024-09-19,CUST-1193,Corporate,West,Clothing,Rain Jacket,2,0.0,2531.22,217.27,Express,8.58,2024-09,2024
ORD-02991,2024-12-08,CUST-1043,Consumer,North,Clothing,Hoodie,2,0.0,3115.6,647.55,Standard,20.78,2024-12,2024
ORD-02074,2024-11-27,CUST-0174,Consumer,South,Clothing,Hoodie,2,0.2,2492.48,368.49,Standard,14.78,2024-11,2024
ORD-02797,2024-09-08,CUST-1254,Consumer,South,Electronics,Laptop Stand,1,0.0,1827.09,457.78,Standard,25.06,2024-09,2024
ORD-02826,2024-12-07,CUST-1189,Consumer,North,Furniture,Bed Side Table,2,0.0,10503.18,3063.28,Same Day,29.17,2024-12,2024
ORD-01492,2024-12-04,CUST-0069,Consumer,South,Electronics,Wireless Mouse,1,0.1,4301.42,324.45,Same Day,7.54,2024-12,2024
ORD-01395,2025-07-16,CUST-0863,Corporate,North,Furniture,Wall Shelf,1,0.0,8917.06,1764.81,Express,19.79,2025-07,2025
ORD-01401,2024-06-07,CUST-0162,Consumer,East,Electronics,Laptop Stand,1,0.1,1644.38,362.67,Standard,22.06,2024-06,2024
ORD-02285,2024-03-16,CUST-0396,Corporate,North,Office Supplies,Sticky Notes Pack,1,0.0,245.23,39.58,Standard,16.14,2024-03,2024
ORD-01185,2024-10-26,CUST-0150,Corporate,North,Electronics,USB-C Charger,2,0.0,5204.62,1039.48,Same Day,19.97,2024-10,2024
ORD-01814,2025-01-12,CUST-0646,Consumer,South,Furniture,Bed Side Table,2,0.1,9452.86,2473.36,Standard,26.17,2025-01,2025
ORD-01637,2025-11-30,CUST-0642,Consumer,West,Office Supplies,Whiteboard Marker Set,2,0.0,324.6,94.22,Standard,29.03,2025-11,2025
ORD-02248,2025-04-11,CUST-0680,Consumer,South,Electronics,Webcam HD,1,0.0,4621.72,955.68,Same Day,20.68,2025-04,2025
ORD-01331,2025-03-03,CUST-1034,Consumer,South,Electronics,Bluetooth Speaker,2,0.0,11736.72,2366.17,Standard,20.16,2025-03,2025
ORD-01504,2025-08-28,CUST-0075,Consumer,North,Furniture,Bed Side Table,1,0.2,4201.27,973.23,Standard,23.17,2025-08,2025
ORD-02265,2025-11-23,CUST-0020,Consumer,West,Office Supplies,Stapler,2,0.05,479.67,96.07,Standard,20.03,2025-11,2025
ORD-02052,2025-08-31,CUST-0736,Corporate,East,Furniture,Recliner Sofa,2,0.1,12307.86,809.14,Standard,6.57,2025-08,2025
ORD-01584,2025-10-26,CUST-0882,Consumer,West,Electronics,Webcam HD,1,0.15,3928.46,635.55,Standard,16.18,2025-10,2025
ORD-01247,2024-02-29,CUST-1154,Consumer,North,Electronics,Bluetooth Speaker,1,0.0,5868.36,1183.09,Standard,20.16,2024-02,2024
ORD-01898,2025-07-03,CUST-0764,Consumer,South,Office Supplies,Sticky Notes Pack,1,0.0,245.23,39.58,Express,16.14,2025-07,2025
ORD-02653,2025-06-02,CUST-0483,Consumer,North,Office Supplies,File Folder Pack,4,0.05,627.87,193.83,Standard,30.87,2025-06,2025
ORD-01122,2024-04-25,CUST-0461,Consumer,North,Office Supplies,Printer Ink Cartridge,1,0.0,370.95,92.51,Standard,24.94,2024-04,2024
ORD-02040,2025-04-03,CUST-0176,Consumer,East,Office Supplies,Ballpoint Pen Box,4,0.0,321.28,109.14,Standard,33.97,2025-04,2025
ORD-01600,2024-01-20,CUST-0573,Corporate,North,Electronics,USB-C Charger,3,0.0,7806.93,1559.21,Express,19.97,2024-01,2024
ORD-02870,2024-10-17,CUST-1018,Consumer,West,Electronics,Laptop Stand,1,0.0,1827.09,457.78,Standard,25.06,2024-10,2024
ORD-02085,2024-02-23,CUST-0561,Consumer,East,Electronics,Noise Cancelling Headphones,1,0.0,4693.67,1361.93,Standard,29.02,2024-02,2024
ORD-01513,2025-12-21,CUST-0801,Consumer,South,Electronics,Smartwatch,1,0.0,1651.05,436.58,Standard,26.44,2025-12,2025
ORD-02044,2024-09-06,CUST-0627,Consumer,South,Clothing,Rain Jacket,1,0.0,1265.61,108.63,Standard,8.58,2024-09,2024
ORD-02674,2025-08-13,CUST-0639,Consumer,West,Office Supplies,Ballpoint Pen Box,1,0.0,80.32,27.29,Standard,33.98,2025-08,2025
ORD-02060,2024-01-03,CUST-0370,Corporate,East,Electronics,Noise Cancelling Headphones,3,0.1,12672.91,3297.03,Same Day,26.02,2024-01,2024
ORD-01867,2024-08-07,CUST-0416,Home Office,North,Furniture,Wall Shelf,1,0.2,7133.65,983.83,Standard,13.79,2024-08,2024
ORD-02476,2024-03-09,CUST-1288,Consumer,North,Office Supplies,Ballpoint Pen Box,1,0.0,80.32,27.29,Standard,33.98,2024-03,2024
ORD-02633,2025-07-18,CUST-0550,Consumer,North,Electronics,Bluetooth Speaker,1,0.0,5868.36,1183.09,Standard,20.16,2025-07,2025
ORD-02679,2024-10-23,CUST-1139,Consumer,West,Office Supplies,File Folder Pack,1,0.0,165.23,53.49,Express,32.37,2024-10,2024
ORD-02249,2025-10-23,CUST-0474,Consumer,North,Office Supplies,Ballpoint Pen Box,1,0.0,80.32,27.29,Standard,33.98,2025-10,2025
ORD-01762,2024-03-22,CUST-0970,Consumer,East,Office Supplies,Whiteboard Marker Set,1,0.0,162.3,47.11,Standard,29.03,2024-03,2024
ORD-01519,2024-09-18,CUST-0274,Consumer,East,Electronics,Noise Cancelling Headphones,2,0.0,9387.34,2723.86,Standard,29.02,2024-09,2024
ORD-01853,2025-04-09,CUST-1229,Corporate,West,Office Supplies,Whiteboard Marker Set,1,0.0,162.3,47.11,Standard,29.03,2025-04,2025
ORD-01150,2024-10-13,CUST-0041,Consumer,North,Office Supplies,A4 Paper Ream,1,0.0,414.45,35.7,Standard,8.61,2024-10,2024
ORD-01920,2025-05-05,CUST-1102,Consumer,North,Furniture,Study Table,1,0.0,6547.2,770.82,Standard,11.77,2025-05,2025
ORD-01255,2024-07-22,CUST-0120,Consumer,East,Office Supplies,Whiteboard Marker Set,1,0.0,162.3,47.11,Express,29.03,2024-07,2024
ORD-02833,2024-07-08,CUST-0842,Consumer,North,Electronics,Laptop Stand,1,0.0,1827.09,457.78,Express,25.06,2024-07,2024
ORD-01248,2025-12-20,CUST-1273,Corporate,North,Electronics,Laptop Stand,1,0.0,1827.09,457.78,Standard,25.06,2025-12,2025
ORD-01763,2024-01-27,CUST-1085,Home Office,North,Clothing,Formal Shirt,2,0.0,4044.04,413.86,Express,10.23,2024-01,2024
ORD-01088,2025-04-02,CUST-1263,Corporate,West,Office Supplies,Whiteboard Marker Set,1,0.0,162.3,47.11,Standard,29.03,2025-04,2025
ORD-01349,2025-12-02,CUST-0119,Home Office,South,Electronics,Wireless Mouse,1,0.0,4779.36,503.88,Express,10.54,2025-12,2025
ORD-01877,2024-01-01,CUST-0836,Corporate,South,Clothing,Cotton T-Shirt,2,0.1,2186.6,133.9,Standard,6.12,2024-01,2024
ORD-02022,2024-12-01,CUST-0086,Corporate,North,Office Supplies,Printer Ink Cartridge,3,0.2,890.28,168.6,Standard,18.94,2024-12,2024
ORD-01384,2025-06-12,CUST-0506,Consumer,North,Furniture,Wall Shelf,1,0.0,17834.12,3529.62,Express,19.79,2025-06,2025
ORD-02275,2025-02-05,CUST-1312,Consumer,East,Clothing,Denim Jeans,1,0.0,527.49,125.89,Express,23.87,2025-02,2025
ORD-02667,2025-09-18,CUST-0225,Corporate,West,Office Supplies,Desk Organizer,1,0.05,171.7,19.36,Standard,11.28,2025-09,2025
ORD-02813,2025-01-11,CUST-0833,Consumer,South,Clothing,Woolen Sweater,1,0.0,1899.39,546.14,Express,28.75,2025-01,2025
ORD-01722,2024-06-24,CUST-0485,Corporate,North,Office Supplies,Sticky Notes Pack,1,0.0,245.23,39.58,Standard,16.14,2024-06,2024
ORD-01725,2024-04-26,CUST-0618,Corporate,North,Clothing,Cotton T-Shirt,1,0.05,1154.04,87.98,Standard,7.62,2024-04,2024
ORD-01438,2024-10-28,CUST-0266,Consumer,East,Clothing,Running Shoes,2,0.0,2126.22,509.33,Standard,23.95,2024-10,2024
ORD-02115,2024-09-16,CUST-1139,Corporate,West,Electronics,Power Bank 10000mAh,1,0.0,1623.15,423.4,Express,26.09,2024-09,2024
ORD-02159,2025-10-03,CUST-0991,Consumer,South,Office Supplies,Desk Organizer,1,0.0,180.74,23.09,Standard,12.78,2025-10,2025
ORD-02479,2024-07-08,CUST-0872,Consumer,West,Electronics,Noise Cancelling Headphones,1,0.0,4693.67,1361.93,Same Day,29.02,2024-07,2024
ORD-02866,2024-03-15,CUST-0894,Consumer,North,Clothing,Woolen Sweater,1,0.0,1899.39,546.14,Standard,28.75,2024-03,2024
ORD-02993,2025-06-12,CUST-0371,Home Office,West,Electronics,Smartwatch,1,0.2,1320.84,270.01,Standard,20.44,2025-06,2025
ORD-02390,2024-08-02,CUST-1347,Corporate,East,Clothing,Hoodie,1,0.0,1557.8,251.78,Express,16.16,2024-08,2024
ORD-02836,2025-12-04,CUST-1125,Consumer,North,Clothing,Formal Shirt,1,0.0,2022.02,206.93,Standard,10.23,2025-12,2025
ORD-02515,2025-02-16,CUST-1283,Consumer,East,Office Supplies,File Folder Pack,1,0.0,165.23,53.49,Express,32.37,2025-02,2025
ORD-02530,2024-11-19,CUST-0080,Corporate,West,Office Supplies,Whiteboard Marker Set,1,0.0,162.3,47.11,Express,29.03,2024-11,2024
ORD-02080,2024-11-29,CUST-1261,Corporate,West,Electronics,Power Bank 10000mAh,3,0.0,4869.45,1270.19,Standard,26.08,2024-11,2024
ORD-01279,2025-06-30,CUST-0608,Consumer,North,Furniture,Bed Side Table,1,0.0,5251.59,1531.64,Standard,29.17,2025-06,2025
ORD-01886,2024-07-20,CUST-0742,Corporate,North,Electronics,Noise Cancelling Headphones,1,0.0,4693.67,1361.93,Standard,29.02,2024-07,2024
ORD-02105,2025-10-06,CUST-0251,Home Office,South,Office Supplies,Stapler,1,0.0,252.46,54.35,Standard,21.53,2025-10,2025
ORD-03023,2024-04-15,CUST-1212,Consumer,East,Electronics,Bluetooth Speaker,1,0.0,5868.36,1183.09,Same Day,20.16,2024-04,2024
ORD-02115,2024-09-16,CUST-1139,Corporate,West,Furniture,Bean Bag,1,0.0,7533.04,835.59,Express,11.09,2024-09,2024
ORD-01700,2025-12-16,CUST-0828,Consumer,East,Electronics,Webcam HD,1,0.0,4621.72,955.68,Standard,20.68,2025-12,2025
ORD-01137,2024-12-08,CUST-0147,Consumer,East,Electronics,Power Bank 10000mAh,2,0.15,2759.36,595.61,Express,21.59,2024-12,2024
ORD-01359,2024-02-25,CUST-0585,Corporate,East,Office Supplies,Whiteboard Marker Set,1,0.0,162.3,47.11,Standard,29.03,2024-02,2024
ORD-01515,2025-09-19,CUST-0869,Consumer,East,Electronics,USB-C Charger,1,0.0,2602.31,519.74,Express,19.97,2025-09,2025
ORD-01197,2025-10-01,CUST-0272,Corporate,South,Electronics,Webcam HD,1,0.0,4621.72,955.68,Standard,20.68,2025-10,2025
ORD-02305,2024-09-28,CUST-0081,Home Office,North,Office Supplies,Desk Organizer,1,0.05,171.7,19.36,Standard,11.28,2024-09,2024
ORD-02612,2024-12-19,CUST-1199,Corporate,West,Clothing,Hoodie,3,0.15,3972.39,646.87,Standard,16.28,2024-12,2024
ORD-02285,2024-03-16,CUST-0396,Corporate,North,Electronics,Noise Cancelling Headphones,3,0.0,14081.01,4085.8,Standard,29.02,2024-03,2024
ORD-01822,2024-05-08,CUST-0115,Consumer,South,Furniture,Wall Shelf,1,0.05,8471.21,1549.5,Standard,18.29,2024-05,2024
ORD-01433,2025-07-27,CUST-1262,Corporate,West,Electronics,USB-C Charger,1,0.0,2602.31,519.74,Standard,19.97,2025-07,2025
ORD-03011,2024-01-05,CUST-1090,Corporate,East,Electronics,Noise Cancelling Headphones,1,0.0,4693.67,1361.93,Standard,29.02,2024-01,2024
ORD-02682,2024-07-16,CUST-0201,Corporate,East,Office Supplies,Ballpoint Pen Box,1,0.0,80.32,27.29,Standard,33.98,2024-07,2024
ORD-02151,2024-10-21,CUST-0154,Consumer,South,Electronics,Bluetooth Speaker,2,0.0,11736.72,2366.17,Standard,20.16,2024-10,2024
ORD-01422,2024-04-02,CUST-0846,Consumer,North,Clothing,Sports Cap,3,0.15,3873.14,249.1,Standard,6.43,2024-04,2024
ORD-02356,2024-07-10,CUST-1171,Corporate,North,Clothing,Denim Jeans,2,0.0,1054.98,251.79,Express,23.87,2024-07,2024
ORD-01754,2024-08-30,CUST-0151,Consumer,West,Clothing,Woolen Sweater,1,0.0,1899.39,546.14,Standard,28.75,2024-08,2024
ORD-02801,2025-11-04,CUST-0579,Consumer,South,Clothing,Rain Jacket,1,0.0,1265.61,108.63,Same Day,8.58,2025-11,2025
ORD-02783,2025-04-22,CUST-1364,Consumer,West,Office Supplies,Printer Ink Cartridge,1,0.0,370.95,92.51,Standard,24.94,2025-04,2025
ORD-01726,2025-04-17,CUST-0013,Consumer,West,Clothing,Denim Jeans,2,0.2,843.98,150.79,Standard,17.87,2025-04,2025
ORD-02267,2025-08-19,CUST-1009,Corporate,North,Office Supplies,A4 Paper Ream,1,0.2,331.56,8.66,Express,2.61,2025-08,2025
ORD-01850,2024-09-30,CUST-0106,Home Office,South,Furniture,Filing Cabinet,2,0.0,15402.26,3871.73,Standard,25.14,2024-09,2024
ORD-02461,2025-11-02,CUST-1001,Corporate,South,Furniture,Bean Bag,1,0.0,7533.04,835.59,Standard,11.09,2025-11,2025
ORD-02355,2025-12-30,CUST-0054,Consumer,West,Clothing,Rain Jacket,1,0.0,1265.61,108.63,Standard,8.58,2025-12,2025
ORD-02529,2025-05-09,CUST-0048,Consumer,West,Clothing,Woolen Sweater,2,0.0,3798.78,1092.28,Standard,28.75,2025-05,2025
ORD-01401,2024-06-07,CUST-0162,Consumer,East,Furniture,Bean Bag,4,0.1,27118.94,2194.55,Standard,8.09,2024-06,2024
ORD-01489,2025-03-21,CUST-1163,Consumer,North,Electronics,Laptop Stand,1,0.0,1827.09,457.78,Standard,25.06,2025-03,2025
ORD-01834,2025-04-29,CUST-0463,Home Office,North,Office Supplies,Stapler,1,0.1,227.21,42.1,Express,18.53,2025-04,2025
ORD-02649,2024-11-15,CUST-0399,Corporate,West,Office Supplies,Desk Organizer,1,0.0,180.74,23.09,Express,12.78,2024-11,2024
ORD-01842,2025-08-16,CUST-0797,Corporate,North,Electronics,Bluetooth Speaker,1,0.0,5868.36,1183.09,Standard,20.16,2025-08,2025
